title,url,date,views,board,company,source_type,source_platform,search_keyword,content,collected_at
너흰 영어 처음부터 잘했어?,https://www.instiz.net/search?keyword=링글,2022-01-28,1862,해외거주,ringle,community,instiz,링글,,2026-01-18T10:39:40.391181
외국인 튜터가 말해주는 영어실력 얼추 비슷할까?,https://www.instiz.net/search?keyword=링글,2022-10-11,17,일상,ringle,community,instiz,링글,,2026-01-18T10:39:40.391181
링글 같은 화상 영어?? 해본 사람 있어??,https://www.instiz.net/search?keyword=링글,2022-11-27,370,일상,ringle,community,instiz,링글,,2026-01-18T10:39:40.391181
링글 화상영어 나만 부담스러워..?,https://www.instiz.net/search?keyword=링글,2025-01-04,96,일상,ringle,community,instiz,링글,,2026-01-18T10:39:40.391181
나 영어 일상어만 가능한대 링글 해도(전화영어)해도 괜찮을까..?,https://www.instiz.net/search?keyword=링글,2025-02-26,198,일상,ringle,community,instiz,링글,,2026-01-18T10:39:40.391181
영어회화 과외를 받을까,https://www.instiz.net/search?keyword=링글,2025-03-05,135,일상,ringle,community,instiz,링글,,2026-01-18T10:39:40.391181
링글 영어 화상 전화 할지말지 너무 고민돼....,https://www.instiz.net/search?keyword=링글,2025-03-17,65,일상,ringle,community,instiz,링글,,2026-01-18T10:39:40.391181
"내 비밀 (링글, 듀오링고 등 영어앱)",https://www.instiz.net/search?keyword=링글,2025-03-20,75,일상,ringle,community,instiz,링글,,2026-01-18T10:39:40.391181
나 비밀인데 (듀오링고 스픽 링글),https://www.instiz.net/search?keyword=링글,2025-04-02,181,일상,ringle,community,instiz,링글,,2026-01-18T10:39:40.391181
링글 화상영어 해야하는데... 잠옷 오반가,https://www.instiz.net/search?keyword=링글,2025-04-30,15,일상,ringle,community,instiz,링글,,2026-01-18T10:39:40.391181
링글 영어 해보신분,https://www.instiz.net/search?keyword=링글,2022-07-29,44,일상,ringle,community,instiz,링글,,2026-01-18T10:39:40.391181
오픽 모의고사 할 수 있는 어플 추천점 해쥬라,https://www.instiz.net/search?keyword=링글,2024-07-14,63,일상,ringle,community,instiz,링글,,2026-01-18T10:39:40.391181
영어 화상 회화 추천해줄 수 있어??,https://www.instiz.net/search?keyword=링글,2024-07-04,33,일상,ringle,community,instiz,링글,,2026-01-18T10:39:40.391181
영어 회화 화상통화 수업 해보려고 하는데 추천좀..,https://www.instiz.net/search?keyword=링글,2024-06-24,257,일상,ringle,community,instiz,링글,,2026-01-18T10:39:40.391181
