platform,text,rating,date,author,url
Google Play,1대1 튜터링 매우 만족스럽게 쓰고 있습니다. 다만 교재 사전질문 선택시 다른 질문들 터치가 거의 되지 않는 점이 불편합니다. 다른 리뷰에서도 이런 내용을 봤는데 빠른 수정 부탁드립니다!!,4,2026-01-15,백만볼트,https://play.google.com/store/apps/details?id=com.ringle&reviewId=2f7ccfed-73c1-4a95-82a0-b52fdea6761e
Google Play,갑자기 AI튜터 관련 메뉴들이 터치가 1도 안먹네요. 수업진행을 할수가없는데 기간은 가고;; 답답하네요,1,2025-12-28,파도하,https://play.google.com/store/apps/details?id=com.ringle&reviewId=d9056b89-5a74-49b9-a80c-18979ae5fef5
Google Play,1. 앱 업데이트후 AI 듣기에서 찜하기가 없어졌습니다 2. 안드로이드는 AI 듣기 인터페이스와 안드로이드의 물리키 인터페이스가 겹쳐 선택하기가 어려워졌습니다 3. 반복기능도 안됩니다. 백그라운드에서 반복 설정해두면 계속 플레이되었는데 안되네요. 또한 다른 앱을 사용하다가 다시 돌아오면 끊기고 article을 다시 골라야합니다. 근데 찜하기가 안되어있으니 어디있던 article 인지 알기가 어렵네요 충분히 테스트 후 업데이트 사항은 적용부탁드립니다.....,3,2025-12-27,SHI,https://play.google.com/store/apps/details?id=com.ringle&reviewId=10b13900-4e7a-480c-a788-f833b8b0a2c1
Google Play,오류나서 회원가입도 못하고 로그인도 못하고 있어요,1,2025-12-26,김나연,https://play.google.com/store/apps/details?id=com.ringle&reviewId=24e1b229-4dcf-4c89-97c2-fceb85298771
Google Play,링글 공동창업자 이승훈 씨?? 여기서 자꾸 메일이 와요 미춰버리겠네.. 이메일좀 그만좀 보내세요. 하고싶다가도 자꾸 이메일 보내서 지워버렸어요. 진짜싫어요.,1,2025-12-17,Chris Y,https://play.google.com/store/apps/details?id=com.ringle&reviewId=93b35570-c644-40fa-b5a0-96d081887c58
Google Play,오류가 너무 많아요,1,2025-12-05,챱챱,https://play.google.com/store/apps/details?id=com.ringle&reviewId=179a6c23-804b-4446-a648-7bf1ad02ca7d
Google Play,"다른건 다 좋은데, 수업준비에서 질문들 선택하는 화면의 좌우 스크롤 및 터치가 매우 심각하게 안 먹어서 사용하기가 너무 불편합니다. 최소 별점 3개는 까먹을 정도로 불편해요. 개선된 부분 확인되면 별점 수정 고려해보겠습니다",2,2025-12-03,H Nate,https://play.google.com/store/apps/details?id=com.ringle&reviewId=5f92cf28-4702-43e8-9dae-cb869fbcc6e5
Google Play,업뎃 후 아무것도 안됨. 수업 예약 화면도 안보임,1,2025-10-20,qqq “qqq qqq” qqq,https://play.google.com/store/apps/details?id=com.ringle&reviewId=93408b6f-6832-4323-81ed-3aced336c583
Google Play,"안드로이드 앱은 이어폰 연결하라던데, 스피커 기능은 안 되는 건가요? 화면도 보고싶은데 잘 안 되더라고요 줌, 링글 모두 최신 버전입니다.",4,2025-09-30,Seokjin Kim,https://play.google.com/store/apps/details?id=com.ringle&reviewId=6a584e7f-4be4-4657-b112-81f34ab944f4
Google Play,앱푸쉬가 와서 메시지 누르면 앱 접속이안되요.. 다시 어플 껐다켜서 처음부터 들어가야됨;;,1,2025-08-03,susan SK Oh,https://play.google.com/store/apps/details?id=com.ringle&reviewId=238b7b81-3e19-4e32-a638-4104f2e21bf7
Google Play,안녕하세요. 글로벌 현장 영어 어떻게 신청하는 건가요??? 빨리 써보고 싶습니다 ㅜㅜ,5,2025-07-05,JIMIN NAM,https://play.google.com/store/apps/details?id=com.ringle&reviewId=41ffaa9b-de52-4129-9669-ea22f4b1afe8
Google Play,튜터 스케줄 오픈 알림도 뜨고 튜터 페이지에서 예약하기 버튼이 활성화 되어있는데도 예약하기 버튼을 누르면 스케줄이 마감되었다고 계속 뜨네요,1,2025-06-20,hs Hwang,https://play.google.com/store/apps/details?id=com.ringle&reviewId=64109237-f09a-489e-a852-b1b563acb97c
Google Play,나쁘지 않네요.,5,2025-06-19,ej song,https://play.google.com/store/apps/details?id=com.ringle&reviewId=359b0de8-1b98-45f4-911a-e4bcbb539afa
Google Play,오후 6시 수업도 열어주세요...... ㅠ,5,2025-05-18,jiwoo kim,https://play.google.com/store/apps/details?id=com.ringle&reviewId=61e53764-baa3-49fd-95c4-1f3ca4812ee4
Google Play,최고의 퀄리티가 보장되는 영어 스피킹 앱인 것 같습니다.,5,2025-03-04,Ethan Ka,https://play.google.com/store/apps/details?id=com.ringle&reviewId=18f0e303-20fc-4bbd-aada-f6f952886fd2
Google Play,"링글의 컨텐츠에는 만족하며 2022년부터 계속 사용중입니다. 다만 휴대폰으로 접속했을 때 속도가 말할수 없이 느립니다. 그리고 최근 업데이트 이후에는 휴대폰으로 수업 접속 시 3~4분 동안은 화면은 나오는데 오디오가 연결이 안돼서, 한참동안 튜터와 뻘쭘하게 기다려야 합니다. 원래 리뷰 같은거 남기지 않는데, 전혀 개선이 없는것 같아서 남깁니다. 노트북으로 접속했을 때는 괜찮은데, 휴대폰 이용 편의성 좀 개선해주세요.",2,2024-11-05,J SON,https://play.google.com/store/apps/details?id=com.ringle&reviewId=0fe2ab9a-6dfd-45fc-8f1b-f7d64df5a9dc
Google Play,ai 튜터 롤플레잉이 안돼요,3,2024-10-31,김재건,https://play.google.com/store/apps/details?id=com.ringle&reviewId=ffca0171-51be-468b-b36f-f707a64b1f47
Google Play,며칠째 앱 설치가 안되서 수업을 못듣고 있어요..,1,2024-10-25,Jeongmin Kim,https://play.google.com/store/apps/details?id=com.ringle&reviewId=8df40f7e-a33a-4bc7-96ea-e63f214bfedc
Google Play,업데이트 이후 설치가 아예 안됩니다. 회사 지원으로 이번달 수업 완료해야하는데 아예 접속을 못하고 있어요,1,2024-10-22,민주채,https://play.google.com/store/apps/details?id=com.ringle&reviewId=5457f78f-fbef-4a9c-a523-8d83717e5a45
Google Play,어플이 너무너무너무너므너무너무너무커무너무무 구려요. 수업 준비해서 멘트 다 쓰면 계속 날려요. 답변 다 적었는데 수업 준비 완료 버튼도 안눌려요. 어플에서 수업 변경도 안되거 취소도 안되고. 오ㅑ 이렇게 어플로는 아무것도 못하게 만든건가요?? 어떤 이유가 있었겠지만 편의성이 필요한 저로서는 어플 사용이 간편한 다른 학습어플로 넘어갈 수 밖에 없는거 같아여,1,2024-10-22,Rachel Oh,https://play.google.com/store/apps/details?id=com.ringle&reviewId=ef02eb3c-a930-4b90-a5a8-949529919059
Google Play,bites학습 기능 어디갔나요? 업그레이드 했더니 안보여요. 없어진거면 꼭 다시 살려주세요. 데일리학습 같은거말고 수업 복습 기능 강화해주세요,4,2024-10-19,JS S,https://play.google.com/store/apps/details?id=com.ringle&reviewId=44ebfba8-f8e9-4452-9f18-bdad7e1e31a3
Google Play,업데이트 이후 설치가 안되고 있습니다.,1,2024-10-18,김정미,https://play.google.com/store/apps/details?id=com.ringle&reviewId=9d0f24e0-ad62-4063-8d2b-a0db67635c82
Google Play,잘 쓰고있습니다만 앱 안정성이 굉장히 떨어집니다. 교재 오디오 듣다가 종료돼서 다시 켜야하기 일쑤입니다. 개선 부탁드립니다. 하나 더 요청드리자면 교재 글씨크기를 조정할 수 있으면 좋겠습니다.,4,2024-10-14,Estella,https://play.google.com/store/apps/details?id=com.ringle&reviewId=36c2d446-5656-4bb1-9004-2fef90cfb48d
Google Play,앱이 와이파이 빵빵한데도 너무 느림. 최적화 안되는듯 그래도 피드백 바로바로 수용하는 자세도 좋고 원어민이나 시스템도 좋아서 만족.,4,2024-09-02,강예준,https://play.google.com/store/apps/details?id=com.ringle&reviewId=14754a5c-b38c-4bf4-89f7-659f77e2a148
Google Play,로딩만 한세월입니다. 한 페이지 넘어가는데 한 2분씩 걸려요 무슨일입니까 이게,1,2024-08-29,야채빙수,https://play.google.com/store/apps/details?id=com.ringle&reviewId=4c942051-8c20-4bb6-ac48-faa30dbb0ad0
Google Play,서비스는 너무 좋아요 몇년째 사용중입니다 하지만 앱은 너무 느리고 오류가 많아서 사용하기 힘들어요,3,2024-08-27,dasom jeong,https://play.google.com/store/apps/details?id=com.ringle&reviewId=9e8767ff-24b0-4b4b-ac4a-4e9ee4f13270
Google Play,"앱은 좋은데, 최적화가 필요합니다. 탭 클릭할 때 로딩이 너무 오래 걸립니다. 각 탭에서 데이터를 많이 불러오는지 미디어 보는 것도 아닌데 데이터 사용량도 많네요",3,2024-08-24,김삼영,https://play.google.com/store/apps/details?id=com.ringle&reviewId=4fe9aa80-08a0-4a9c-b520-32af55beb022
Google Play,정말 유용해요!,5,2024-08-10,류강걸,https://play.google.com/store/apps/details?id=com.ringle&reviewId=42d25f3d-9ad8-4ed1-9a66-92f8a160fa08
Google Play,링글 링글틴즈 모두 앱로딩속도가 너무 느립니다. 웹에선 느리지않은데 메인화면과 튜터선택화면은 포기하고 피시를 켜는경우가 대다수입니다,4,2024-08-05,KT Kim,https://play.google.com/store/apps/details?id=com.ringle&reviewId=90c0e5a6-0910-4d0f-bb9b-c4b8b882e6e6
Google Play,이젠 앱이 열리지도 않네요..,1,2024-07-28,Karen Yang,https://play.google.com/store/apps/details?id=com.ringle&reviewId=5b0ea851-0c97-4153-9da5-16cdad97f6a4
Google Play,아주 낮은 수준의 학습자라도 당황하거나 부끄러워하지 않거 참여하도록 격려하며 잘 리드해줍니다,5,2024-07-22,임희경,https://play.google.com/store/apps/details?id=com.ringle&reviewId=b4c7ea56-682c-43a7-93fb-b28ef4a126d1
Google Play,영어를 공부하기 좋은 플랫폼,5,2024-07-02,변재일,https://play.google.com/store/apps/details?id=com.ringle&reviewId=6a51a9c2-be6f-4bcd-a778-1cc48f9696f7
Google Play,앱이 너무 느려요!!!!!!!!!!,3,2024-06-25,Inés Park,https://play.google.com/store/apps/details?id=com.ringle&reviewId=9015983e-adc6-492b-9969-78321b93536b
Google Play,업데이트가 있다고해서 구글앱에 들어가면 업데이트 버튼이 없고 앱열기를 눌러도 업데이트 알림만 떠서 수업 준비를 못하고 있습니다.,3,2024-06-24,Gold피닉스,https://play.google.com/store/apps/details?id=com.ringle&reviewId=9870fae5-2489-4504-a1f4-ffafbc6f4d5f
Google Play,Ai스피킹이라고 사용권 줬는데 쓰려고하니까 계속 업데이트하라고 하네요. 사용 가능일 며칠 남지도 않았는데 다 날려먹게생겼는데요?,1,2024-05-16,시나브로Seenabro,https://play.google.com/store/apps/details?id=com.ringle&reviewId=88eb6df5-98d4-466c-a40e-337ae4c76099
Google Play,이제 다른데서 수업 못 들을 듯 😂,5,2024-05-08,Youjung Kim,https://play.google.com/store/apps/details?id=com.ringle&reviewId=d8cf178f-b342-470a-b53c-f280f461d398
Google Play,"교재도 충실히 업데이트 되고, 튜터 퀄리티도 좋아서 만족합니다. 그런데 교재에서 단어보기 할때 컨텐츠가 길면 위쪽이 안보여요. 수정 부탁드립니다",5,2024-04-30,Brad Kwon,https://play.google.com/store/apps/details?id=com.ringle&reviewId=0fcd6c57-b1b9-4810-997c-db9fe7d750f1
Google Play,그냥 클릭하면 접속 가능한데 카톡으로 리워드 확인하라고 해서 카톡을 통해 접속하면 인터넷 연결안되어 있다고 뜨면서 이용 불가합니다. 작동해야 확인을 하던 말던 하죠. 이벤트 푸시만 보내지 마시고 앱 연결 링크도 좀 확인해주세요.,1,2024-04-29,Heekyoung Lee (Anne),https://play.google.com/store/apps/details?id=com.ringle&reviewId=6b40a376-7802-456f-a72a-6ca80e9a4d1e
Google Play,앱이 진짜...너무 구림,1,2024-04-21,Cafe latte,https://play.google.com/store/apps/details?id=com.ringle&reviewId=6e67302d-28eb-4bbb-bac1-1b8e6a714ed9
Google Play,수업시간 1시간전에 리마인드이메일이 한꺼번에 4개나 옵니다... 문자오는거까진 좋은데 왜 이리 메일폭탄을 보내시는건가요,2,2024-04-03,Sung Ji,https://play.google.com/store/apps/details?id=com.ringle&reviewId=f7df09e2-6b70-4b46-90f3-59613527652d
Google Play,감사합니다,5,2024-03-30,박상일 (박실리콘),https://play.google.com/store/apps/details?id=com.ringle&reviewId=bc1cc447-be67-4f7b-b973-35bdcaad073c
Google Play,교재 선택을 했는데 반영이 안돼서 하기 싫은 교재로 공부하게 되는 일이 비일비재합니다,1,2024-03-28,Jh Seok,https://play.google.com/store/apps/details?id=com.ringle&reviewId=43c4cdbe-c353-40c6-9473-1f3e5d312416
Google Play,interesting and meaningful session,5,2024-03-15,은빛소피,https://play.google.com/store/apps/details?id=com.ringle&reviewId=f039bad0-de10-4353-83d6-611c81773f9c
Google Play,튜터들이 대부분 어리지만 교육수준은 꽤 높아서 고급 회화능력자도 도움이 많이 되는 앱입니다,5,2024-02-26,배원철,https://play.google.com/store/apps/details?id=com.ringle&reviewId=83b2907b-2011-450b-88b5-28e59c5f84f3
Google Play,"업데이트가 너무 많아요,콘텐츠도 좋고 다 좋은데 앱 자체 기능에 신뢰도 떨어집니다 ㅠㅠ",3,2024-02-02,정초코,https://play.google.com/store/apps/details?id=com.ringle&reviewId=625079e2-042d-43cc-82de-0d1bd62e5d17
Google Play,아이패드프로6 화면비율호환지원부탁합니다 패드로 공부하려는데 비율호환이안돼서 화면이 잘려나와요 디스플레이 큰거로 공부할거여서 일부러 크게산건데 화면이 다 작게실행돼서 나와요,3,2024-01-22,효림,https://play.google.com/store/apps/details?id=com.ringle&reviewId=63c7843c-5c8f-4286-92aa-1a2e1e2d000d
Google Play,어플 사용도 저는 불편한거 별로 없구요 불편하다고 얘기하면 바로바로 수정해주시니 좋습니다. 무엇보다 중상급자들에게 최적화된 수업이고 튜터분들도 좋으신분들이 대다수예요. 정말 좋습니다~번창하세요~~,5,2024-01-15,HEEYA MOON,https://play.google.com/store/apps/details?id=com.ringle&reviewId=e6b09f8e-11c1-45e3-885b-34a7cde6362c
Google Play,3년째 이용중인 회원인데 앱이 업데이트 후 이상해졌네요,1,2024-01-06,Jungil Kim,https://play.google.com/store/apps/details?id=com.ringle&reviewId=085f81d3-1f43-4681-8b25-83b7e4c23892
Google Play,자세하고 부드러운 수업진행,5,2023-12-30,강서구와우장산,https://play.google.com/store/apps/details?id=com.ringle&reviewId=c68e41da-c8ab-4fa1-84b0-9c51e96c1f78
Google Play,업데이트 누가 승인해주신건가요... 더 불편해졌어요. 예약현황/복습/수업예약 확인하느데 더 불편해요. 예전 퀵메뉴가 더 직관적이고 좋은거 같네요.,3,2023-12-15,JJ B,https://play.google.com/store/apps/details?id=com.ringle&reviewId=2d95ee0f-ea65-40d4-99cc-d136edb4c94f
Google Play,업데이트하고 튜터들 예약힘들어졌어요. 제발 롤백해주세요.,1,2023-12-08,온리원,https://play.google.com/store/apps/details?id=com.ringle&reviewId=10c99f09-793d-41fb-89fe-3838abba6dc9
Google Play,어플 메뉴 위치 왜 바꾸는건가요? 위치가 바뀌어서 불편하기도 하고 기능도 하나씩 에러 나고 적응 하기는 하겠지만 너무 불편하네요 내년에 다시 결제 하는것 고민해볼 정도에요,1,2023-12-05,J L,https://play.google.com/store/apps/details?id=com.ringle&reviewId=ea803b5d-861f-4216-9e87-a6057db01cf8
Google Play,운영시간은 낮에만 운영해서 멘토가 노쇼해도 할 수 있는게 없음. 하루에 2번 캔슬당하고 나니 더이상 이 플랫폼을 쓰고싶지 않아지네요. 비싼 비용내고 대접 못받는 기분입니다.,1,2023-11-07,SIM CHEOLHONG,https://play.google.com/store/apps/details?id=com.ringle&reviewId=ac399c2c-7b00-4341-80f4-dc9db6df8f78
Google Play,근본과 목적성을 잃을 듯 합니다. 지속적인 이용자인데 선생님들의 퀄리티가 계속 떨어지는거 같습니다. 그래서 점점 더 멀어지고 있습니다. 후기 피드백을 수업 평가 그대로 붙여넣기 하는 분들도 많이 있고 교정도 대충하시는 분들도 많이 생긴듯 합니다.수업권에 대한 사용 기간도 계속 짧아지고 다른 어플보다 비싸면 돈값을 해야하는데 점점 더 못하는 느낌. 수익을 위해서 하는 사업이지만 본질에 집중하셨으면 좋겠음.,3,2023-11-07,myoungsup Lee,https://play.google.com/store/apps/details?id=com.ringle&reviewId=4cc65e63-125b-4019-a4f8-4d16d22fe2fc
Google Play,"모바일기기로 Trial 첫수업듣는데, 소리안들리고 오디오에 문제 있어 4,000원 날렸네요. 첫 수업듣으려면 PC에서 웹에서 들으세요. 모바일기기에서 앱깔지말고.",1,2023-11-01,최은주,https://play.google.com/store/apps/details?id=com.ringle&reviewId=8bdee258-1f7b-4ce9-838c-62e41d366d0c
Google Play,앱이 버그가 있다면서 계속 종료됩니다.,1,2023-10-17,김지윤,https://play.google.com/store/apps/details?id=com.ringle&reviewId=6c3227ea-bc00-4c23-8e60-19784d307efb
Google Play,왤케 뻔질나게 업데이트를 하고 업데이트 할때마다 용량 모자라다고 하나요.. 그냥 화상영어 하겠다는데 너무 잦은 업데이트가 불편합니다,1,2023-09-10,김혜인,https://play.google.com/store/apps/details?id=com.ringle&reviewId=746c6028-c7b7-49a8-bda8-85dda05ed3a0
Google Play,컨텐츠는 좋은데 앱 에러가 너무 심합니다 ㅠ 최근들어서 더 늘어난 것 같아서 개선이 필요합니다.,2,2023-05-24,mj kim,https://play.google.com/store/apps/details?id=com.ringle&reviewId=ca466975-e72d-4d1a-8b03-a6e7fd9e62e1
Google Play,시간먼저 선택 수업예약하려고 하면 화면 안나오고 멈추네요.,1,2023-04-28,Jinho Choi,https://play.google.com/store/apps/details?id=com.ringle&reviewId=9e848229-faab-475a-8178-8e061d3b925c
Google Play,"링글은 좋지만, 앱으로는 안되는게 너무 많고 느림. 생각하고 만든것인지 의문.",1,2023-03-26,Owl Zean,https://play.google.com/store/apps/details?id=com.ringle&reviewId=d0706cab-c560-43ac-a474-7fc0c93357b0
Google Play,앱 안정성이 좀 부족한거 같아요 특정 기능 실행 시 계속 앱이 중단되고 다음 단계로 안 넘어가는 경우가 많아요,3,2023-02-28,이찬미,https://play.google.com/store/apps/details?id=com.ringle&reviewId=ada53a46-86fc-4277-8400-aca39a1920bb
Google Play,"어플 버그 엄청 많아요. 특히 다시듣기는 실행하면 중간에 아무 버튼도 안눌러지고, 대화도 어느시점부터 끊겨서 안나옵니다.",1,2023-02-08,hoegw,https://play.google.com/store/apps/details?id=com.ringle&reviewId=c115a774-0a97-4420-b712-73ae2ccca066
Google Play,느려터짐,1,2023-01-30,박정호 (Jay),https://play.google.com/store/apps/details?id=com.ringle&reviewId=e9ba42dc-ec36-4e07-a716-cf4e9d26ecc3
Google Play,너무 앱이 무겁고 중간에 멈추는 일이 잦음.,2,2023-01-27,Peter Ahn,https://play.google.com/store/apps/details?id=com.ringle&reviewId=a430c8c0-85a5-4e64-beef-944a547dfb08
Google Play,링글이라는 학습프로그램자체는좋지만 어플은 문제가 많은거같습니다. 교제에 들어가서 듣기를 실행하다가 멈추려고해도 반응하지않습니다. 혹시나 여러 버튼을 누르면 오류가 더 많아져서 다른아이콘은 반응하지도 않습니다...프로그램의 대부분이 오류가 너무 많아서 정정이필요할거같습니다ㅠ,2,2023-01-24,돼고양,https://play.google.com/store/apps/details?id=com.ringle&reviewId=12f4fd85-ce00-4783-81d9-36b29ee44f71
Google Play,앱에서 컨텐츠 재생중 배속(1.0~) 조정버튼을 누르면 앱이 팝업 상태로 변경되며 영상은 정지합니다.,3,2023-01-06,김찬호,https://play.google.com/store/apps/details?id=com.ringle&reviewId=d926a90f-4bbc-472a-8706-fb1c2ddfa75f
Google Play,단점도 있지만 써본 영어 학습 어플중에 제일 유익해요,5,2022-12-29,S,https://play.google.com/store/apps/details?id=com.ringle&reviewId=e764ac48-ec76-473a-b761-bc5241fb7cdd
Google Play,업데이트때마다 접속하면 팅깁니다. 이럴거면 왜 업데이트를 하는건가요?,1,2022-12-25,Jaejeong Lee,https://play.google.com/store/apps/details?id=com.ringle&reviewId=71deb010-39ce-450e-9fd2-3fbf70fa5b11
Google Play,링글 자체는 좋은데 앱이 튕기는 현상이 자주 나타남. 이 부분이 개선 되길 바람,2,2022-12-22,지은,https://play.google.com/store/apps/details?id=com.ringle&reviewId=446bf59a-6a5c-415c-b078-f2d3c03ff7a6
Google Play,업데이트 이후 소셜 계정으로 로그인란에서 카카오톡은 사라졌습니다. 카카오톡으로 로그인 하기 기능 빠르게 복구 부탁드립니다.,4,2022-12-21,Alex,https://play.google.com/store/apps/details?id=com.ringle&reviewId=313a1b50-cc9b-478a-bbe2-b4e55f8445e7
Google Play,아침 출근 할 때마다 새로 나온 교재를 읽습니다. 주제가 다양해서 좋았구 친구들도 교재 내용이 다양해서 활용하기 좋다고 하네용~! 좋은 앱 항상 감사합니다~,5,2022-12-12,동방밍쮠쭈 상해 일기장,https://play.google.com/store/apps/details?id=com.ringle&reviewId=3cd6ece6-f28a-4c86-b504-9f45a5d7c813
Google Play,제대로된 선생님들과 영어실력 키우고 싶을때 링글이 직빵입니다 교재도 좋고 콘텐츠가 많아서 아침에 어플보며 무료료 공부할 때도 많네요 뽕뽑아가요~!,5,2022-12-08,이미선,https://play.google.com/store/apps/details?id=com.ringle&reviewId=bf3d9c3b-f823-4904-912a-57380858fb09
Google Play,"학원이나 다른 전화영어, 화상영어로 아쉬웠던 부분들이 다 해소되는 만족스러운 수업이었습니다. 수업 해보고 싶은 튜터들이 너무 많네요",5,2022-12-07,Wooram Choi (버떠뜨),https://play.google.com/store/apps/details?id=com.ringle&reviewId=93f4f5d3-4506-4c50-8460-5725c4a7a352
Google Play,링글 다운 받고 싶은테 Play 스토어 앱 다운로드 문제 해결 해 주세요 잘 안돼요,2,2022-11-22,박 근영박,https://play.google.com/store/apps/details?id=com.ringle&reviewId=227121a1-df30-4f8e-b704-57e5c774fead
Google Play,"링글이라는 튜터 시스템이 아니라, 앱의 강제 업데이트가 너무너무 잦고 앱또한 불안정해보입니다.",2,2022-11-17,Hyeji Jang,https://play.google.com/store/apps/details?id=com.ringle&reviewId=be7caa43-d895-4a97-bc0c-e1fac2943710
Google Play,수업 중에 모바일로도 강의노트를 보고싶어요,4,2022-11-17,우지,https://play.google.com/store/apps/details?id=com.ringle&reviewId=75798ec5-90bf-45ab-ae81-cdb8af0fc39c
Google Play,인내심테스트 앱인가요. 열때마다 업데이트 한다고 시간걸리고_ 업데이트할것도 없는데_ 튜터 피드백 확인하려고하면 그냥 흰 화면만 뜹니다. 처음엔 이정도까지는 아니었는데 왜이런가요,1,2022-11-09,ssu lee,https://play.google.com/store/apps/details?id=com.ringle&reviewId=f1f61d55-bbbf-45b0-ac4b-1c1da199e1cb
Google Play,수업은 너무 좋습니다 앱의 오류가 많고 업데이트가 잦아서 몇번 예약 시도하다가 안 쓰게 되네요..,3,2022-11-06,Yo Kan,https://play.google.com/store/apps/details?id=com.ringle&reviewId=0f9aadc1-b4b6-450e-ad4b-be847f60eb5d
Google Play,"서비스나 as는 아주 좋아요, 다만 앱이 자꾸 다운되는 현상이 있어서 업데이트좀 부탁드려용",5,2022-10-26,깨짱,https://play.google.com/store/apps/details?id=com.ringle&reviewId=7997025a-8e38-4794-96ac-0bedd56bd5a2
Google Play,오늘 깔아서 네 번 열었는데 열 때마다 자꾸 업데이트 한다고 떠요. 답답해요,1,2022-10-20,오잉,https://play.google.com/store/apps/details?id=com.ringle&reviewId=195cf821-c0fa-4111-96cd-9a3ef76d1611
Google Play,링글 매우 잘 활용하고 만족도도 높습니다. 그런데 갤럭시 폴드의 경우는 화면이 큰 편이라 수업을 하면서 class note도 같이 볼 수 있는데 줌 화면만 나오도록 되어있더군요. 이 부분 수정되면 수업하는데 큰 도움이 될 거 같습니다,5,2022-10-08,학습심층,https://play.google.com/store/apps/details?id=com.ringle&reviewId=df22d183-4667-44f9-9164-79504318bb31
Google Play,필요한 정보찾기가 편하고 일반적으로 작동잘됩니다.,5,2022-10-07,Sunyoung Huh,https://play.google.com/store/apps/details?id=com.ringle&reviewId=aef515ce-0e82-48ff-9d0b-92209cd9f918
Google Play,"링글 수업 9번 들었어요, 회사 노트북으로는 보안 때문에 ZOOM 접속이 안되서 휴대폰으로 주로 들고 (;;) 합니다. 갤럭시 탭으로 들어와 봤는데, 놀랍게도 화면 가로 전환이 안되네요.... 큰화면으로 볼려고 하는데... 태블릿 가로 버전도 지원 해주시면 좋겠네요 감사합니다",4,2022-09-24,Jenny Park,https://play.google.com/store/apps/details?id=com.ringle&reviewId=bf5f96a3-8ac4-40ed-bd1f-20baa5cbf704
Google Play,수업 자체는 좋은데 앱이 엉망입니다. 첫번째 깔았을 땐 열면 바로 튕겨서 무용지물이더니 두번째 깔았을 땐 필수 업데이트를 무한진행합니다.,1,2022-08-21,Yeun Kang,https://play.google.com/store/apps/details?id=com.ringle&reviewId=dd0b16f9-e371-465b-9978-846d7a26132c
Google Play,Its really amazing app for learning English!!!,5,2022-08-14,Selochan Lee (Sero),https://play.google.com/store/apps/details?id=com.ringle&reviewId=7fc96bcd-bda2-46cc-8af7-c9d5bcfaee12
Google Play,앱이 갑자기 아예 안열립니다.. 수강 기간도 얼마 안남았는데,1,2022-08-05,Gyeong-Ha Kim,https://play.google.com/store/apps/details?id=com.ringle&reviewId=07c24cd5-4c1f-4e3c-a796-c65b9180d876
Google Play,맨날 튕기더니 업데이트 후 이제는 아예 앱 실행이 안됨,1,2022-08-02,Silveriver,https://play.google.com/store/apps/details?id=com.ringle&reviewId=73046a82-51be-4a23-b53f-fcb25eb28971
Google Play,8월 1일부터 앱이 아예 안열립니다ㅠ,4,2022-08-02,Jeehye Kim,https://play.google.com/store/apps/details?id=com.ringle&reviewId=b394106d-0ae2-40c1-bc8e-572f58ae5a0c
Google Play,링글 수업 자체의 퀄리티는 굉장히 높은 편인것 같고 만족합니다. 교재 또한 다양해서 굳이 1:1 수업을 하지 않아도 공부할 수 있는게 많이 있습니다. 무료 강의도 몇 번 들어봤는데 이런 서비스도 만족합니다. 다만 수업은 좋지만 환경 개선이 필요할 것 같습니다. 링글 수업은 웹으로 보기에만 적합하게 만든 것 같습니다. 저는 직장인이기 때문에 중간중간 시간 날때마다 공부를 하려고 하는데 핸드폰(갤럭시노트10)으로 무료강의를 들으려고 하면 웨비나 접속이 안 되서 못 듣고 아이패드로 수업예습을 하려고 오늘 처음 접속해 봤더니 화면 비율이 최적화 되어있지 않더군요. 집에서 노트북으로 접속하는 경우가 아니라면 굉장히 불편합니다. 제가 수업 결제하기 전에도 이런 비슷한 리뷰를 본 적이 있었는데 역시나 직접 써보니 저도 불편하네요. 수업 자체는 좋은데 이런 부분들 때문에 계속 들어야 할지 말지 고민입니다. 빨리 업데이트 해주셨으면 해서 적습니다.,3,2022-07-22,Gina Suh,https://play.google.com/store/apps/details?id=com.ringle&reviewId=e1272d5e-5741-4b65-b27f-aba809df4ef7
Google Play,"오류가 너무 많고, 한번에 앱이 실행되는 경우가 드물 정도.",2,2022-07-21,gahee yu,https://play.google.com/store/apps/details?id=com.ringle&reviewId=e1bf3031-b893-41fe-9bf0-3ad783778368
Google Play,"링글의 학습 시스템은 굉장히 좋은데 앱에 몇 가지 개선했으면 하는 부분들이 있습니다. 1. 가끔 앱을 실행하면 오류가 났는지 튕기고 다시 실행되는 경우가 있는데 이 부분이 수정이 됐으면 좋겠습니다. 2. 1:1 수업 탭에 시간 먼저 선택과 튜터 먼저 선택이 있는데, 교재 먼저 선택도 추가됐으면 좋겠습니다. 원하는 수업 주제를 먼저 고르고 해당 주제에 특화된 튜터를 고르길 희망하는 경우도 있기 때문입니다.",4,2022-07-02,송시영 (Simon Song),https://play.google.com/store/apps/details?id=com.ringle&reviewId=279dd027-34e7-49c0-ad44-0b32d84263e1
Google Play,"앱 너무 좋고 잘 공부하는 중인데요, 업데이트 이후에 자꾸 화면도 튕기고 교재를 한글로 전환하는 기능이 아예 안됩니다. 가끔 뜻을 모를때 한글 전환하며 볼 수 있는 것이 정말 좋았는데 이것좀 고쳐주시면 좋겠어요. 한가지 더 추가합니다. 튜터 알림시간 설정이 있으면 좋겠어요. 가끔 새벽에 알람이 와서 불편합니다.",3,2022-05-26,Juni Yoo,https://play.google.com/store/apps/details?id=com.ringle&reviewId=e70173c1-068f-446d-9831-4d1ce822a9a9
Google Play,대상이 제가 아닌 푸시알림이 계속 옵니다 버그인지 운영에서 테스트중이신건진 모르겠으나 빠르게 수정해주세요 계속 울려서 거슬려요,1,2022-05-06,Xiz Li,https://play.google.com/store/apps/details?id=com.ringle&reviewId=49fbd9b7-02a5-492a-8c48-86f768f3b027
Google Play,"어제(5월2일)까지 잘되던 앱이 오늘부터 계속 튕겨서 못들어갑니다. 7.6.1버전입니다. 지우고 다시 깔아봐도 계속 안됩니다. 노트9이고요, 탭7에서는 잘되서 수업은 일단 탭으로 진행했습니다. 탭에는 7.6.0버전입니다.",4,2022-05-03,Dongmyung Min,https://play.google.com/store/apps/details?id=com.ringle&reviewId=a50abede-cb13-4e22-8b74-9e3dcdb8eb70
Google Play,알람 오는것 유용해요,5,2022-03-19,Juneyoung Lee,https://play.google.com/store/apps/details?id=com.ringle&reviewId=8df3fcdc-fb24-4408-b0da-59a26cbd269b
Google Play,"링글 잘 사용하고 있어요. 다만 어플 사용하는데 몇가지 오류가 있어서 불편해요. 핸드폰으로 링글과 영영사전을 모두 보느라 여러 앱을 번갈아 쓰는 경우가 많은데, 어플 전환할 때 그냥 홈화면으로 돌아가더라구요; 예를 들면 교재 읽다가 모르는 단어 나와서 사전 어플 켰다가 다시 링글로 돌아오면 갑자기 홈화면으로 돌아가요. 그래서 매번 공부하던 데 다시 찾아서 돌아가야해서 불편하네요. 갤럭시 유전데, 화면분할 해놓고 화면 비율 조정할 때도 똑같은 문제가 발생해요. 비율 조정하다가 갑자기 홈화면으로 돌아가요. 이것 좀 고쳐주세요...",3,2022-03-02,ka,https://play.google.com/store/apps/details?id=com.ringle&reviewId=88b6c021-7fcf-4ec9-ac4c-cfa7e867c01f
Google Play,두 세 번 짧게 칠 거면 좋음 근데 나처럼 몇 십 번 할 거면 안 하는 게 정말 최선이다.. 선생이랑 애초에 쭉 매칭해서 아니기 때문에 계속 생선이 바뀐다 그 때마다 일일이 하나씩 하나씩 처음하는 느낌.. 너무 싫다 참고로 이거 선생이 매 수업마다 바뀜 다른 화상 영어 전화영어 좋은 거 많으니 그거 쓰세요 이거 선생이 그냥 복불복 운빨입니다 여러 번 쓸 거면 절대 이거 쓰지 마세요,2,2022-03-01,Y Logic Machine,https://play.google.com/store/apps/details?id=com.ringle&reviewId=0366dc10-2584-4fa6-a68e-f33d9ea3716a
Google Play,항상 노력하는 자세에 감동합니다. 선생님들이 너무 자주 바뀌는건 좀 불만인데요 새로운 사람을 지속적으로 만나서 이야기 해 보는걸로는 좋은 기회가 될것 같아요. 찜한 튜터 예약알림 기능이 제일 좋습니다,5,2022-02-20,Ji-young Lee,https://play.google.com/store/apps/details?id=com.ringle&reviewId=d54068ad-11e0-49cc-8612-a5450d12bd1d
Google Play,앱이 매번 튕겨요,1,2022-02-11,롱롱,https://play.google.com/store/apps/details?id=com.ringle&reviewId=6d4ff44d-e471-426e-bdaa-feebbdb4ba6f
Google Play,계속 다운됨,1,2022-01-31,WJ K,https://play.google.com/store/apps/details?id=com.ringle&reviewId=fe0c76e6-8336-4ad0-9d81-c4d9b4656000
Google Play,수강일자 남은 날 중에 딱 하루만 일정이 맞아서 신청했는데 튜터가 취소했네요...24시간 내 수업 신청가능한 보충 수업권 들어오고 원래 수업권도 복원됐는데 어차피 들을 수 있는 날이 없어서 그냥 버리게 생겼어요...보충수업권은 원하는 대로 쓸 수도 없는데ㅜㅠ팔아버릴수도 없고 그대로 날리겠네요...,2,2022-01-28,나의,https://play.google.com/store/apps/details?id=com.ringle&reviewId=e306e6e3-42c5-404a-89f8-72212a3ae9a6
Google Play,"환불하는데 무슨 1:1 문의를 시키고, 30분이 넘도록 답장이 없나요. 별로네요.",1,2022-01-27,TJ Kim,https://play.google.com/store/apps/details?id=com.ringle&reviewId=2b3f44ba-dc1d-4763-bb84-77a37bc9bd44
Google Play,현재까지는 맘에 들어요. 다만 동영상 올리기 용량 좀 늘려주세요. 튜터들 영상이 왜이리 퀄리티 떨어지는지 불만이었는데 제가 소개영상 올려보니 10MB 제한이 걸려있으니 그럴수 밖에 없다는 생각이 듭니다. 일단 제폰 노트20 기준으로 낮은 SD수준으로 아무리 빨리 찍어서 1분 30초 안에 끝내도 90MB이고 압축해도 11MB네요. 그래서 앞뒤를 조금 자르고 겨우 1분27초로 10MB 안에 맞췄습니다. 참고해 주세요. 바이~~,5,2022-01-27,Yun Cheol Lee,https://play.google.com/store/apps/details?id=com.ringle&reviewId=ba004317-3272-4206-92c9-13f41a326822
Google Play,직장인들에게 최고의 영어학습 플랫폼,5,2022-01-22,Ji Young Jeong,https://play.google.com/store/apps/details?id=com.ringle&reviewId=961d3dd4-1082-4e5a-9b6c-d4dca163cd39
Google Play,태블릿 Pc로 수업할 수 있으면 좋겠네요,5,2022-01-20,Heecheol Kim,https://play.google.com/store/apps/details?id=com.ringle&reviewId=17db6336-b07c-43fb-bca7-277e60fc51e6
Google Play,애정하며 사용하는 영어 앱. 수준있는 컨텐츠와 글들 잘 읽고있어요,4,2022-01-14,su-yeon Jun,https://play.google.com/store/apps/details?id=com.ringle&reviewId=adeb7da5-25cf-476f-974c-740a3f2a71ad
Google Play,업데이트 후 오류 작렬,1,2021-11-15,a,https://play.google.com/store/apps/details?id=com.ringle&reviewId=e0ddfa3f-3b19-42e5-b2f1-dd2b9c9c1fb9
Google Play,"지금까지 총 2회 수업했습니다. 그 중 한 번은 튜터가 강의 시작 시간이 지났는데도 들어오지 않았고, 수업시작 6분뒤 고객센터에서 튜터 사정 상 수업이 어렵다는 말만 전달받고 수업이 취소되었습니다. 해당 수업권은 환불되고 추가 수업권까지 보상으로 받았지만 다시 수업하고싶지 않네요.",1,2021-11-11,김예림,https://play.google.com/store/apps/details?id=com.ringle&reviewId=42fd6a62-2a88-4507-93a8-a01b84438bc4
Google Play,돈이 좀 들지만 굉장히 좋은 영어 선생님들을 만날 수 있음,5,2021-11-05,Aiden uishin Lee,https://play.google.com/store/apps/details?id=com.ringle&reviewId=1ab5e8f7-3163-4909-90a0-11e375ad88a0
Google Play,"너무 잘 사용하고 있습니다. 좋아요~ 헌데, 수업 다시 듣기에서 속도 조절 기능이 있으면 너무너무 좋을 것 같아요~!",4,2021-11-04,YOUNGSEONG LEE,https://play.google.com/store/apps/details?id=com.ringle&reviewId=74e87245-c2e7-4066-ab9a-c85abaad3720
Google Play,나의정보수정하기(회원탈퇴) 메뉴는 도대체 어디있는건지 모르겠습니다.,1,2021-08-24,최정우,https://play.google.com/store/apps/details?id=com.ringle&reviewId=199411c7-aae5-4f27-94db-35c2d3a1725d
Google Play,"링글 수업 자체는 너무너무 좋아하는 수강생이지만, 링글 앱에 들어갈 때마다 앱이 새로 업데이트 되었다는 알림창이 떠서 매우 불편해요 :(",4,2021-08-10,Youjung An,https://play.google.com/store/apps/details?id=com.ringle&reviewId=ba3b4ce7-0a98-4ae0-9202-62e0f4af51ba
Google Play,참좋네요공부가쏙쏙잘들어와서참좋네요,5,2021-08-07,박박석한,https://play.google.com/store/apps/details?id=com.ringle&reviewId=ca3ef66a-3d1a-4a11-adf7-712a24c8ed0e
Google Play,설치가 안되고 자꾸할면튕기네요,1,2021-08-03,송이,https://play.google.com/store/apps/details?id=com.ringle&reviewId=90ad5e3a-472c-4ff6-80b6-fffd1ea9f499
Google Play,제발 업데이트 좀 그만 해요. 뭔 업데이트릉 이주마다 한 번씩 하나요????? 바뀌는 것도 없구만. 이번 업데이트는 특히 최악. 앱 삭제하고 다시 깔았는데도 아예 먹통이네...,1,2021-07-31,No Name,https://play.google.com/store/apps/details?id=com.ringle&reviewId=f2c15174-1c38-42e8-9bd4-220c04c57ef4
Google Play,"원어민 튜터링 서비스는 좋은데. 앱은 너무너무너무 느리고 불편해서 별 하나 깎았아요. 오늘은 아예 안 뜨네요. 느리고, 오류도 많고, UI는 엉뚱하고... 이 사실을 링글만 모르시는 것 같아요.",4,2021-07-30,soyun kim,https://play.google.com/store/apps/details?id=com.ringle&reviewId=60511b37-4be0-45a5-b61c-74523706bca7
Google Play,자꾸 업데이트 사항이 있다면서 플레이 스토어로 넘어와요. 지워서 다시 깔아봤는데도 똑같아요. 고쳐주세요!,3,2021-07-30,_먕미,https://play.google.com/store/apps/details?id=com.ringle&reviewId=807c7ef8-6f93-48d1-a381-61833fa415b6
Google Play,"40분씩 3번의 튜터링을 받았습니다. 자동 매칭된 선생님들이었는데도 모두가 만족스러웠습니다. 대학생들이 알바로 하는 거라 전문적인 피드백은 어렵지 않을까 생각했는데 기대의 몇배로 뛰어난 피드백을 받았습니다. 대화도 얼굴을 보고 하니 더욱 화기애애했고, 격려를 많이 해주고 틀린 문법, 단어도 찰떡같이 알아듣고 교정해줍니다. 당장 급한 영어인터뷰가 있어 대비하려고 3회분만 끊었는데 정기적으로 이용할 계획입니다. 주변에도 강추하겠습니다.",5,2021-07-13,JH JANG,https://play.google.com/store/apps/details?id=com.ringle&reviewId=5fd9ca66-cab6-4302-b690-9ba6548c6789
Google Play,링글 이용자 입니다 업데이트가 너무 자주됩니다 하지 않고 싶은 사람도 있는데 할 수 밖에 없는 구조로 짜놓으시고 계속 업뎃도 안돼서 폰도 껏다 켜보고 앱을 지워도 보고 다시 설치하려니까 또 깔리지도 않네요 이 부분만 해결되면 인터페이스도 편리하고 좋은 앱인데.. 너무 치명적이네요,2,2021-06-21,SY H,https://play.google.com/store/apps/details?id=com.ringle&reviewId=32de37bd-933c-4fbe-933d-a5a97ad78731
Google Play,해외명문대생과 지식도나누고 영어 배움이 있는 좋은 앱입니다,5,2021-06-17,DM Choi,https://play.google.com/store/apps/details?id=com.ringle&reviewId=863d137f-0234-4d85-8d10-98d0a9a69400
Google Play,링글 잘 쓰고 있습니다. 그런데 폰으로 접속하면 앱이 업데이트되어 홈 화면으로 이동한다는 안내창이 계속 뜨는데 이거 못 없애나요? 언제까지 매 접속마다 이걸 봐야 하죠...,4,2021-06-02,Hailey H,https://play.google.com/store/apps/details?id=com.ringle&reviewId=41c422bf-1e54-424a-a78e-b26b825659d1
Google Play,좋아요! 이렇게 좋은앱 첨인듯요,5,2021-05-22,문유선,https://play.google.com/store/apps/details?id=com.ringle&reviewId=c3cc97d1-7c3e-45f5-b8ef-d87fc5c59ded
Google Play,본문 읽기 화면에 북마크 기능 추가 부탁부탁드립니다^^ 유익한 프로그램 만들어 주셔서 감사합니다~ 덕분에 삶이 조금은 자신 있어졌어요ㅎ,4,2021-05-07,saranghae,https://play.google.com/store/apps/details?id=com.ringle&reviewId=4bac3ea3-ff72-4dd9-9cb7-c16a3f965e8e
Google Play,예약하려고 하면 앱이 계속 중단돼요. 튜터 다고르고 어떤 수업교재로 할건지 정하는 단계에서요,1,2021-04-06,djslsls fjfjdjs,https://play.google.com/store/apps/details?id=com.ringle&reviewId=4cb64393-7d8f-4723-b2eb-67bfc07c8049
Google Play,사용하는데 편합니다,5,2021-03-31,기백송,https://play.google.com/store/apps/details?id=com.ringle&reviewId=1a926d3c-3147-41c2-b04d-f25cac7a7d18
Google Play,"최근에 앱 업데이트가 다시 되면서, 다시 사용성이 좋아져서 별점 높여드립니다!, 이제 다시 속도도 빨라져서 예약도 잘 되네요.",5,2021-03-06,YongHun Jeong,https://play.google.com/store/apps/details?id=com.ringle&reviewId=2e171ec4-fcc9-46ac-9740-b82560de779f
Google Play,지금까지 5번 수업 신청을 하였으나 막상 수업이 이루어진건 2번이고 나머지는 튜터의 노쇼및 당일 일방적인 취소였습니다. 원하는 튜터와 시간 잡기도 힘들어요. 수업의 질이 튜터의 운에 달려있는 점이 아쉽습니다,1,2021-02-22,김지현,https://play.google.com/store/apps/details?id=com.ringle&reviewId=d2aa9398-4f78-471c-acdf-752d2f11315a
Google Play,미국 원어민 튜터와 주말에도 수업할 수 있어서 편리하네요.,5,2021-02-05,Ji Ann,https://play.google.com/store/apps/details?id=com.ringle&reviewId=c4ebb015-e382-4975-8e04-900047c622d5
Google Play,카톡 로그인이 안돼요,2,2021-02-01,zuno M,https://play.google.com/store/apps/details?id=com.ringle&reviewId=464a6314-3557-4604-8dd5-2c8db7b4e357
Google Play,업데이트하고나서 앱구현속도가 너무 느려요 진짜 불편해요 개발자 기획자님들일좀하세요,1,2021-01-22,The JR,https://play.google.com/store/apps/details?id=com.ringle&reviewId=4397c07f-14fb-4225-95c4-6b8d0a3f25a8
Google Play,이렇게 수업잡기 어려운 줄 알았으면 안했을거 같아요...,2,2021-01-18,Stella J,https://play.google.com/store/apps/details?id=com.ringle&reviewId=725fd235-dc10-4b8f-9370-9d0229b1a55f
Google Play,수업잡기가 너무힘듭니다... 3주전에 미리잡으려고해도 힘듭니다 게다가 업데이트후엔 수강신청하는것자체가 엄청느려져서 도저히 핸드폰으론 예약을 할 수가업네요...,2,2021-01-16,이미미미,https://play.google.com/store/apps/details?id=com.ringle&reviewId=c52c5385-09ee-4b6b-87f5-203abe1507aa
Google Play,개발자 퇴사시켜라 좀,1,2021-01-16,Shane,https://play.google.com/store/apps/details?id=com.ringle&reviewId=8d975ed2-2d9b-452a-9e9d-ec7afe098525
Google Play,굳,5,2021-01-15,Sejun,https://play.google.com/store/apps/details?id=com.ringle&reviewId=4f1041e1-dc56-4554-862f-db9a7241429b
Google Play,"네이티브 수준은 아닌데, 그렇다고 영어를 못하는 것도 아니어서 강의를 듣기엔 애매했는데, 똑똑한 튜터가 말하는 것 바로 첨삭해줘서 좋아요",5,2021-01-15,Inae Kim,https://play.google.com/store/apps/details?id=com.ringle&reviewId=d6bb9332-8971-4c9a-a08f-8635e4f17454
Google Play,좋아졌네요!,5,2020-12-31,안소영,https://play.google.com/store/apps/details?id=com.ringle&reviewId=e785d5c9-8b00-4524-8ffe-9373a2811f54
Google Play,"영어공부를 많이 오래 해보았을수록 이 서비스의 가치를 제대로 느끼실 수 있을 겁니다. 중상급 이상의 영어학습자에게 최적화된, 제대로 고민하고 설계한 최고의 앱입니다. 별 5개를 더 얹어서 드리고 싶네요.",5,2020-12-20,Heekyung Kim,https://play.google.com/store/apps/details?id=com.ringle&reviewId=1642100e-38b7-40cd-a126-2fd2cc7a7d10
Google Play,중고급자 이상 영어학습자에게 강추합니다. 개발자의 경험이 녹아있는 많은 고민과 섬세함이 느껴지는 획기적인 교육앱이라고 생각합니다. 저는 개인적으로 많은 도움을 받고있습니다. 계속 번창하시길!,5,2020-12-06,김현경,https://play.google.com/store/apps/details?id=com.ringle&reviewId=215516a6-bd51-4071-baa6-a01960422501
Google Play,최근 광고를 늘리면서 수강생이 많아진 건지 튜터매칭이 어렵습니다. 프라임 시간대에는 매칭 가능 튜터가 0에서 최대 2명? 어찌된 일인지 몇달동안 계속 지정하던 고퀄 튜터들은 보이지도 않고요 예전 TLX가 업체에 지급을 못 해서 돈만 날린 기억을 상기시켜 불안하네요,3,2020-10-10,SE Oh,https://play.google.com/store/apps/details?id=com.ringle&reviewId=981972c7-251b-4ac7-ba22-1e78c155a49e
Google Play,아직 인터뷰는 안해봤어요 그런데 어플 렉이 너무 심한데 해결방법좀 알려주실분..ㅠ 엘지 X4 쓰고있고 현재는 외부 공용와이파이 사용중입니다.,4,2020-06-05,념념,https://play.google.com/store/apps/details?id=com.ringle&reviewId=9d6461b8-447f-4ee9-a062-9b5cafb4d66a
Google Play,일주일에 두 번 무조건 링글. 이 퀄의 대화를 영어로 나눌 수 있는 기회는 드물어요.,5,2020-04-07,Google 사용자,https://play.google.com/store/apps/details?id=com.ringle&reviewId=ad75b707-eaf1-4683-b0cc-feeea11f5a30
Google Play,엄청 좋아졌습니다.,5,2020-03-25,Google 사용자,https://play.google.com/store/apps/details?id=com.ringle&reviewId=51a0de12-aada-4272-96c8-9e2affce98a4
Google Play,트라이얼 레슨 신청하려고 하는데 자꾸 에러남..,1,2020-01-18,Google 사용자,https://play.google.com/store/apps/details?id=com.ringle&reviewId=d84cd2a7-2d1a-41b3-8d88-1a8fddefd8f4
Google Play,공부하는 만큼 얻어갈 수 있어요. 튜터들 다 좋으심.,5,2019-12-09,Google 사용자,https://play.google.com/store/apps/details?id=com.ringle&reviewId=d01bea0c-9ad9-4a9d-b1d4-248e3aef633b
Google Play,조금비싸긴하지만 정말 흠 잡을데가없네요,5,2019-11-13,Google 사용자,https://play.google.com/store/apps/details?id=com.ringle&reviewId=764bb81c-8da3-4926-bb1a-96209c2dbedc
Google Play,회화 연습에 크게 도움됨,5,2019-05-09,Google 사용자,https://play.google.com/store/apps/details?id=com.ringle&reviewId=09c6536b-750a-4af1-b063-e57dba9da788
Google Play,준비안된 일반 학생들로 구성된 최악의 언어학습앱. 차라리 전화영어가 더 도움될듯.,1,2019-03-23,Google 사용자,https://play.google.com/store/apps/details?id=com.ringle&reviewId=ebc5a0bd-a381-4b23-9b7d-19075c548147
Google Play,짱이예요. 그저그런 회화가 아니라 수준 높은 지적대화와 토론을 위한 앱입니다.,5,2019-03-07,Google 사용자,https://play.google.com/store/apps/details?id=com.ringle&reviewId=10f477af-7148-41b1-a36e-eca487fd237b
Google Play,아무에게도 알려주지 않고 나만 알고 싶은 최고의 어플,5,2019-03-06,Google 사용자,https://play.google.com/store/apps/details?id=com.ringle&reviewId=f430ac18-0ac8-4c9f-9fd9-b43401dff978
Google Play,Good!,5,2018-09-10,Google 사용자,https://play.google.com/store/apps/details?id=com.ringle&reviewId=19d8d1d9-e170-4c00-9a2d-242510d7b29f
Google Play,최고의 영어 선생님과 교재!,5,2018-08-16,Google 사용자,https://play.google.com/store/apps/details?id=com.ringle&reviewId=ebac4971-4112-4ba8-8994-6755f73daf3c
Google Play,영어를 제대로 하고 싶은 사람에게 최고의 그리고 유일한 선택지,5,2018-05-18,Google 사용자,https://play.google.com/store/apps/details?id=com.ringle&reviewId=b8b21e72-41f8-43a0-83f7-f0523c72fb1e
Google Play,유용한 앱입니다.,5,2018-01-24,Google 사용자,https://play.google.com/store/apps/details?id=com.ringle&reviewId=4560ae5a-fa79-4287-b187-8d1e2f5e8ced
Google Play,너무 좋아요 ^^ 일단 교재 퀄리티가 정말,5,2018-01-10,Google 사용자,https://play.google.com/store/apps/details?id=com.ringle&reviewId=fbeb0bfc-5069-463c-9726-6aa528d689c8
Google Play,정말 정성스럽게 만든 앱인게 느껴집니다.,5,2018-01-07,Google 사용자,https://play.google.com/store/apps/details?id=com.ringle&reviewId=5a01f35a-09f7-4956-af45-480113028fe5
Google Play,최고에요 믿을 수 있는 프로그램,5,2017-12-27,Google 사용자,https://play.google.com/store/apps/details?id=com.ringle&reviewId=052c712a-1b87-4c7c-a39f-41bb4b9868c2
Google Play,고맙습니다,5,2017-08-30,Google 사용자,https://play.google.com/store/apps/details?id=com.ringle&reviewId=d9e530f5-c80c-42b4-a474-062d94db5289
Google Play,너무 좋아요,5,2017-08-24,Google 사용자,https://play.google.com/store/apps/details?id=com.ringle&reviewId=82013862-9454-4f8a-97a2-00925292995e
Google Play,좋아요!!,5,2017-04-28,Google 사용자,https://play.google.com/store/apps/details?id=com.ringle&reviewId=f286e7f2-681f-4c24-aa8e-c3b515f6d689
Google Play,좋아요^^,5,2017-02-08,Google 사용자,https://play.google.com/store/apps/details?id=com.ringle&reviewId=f5b35a8c-a956-4660-b94e-fcd6b58a73c8
Google Play,잘만들었네요,5,2017-02-02,Google 사용자,https://play.google.com/store/apps/details?id=com.ringle&reviewId=d09daa99-9f6f-4504-867c-9bfd3c672e22
Google Play,최고의 영어 서비스,5,2016-12-23,Google 사용자,https://play.google.com/store/apps/details?id=com.ringle&reviewId=df5e8245-bec7-4465-b267-2cdf0ef73e37
Google Play,가입 진행이 안됩니다. 구글 연동을 해도 이메일 작성이후 아래 작성란으로 넘어가질 않아요. 선택도 안되고요.. (이메일은 제대로 썼는데 틀린 것처럼 붉은색 라인으로 뜨고요 ㅜㅠ) 확인 부탁드립니다,5,2016-12-12,Google 사용자,https://play.google.com/store/apps/details?id=com.ringle&reviewId=bcf3850e-06d7-433d-9973-a8b285c7b3e7
Google Play,"단순한 영어 회화를 연습하는 것이 아닌, 비즈니스 실제 상황에 도움이 될수 있게 설계되어 있습니다. 나의 사고와 견해를 영어로 표현해보고, 투터에게 교정받는 실전 영어... 차별화 되는 서비스입니다.",5,2016-12-12,Google 사용자,https://play.google.com/store/apps/details?id=com.ringle&reviewId=771868f0-7ba5-447c-aba4-98cfa8ac167e
Google Play,외부이동시에 영어기사를 쉽게 보고 들을수 있어서 좋네요! 추쳔,5,2016-12-10,Google 사용자,https://play.google.com/store/apps/details?id=com.ringle&reviewId=7264e1f3-007a-4fe3-b164-0db611f7e407
Google Play,이걸로 영어 배우면 울어,5,2016-12-10,Google 사용자,https://play.google.com/store/apps/details?id=com.ringle&reviewId=ffde6219-deb6-47ee-a0c0-a15fe74c1ab5
Clien,"[생활문화] 링글플러스라는 1:1 화상영어라는 서비스의 사용기를 남겨봅니다.(ringleplus) Intro 전화영어는 많은 분들이 접해보셨을 거 같고 저도 이런저런 업체를 접해봤지만 이래저래 아쉬운 점이 많이 있습니다. 짧은 시간, 야근으로 인해 전화를 못 받는 경우 등 하지만 가장 아쉬운 점은 전화영어를 하는 튜터에 대한 아쉬움이었습니다. 각자의 영어 수준에 따라 다르지만 영어를 일정 수준 이상 하시는 분들은 전화영어 튜터들과 이런 저런 깊은 얘기를 하려다 보면 시간이 짧던지 아니면 내가 관심이 가는 주제에 대해 튜터가 잘 알지 못하는 경우가 꽤 있습니다. 아님 튜터의 영어 수준에 대해 아쉬울 수도 있구요. 이런 Needs를 잘 파악한 곳이 링글플러스라고 생각합니다. 수업 신청은 보통 ringleplus라는 곳에 회원을 가입해서 수업의 유형에 맞게 credit을 구입한 후 credit을 사용하여 원하는 시간에 본인이 직접 수업을 신청하는 방식으로 이루어 집니다. 수업은 수강신청된 시간에 웹사이트에 접속하면 나의 수업에서 쉽게 해당 강의를 찾을 수 있습니다. 해당강의를 클릭하면 채팅룸에 입장하게 되고 캠이 달려있는 노트북이면 처음에 한번만 플러그인을 설치하면 쉽게 저의 화면과 튜터의 화면이 동시에 뜨면서 수업 시작이 됩니다. 저는 맥에서 이어폰 꽂아서 하는데 기가랜이 아니어도 네트워크 상태도 좋고 발음도 클리어하게 들리는 편입니다. 장점 해당 서비스의 장점은 일단 튜터의 영어 수준이 우수합니다. Ivy League의 재학생들과 진행하기 때문에 이 학생들이 구사하는 어휘 및 collocations, 문장의 표현 등은 다른 전화영어의 강사 분들과는 차별 포인트라고 생각합니다. 튜터의 프로필이 사이트에 다 올라오지는 않지만 수업이 매칭되고 배정된 튜터의 소개를 보면 Harvard, Standford, Yale 등의 재학생들을 자주 접하는데 이 학생들의 전공 또한 다양해서 이야기 하다보면 교재의 주제 외 흥미로운 이야기들도 많이 나오구요. 두 번째로 좋은 점은 회사의 운영진들이 친절하십니다. 이 회사의 창립 멤버 분들은 Stanford MBA에 재학 중인 두 분의 한국분들이 만드셨는데 정말 빠르게 고객의 요구에 대응해주십니다. 가령 결제를 할 때 법인카드 사용 시 필요한 요구, 튜터 매칭에 관한 질문 등 자잘한 것에 대해서 친절히 대응해줄 때 참 좋았습니다. 법인카드 건은 간단하긴 했었지만 메뉴에는 없던 내용이었고 저는 법인카드 결재를 올렸어야 하는데 결재기한이 얼마 남지 않아 당황했었는데 기존에 없던 메뉴를 즉각적으로 만들어서 대응해주는 모습에 사실 약간 감동 받았어요. 이전에 전화영어 이용할 때는 이런 요구사항에 법인카드 별로 따로 대응을 하는 건 힘들다고 해서 1달만 이용하고 그 다음에 이용하고 싶은 마음이 들지 않았거든요. 그리고 수업 진행하는 교재의 퀄리티가 뛰어납니다. 교재를 직접 만드시는 지 알 수 없지만 비즈니스 관련한 주제들을 잘 정리해서 영어 대화를 하게끔 잘 편집된 교재들입니다. 그 때 그 때 이슈가 되는 미국의 기업에 관한 기사나 내용을 가져와서 이야기 하게끔 하기도 하구요, 시간이 없어서 영문 대신 2분 만에 국문으로 읽을 수 있게끔 한 것도 좋았구요. 교재를 읽고 tutor와 같이 Discussion 하게끔 한 질문들이 많긴 하지만 개인이 알아서 skip하면 되니 상관없을 거 같습니다. 영어로 advanced 디스커션이나 debate을 하고 싶으신 분의 needs를 잘 충족시켜줄 거라 생각합니다. 아쉬운점 아쉬운 점을 꼽아보자면 먼저 가격일 거 같습니다. 수업의 종류는 1:1 영어 회화/토론, 영문서 교정, 영어인터뷰/프레젠테이션, 개인별 맞춤수업 등 4가지로 구성되어 있는데 저같은 경우는 주로 1:1 영어회화만 신청합니다. 가장 기본이고 저렴합니다. 수업 신청의 기본단위는 1 credit이며 구매가격은 55,000 원 입니다. 1 credit으로 1:1 영어회화를 신청하면 40분 당 화상으로 영어회화를 할 수 있습니다. 국내에서 1:1 english 학원에가서 1시간 동안 수업을 받으면 7~8만원 대로 크게 차이가 나지는 않지만 일반 전화영어에 비교해보면 높은 가격이긴 합니다. 전화영어가 아니라 다른 화상영어 서비스랑 비교해보면 가격이 어떻게 되는 지는 저는 모르겠습니다(화상영어 서비스는 처음인지라) 여유가 되면 일주일에 2번 정도 해보고 싶지만 그러면 40만원을 흘쩍 넘기 때문에 저는 보통 3번 정도 수업을 듣습니다. 실력향상 보다는 감각을 유지하는 차원이기도 하고, 용돈받고 사는 처지라…. 저도 직장인이고 회사에서 운 좋게 어학지원비가 있어서 정기적으로 하지 학생분들이라면 이용장벽이 있을 수도 있게단 생각이 듭니다. 장기계약으로 장기할부가 있으면 어떨까 생각도 들기는 했어요. 월스트리트 이런 학원들처럼 1년 계약하고 12개월 할부 같은…. 다음으로 아쉬운 점은 튜터분들의 나이가 어린 편입니다. 나이가 어리다고 해서 튜터들이 수업에 참여하는 자세가 이상하지는 않습니다. 사실 아주 좋은 편이라고 생각합니다. 단지 1,2학년 학부생이기 때문에 주제에 대해서 얘기할 때 조금 깊이있게 대화하고 싶을 때는 아쉬운 점이 조금 있습니다. 튜터의 풀이 좀 더 다양해지면 좋지 않을까 합니다. 소감 처음으로 링글플러스를 접하게 된 계기는 슬라이드 쉐어라는 사이트에서 대표자 분의 슬라이드를 발견했던 거 같습니다. 지금 다시 들어가서 보니 그 때 당시의 슬라이드를 찾지는 못 하지만 현재 대표자 분이 슬라이드 쉐어에 링글플러스라는 서비스에 소개해놓은 링크를 공유 드립니다. 저는 링글플러스라는 곳을 계속 사용할 거 같습니다. 게으르다보니 아침에 학원 가기도 귀찮고, 저녁에는 갑자기 회식이 잡히기도 하구요. 주말에는 갑자기 가족행사가 잡힐 때도 있고, 마트에 가야할 수도 있구요…. 전화영어는 저비용이긴 하지만 거의 만족해본 적이 없었고, 1:1 튜터 같은 경우는 이런 사람에게 튜터를 받아야 하나 싶은 사람이 나타나서 학원보다 돈을 더 많이 내야할 때도 있었구요. 저같이 전화영어는 아쉽고, 학원가기는 귀찮으시고, 1:1 튜터링 하시면서 이상한 튜터에 데여보신 분들에게 추천 드리구요. 미국 MBA나 영어로 석/박 인터뷰 준비하시는 분들에게는 특히 추천 드립니다. 전화 인터뷰든 아님 어드민이랑 직접 하시던 30~50분 정도 하셔야 할 텐데 제가 예전에 준비할 때 이런 서비스가 있었으면 잘 활용했을 거 같습니다. 아 그리고 1회 무료 체험수업도 신청이 가능합니다. 한 번 해보시고 득이 되는 지 안 되는지 판단해보셔도 괜찮을 거 같습니다. 웹사이트에서도 가능했고 이메일로도 가능했던 거 같습니다. 저는 이메일로 신청해서 운영진이 카톡으로 연락주셔서 체험수헙을 진행했었습니다. Wrap-up 1) 체험수헙 회원가입 --> 체헙수업 신청 --> 수업시간 선정 --> 수업교재 선택 --> 체헙수업 진행 후 서비스 이용결정 2) 서비스 이용 회원가입 --> 크레딧 구매 --> 수업시간 선정(웹사이트에서 선정) --> 수업교재 선택 --> 해당시간 웹사이트 접속하여 수업 진행 --> 피드백",,,초마짬뽕,https://www.clien.net/service/board/use/9288297
Clien,"[1:1 화상 영어, 링글 수업 체험기] 거창한 내용은 없고 개인적인 경험담에 가까워서 체험기에 쓰지 않고 여기에 씁니다. 회사에서 매달 10만원씩 영어 수업 지원해주는데 저는 영국에서 오래 살았고 뭐 영어는 이정도하면 먹고 사는 데 문제 없지 생각으로 신청 안하고 있다가 혹시 영어 외 다른 언어(스페인어, 일본어) 수업도 지원하는 지 알아보니까 그건 안되더군요. 한국에 오니 영어 쓸 기회가 점점 줄면서 영어 까먹지나 않을까 하는 생각이 들면서 그래도 회사에서 지원해주는 데 한번 알아보자고 했더니 영어 회화 학원 아무리 수업 몇번 안나가는 것도 꽤 비싸더군요. 검색을 몇번 했더니 구글이 친절(!)하게 관련 광고를 띄우기 시작합니다. 그 중 링글 1:1 화상 영어 회화가 보입니다. 무슨 이벤트라고 해서 20분 수업 4번에 99,000원이길래 신청했습니다. 선생님과 수업 시간을 직접 고를 수 있고 원하면 새벽 시간대도 신청이 가능한 게 좋더군요. 시간적 여유가 없으신 분들은 언제라도 가능한 점이 좋네요. 11월달에 결제해놓고 게을러서 일주일에 한번꼴로 수업 들었습니다. 그냥 자유주제가 아니라 링글에서 나온 여러가지 주제중 하나를 선택해서 미리 공부해서 들어갑니다. 또 저는 게을러서 거의 준비없이 그냥 들어갔습니다. 선생님들은 아이비리그급 명문대생이고 의대다니시는 선생님도 있습니다. 영국식 영어가 익숙해지고 싶으시면 영국 선생님, 특정 학과에 관심이 많다라고 하시면 특정 학과 출신 선생님 이런식으로 자신에게 맞는 수업을 선택하시면 될 거 같습니다. 제가 아무래도 영국식 영어가 익숙하다 보니 영어 선생님은 영국 선생님만 선택하다가 마지막 수업은 미국 선생님을 선택했습니다. 제 점수입니다. 보통 Fluency, Vocabulary는 9점대, Grammar는 8-9점대 사이이고 오히려 가장 걱정했던 Pronunciation이 10점 3번째까지 영국 선생님을 선택했다가 혹시 제 발음이 영국 사람들한테만 통하는 거 아닐까해서 마지막은 미국 선생님에게 수업을 들었는데도 비슷한 평가더군요. 항목당 이렇게 평가 기준이 있습니다. 발음 관련해서는 이런 기준이더군요. - 선생님 1 평가: 선생님 2 평가: 선생님 3 평가: 선생님 4 평가: 선생님 네분 다 평가가 비슷해서 신기했습니다. 대충 발음은 좋은데 문법적 에러가 좀 있다. 저는 오히려 발음이 약점이라고 생각했는데 문법 관련한 피드백이 많네요. 아침에 일어나서 비몽사몽 수업한 적도 있고 말하면서 이건 문법에 안맞네 이러면서도 그냥 대화를 이어가다보니 문법 실수가 많습니다. 영어 회화를 대화 위주로 배우면서 문법 공부를 게을리한 부분이 있는 거 같아서 이 부분을 보충해야 겠다는 생각을 합니다. 막상 글로 쓰면 문법적 오류가 그렇게 크지 않는데 말로는 실수가 자주 나오더군요. 아무리 해외에 오래 살아도 Vocabulary와 Fluency부분이 10점이 되지 않는구나라는 것도 깨달았습니다. 뭐 이거 다 10점주면 수업 안들을까봐 그렇지 않을까라며 핑계를 만들어 봅니다. - 링글 전체적인 평가 저는 처음보는 사람에게도 말 잘거는 편이라 그런 부분은 문제가 없었는데 전화 영어가 아니라 화상으로 대화하다보니 외국인 울렁증있는 사람들에게는 특히 도움이 되지 않을까 싶습니다. 유학을 가거나, 이민을 준비중이신 분들도 유용하게 쓸 거 같습니다. 전반적으로 만족스러웠지만 20분이라는 시간은 너무 짧았습니다. 뭘 조금 하려고 하면 수업 끝입니다. 20분 수업 말고도 다양한 수업이 있었던 거 같은데 최소 40분 수업정도는 들어야 도움이 크지 않을까 싶습니다. 수업 후 피드백 읽어보고 예습하는 게 크게 도움이 될 거 같기도 합니다. (저는 안했지만) 저는 적어도 제가 뭐가 부족한지는 많이 깨달아서 링글 충분히 가치있다고 봅니다. 다시 들을까 고민중인데 귀찮아서 할지 잘 모르겠습니다.",,,Wolowitz,https://www.clien.net/service/board/park/17774660
Blind,"[블라인드에 광고하세요!] 채널 블라블라 · 팔로우 링글? 화상영어 약사 · 쿠***** 작성일 2022.09.19. 조회수 5,004 댓글 18 북마크 링크복사 퍼가기 메뉴 더보기 후 올해가 가기전 영어공부를해보려해 링글이 후기가좋은거같던데(비싸지만) 40분은 너무길까...? 40분하고 주1회만할까? 아니면 좀더좋은 업체 추천도좋아 나는...나는 수능영어가 내인생 마지막영어공부였던거같아... 토익도 이제 10년다되어가는것같고.... 그냥 내 영어수준이그정도일거라고 가연 이상형 프로필 받기 직장인끼리 소개팅하러 가기💛 by 블라인드가 만든 소개팅앱 좋아요 좋아요 댓글 18 공유하기 카카오톡 페이스북 트위터 링크복사 퍼가기 공유하기 카카오톡 페이스북 트위터 URL복사 close 댓글 18 추천순 시간순 최신순 추천순 댓글을 남겨주세요. 파일 첨부하기 취소 등록 외교부 · i********* https://www.english-penguin.com/ 츄천 작성일 2023.10.13. 좋아요수 9 대댓글 대댓글 write comment 대댓글 쓰기 메뉴 더보기 AXA손해보험 · a********* 내생각에는 매일하는 화상영어가 좋은듯 지금 하는곳은 매일 25분씩하는데 저렴하고 외국계 취업하는데 큰도움 되었어~ 작성일 2022.11.18. 좋아요수 6 대댓글 5 write comment 대댓글 쓰기 메뉴 더보기 약사 · 쿠***** 작성자 오...나 링글인가 해봤는데 생각보다내가말을너뮤못해서 한두번하고포기했어 ㅜㅜㅜㅜㅜㅜㅜ 지금 어디쓰고있어 형 작성일 2022.11.18. 좋아요수 좋아요 공차코리아 · 펄******* 어딘지 알 수 있을까 작성일 2022.11.25. 좋아요수 좋아요 COUPANG · l********* 어디인가요 작성일 2022.12.02. 좋아요수 좋아요 + 대댓글 2개 더보기 AXA손해보험 · a********* 대댓글이 안되네요ㅠ Wefos화상영어 라고 유명하지는 않아요 근데 맞춤식으로 잘해주는 것 같아요 Wefos화상영어 카톡에서 채널 검색하시고 참고 고고 작성일 2022.12.04. 좋아요수 1 대댓글 1 write comment 대댓글 쓰기 메뉴 더보기 기아 · !******* 형 댓글보고 wefos 검색해봤는데.작은 네이버카페 하나 운영하는 업체 맞아? 구글도 별 내용 없고..네이버 검색하면 맘카페마다 똑같은 아이디로 좋다고 똑같은 패턴의 후기만 있던데...영 믿음이 안가서 ㅠㅠ 형 진짜 괜찮은거 맞아?? 작성일 2023.11.05. 좋아요수 1 Coupang · 광고 네스프레소 하우스블렌드 + 파이크플레이스 로스트 + 카페베로나 캡슐커피 90p + 그린 머그 세트 KT · p****** 링글 8회 끊고 이제 딱 1회 남았는데 40분 모자람... 작성일 2022.09.20. 좋아요수 좋아요 대댓글 5 write comment 대댓글 쓰기 메뉴 더보기 약사 · 쿠***** 작성자 모자라??? 작성일 2022.09.20. 좋아요수 좋아요 KT · r**** 개인적으로는 그랬음 .. 근데 링글은 영어수준이 보통 이상이어야 ...최소 디즈니 애니메이션 정도는 자막없이 80%이상 알아들어야 하고 일상대화도 어느정도 할줄알아야 편함. 작성일 2022.09.20. 좋아요수 좋아요 약사 · 쿠***** 작성자 후...한 65%정도 이해할것같은데......그렇다면 다른걸추천해줄수잇니 형 작성일 2022.09.20. 좋아요수 좋아요 + 대댓글 2개 더보기 대한항공 · i******* 40분 주1회 해ㅜ 안길어! 근데 인기강사들이 바빠서 주2회하기가힘들더라 작성일 2022.09.19. 좋아요수 좋아요 대댓글 1 write comment 대댓글 쓰기 메뉴 더보기 약사 · 쿠***** 작성자 이거하면..늘겟지?? 늘거야 그치? 그럼일단2달만해봐야겟다 작성일 2022.09.19. 좋아요수 좋아요 댓글 1개 더보기 블라블라 추천 글 나의 무지로 주변 사람들한테 상처줬던 썰 1. 빌라 새회사 · |***** 조회수 26626 좋아요 55 중고차 입양 햇33 인사들 해 새회사 · Q***** 조회수 207 좋아요 1 소개팅 했는데 소개팅녀 귀엽네 그냥 무난하게 1인1식 메뉴로 먹는 식당 갔는데 다 먹고 일어날 분위기길래 커피 한잔 하러 갈까요 물어보려고 했더니 자기가 점심을 안먹었어서 엄청 배고팠는데 배가 안 찼다고 하더라고.. 새회사 · 맵****** 조회수 148 좋아요 3 나 30대 후반여자인뎅 자산 7억 정도 모았다!!!! 공무원 · |******** 조회수 95 좋아요 2 데일리 룩 169/48이고 플레이타임중앙 · t********* 조회수 1308 좋아요 2 삭제 (추가) 공무원 · 뭐**** 조회수 14470 좋아요 32 진지하게 하닉 성과급이 많이버는거야? 세금떼고 월12개월로 나누어서 녹이면 얼마안될거같은데 변호사 · l********* 조회수 73 좋아요 0 시술한 병원 의사 잘생겼당 ㅎㅎㅎㅎ 나 보고 마스크 벗고 다시 들어왔는데 새회사 · !******** 조회수 76 좋아요 0 중소기업 월급 원래이래? 결혼전에 서로 월급 오픈 처음 해봤는데 원래 중소가 세후2백대인가요? 정확히는 2중반.. 처음엔 같이 모으면 되지 라고 생각했는데 좀 싱숭생숭하네요 삼성의료원 · |****** 조회수 172 좋아요 0 주말만 되면 잠들기 싫은 사람 그게 바로 나에요 넥슨게임즈 · i********* 조회수 33 좋아요 0 토픽 베스트 썸·연애 여자친구 이정도 잘못 용서하고 계속 만난 경험 있으신분 삼성전자 · C***** 조회수 30554 좋아요 21 주식·투자 회사가 미쳐돌아가서 너무 힘들다 SK하이닉스 · l********* 조회수 20292 좋아요 99 블라블라 류씨성 아들 이름 좀 지어줘 ㅠㅠ 공무원 · Q***** 조회수 3958 좋아요 2 I'm솔로 근데 옥순이는 ㄹㅇ 왜 욕먹은거임? 한국철도공사 · H***** 조회수 3872 좋아요 9 I'm솔로 상철 저 돼지는 자기객관화가 안되네 NAVER · l******** 조회수 16256 좋아요 306 I'm솔로 너 돈벌고 다니담서? 공무원 · 심***** 조회수 37741 좋아요 637 주식·투자 현재 내 포트 퀄컴코리아 · l********* 조회수 1888 좋아요 5 블라블라 삼성전자 반도체 성과급 많이 줬네 SK하이닉스 · 캣**** 조회수 4779 좋아요 6 블라블라 여친한테 적당히해 이년아 라고 장난쳤거든? 새회사 · j********* 조회수 15511 좋아요 8 결혼생활 고생했다 한 마디는 누가 언제 하는건가요? SK하이닉스 · 고*** 조회수 19969 좋아요 18",,,Anonymous,https://www.teamblind.com/kr/post/링글-화상영어-CKO0jbHJ
Blind,"[블라인드에 광고하세요!] 채널 블라블라 · 팔로우 링글 돈값해? 공무원 · i********* 작성일 2023.01.24. 조회수 1,870 댓글 5 북마크 링크복사 퍼가기 메뉴 더보기 사실 오프라인 학원 비하면 비싼건 아닌데 온라인 화상영어중에선 비싼편이잖아 다른 타사에 비해 괜찮은편이야? 직장인끼리 소개팅하러 가기💛 by 블라인드가 만든 소개팅앱 좋아요 좋아요 댓글 5 공유하기 카카오톡 페이스북 트위터 링크복사 퍼가기 공유하기 카카오톡 페이스북 트위터 URL복사 close 댓글 5 추천순 시간순 최신순 추천순 댓글을 남겨주세요. 파일 첨부하기 취소 등록 대법원 · C***** 몇개월째하고 있는데 아주만족.어설픈 과외보다 낫고, 다른 화상영어랑은 다르지. 챌린지참가하면 동기부여되고 수업권 사고 온라인 스터디 참가했는데 동기부여팍팍.스터디에서 다양한 사람들 만나고 넘 좋더라.뉴욕보스턴 챌린지도 참여하니 한달에 6번수업하고, 수업권도 받고, 자꾸 챌린지같은거 해서 무료수업도 받고. 단 예습복습열심히해야할 듯. 타사 화상/전화 많이해봤는데 젤 나아.글구 한꺼번에 수강권많이사면 원어민인데 가격 괜찮아.피드백이나 패러프레이징 수준이 다른데랑은 넘사벽이지.다만 수강신청하는게 짜증날수도 있어. 예습복습해야해서 주1,2회만 해. 작성일 2023.01.27. 좋아요수 좋아요 대댓글 1 write comment 대댓글 쓰기 메뉴 더보기 공무원 · i********* 작성자 자세한 댓글 고마워... 3회권 한번 끊어보고 장기 결정해야겠다 작성일 2023.01.27. 좋아요수 좋아요 스타트업 · !******* 캠블리 추천! 훨씬 싸고 전문 선생들 많음 작성일 2023.02.02. 좋아요수 좋아요 대댓글 대댓글 write comment 대댓글 쓰기 메뉴 더보기 인크로스 · L***** 링글은 영어수준이 좀 있어야 괜찮은편 예습하냐 안하냐에따라 수업에서 얻는 정도가 달라지는듯 작성일 2023.01.25. 좋아요수 좋아요 대댓글 대댓글 write comment 대댓글 쓰기 메뉴 더보기 Coupang · 광고 크리오 퍼펙션 이중미세모 비비드 칫솔 세트 SK텔레콤 · l******** 괜찮았음 작성일 2023.01.24. 좋아요수 좋아요 대댓글 대댓글 write comment 대댓글 쓰기 메뉴 더보기 블라블라 추천 글 나의 무지로 주변 사람들한테 상처줬던 썰 1. 빌라 새회사 · |***** 조회수 26645 좋아요 55 중고차 입양 햇33 인사들 해 새회사 · Q***** 조회수 207 좋아요 1 소개팅 했는데 소개팅녀 귀엽네 그냥 무난하게 1인1식 메뉴로 먹는 식당 갔는데 다 먹고 일어날 분위기길래 커피 한잔 하러 갈까요 물어보려고 했더니 자기가 점심을 안먹었어서 엄청 배고팠는데 배가 안 찼다고 하더라고.. 새회사 · 맵****** 조회수 151 좋아요 3 나 30대 후반여자인뎅 자산 7억 정도 모았다!!!! 공무원 · |******** 조회수 95 좋아요 2 데일리 룩 169/48이고 플레이타임중앙 · t********* 조회수 1321 좋아요 2 삭제 (추가) 공무원 · 뭐**** 조회수 14473 좋아요 32 진지하게 하닉 성과급이 많이버는거야? 세금떼고 월12개월로 나누어서 녹이면 얼마안될거같은데 변호사 · l********* 조회수 107 좋아요 0 시술한 병원 의사 잘생겼당 ㅎㅎㅎㅎ 나 보고 마스크 벗고 다시 들어왔는데 새회사 · !******** 조회수 76 좋아요 0 중소기업 월급 원래이래? 결혼전에 서로 월급 오픈 처음 해봤는데 원래 중소가 세후2백대인가요? 정확히는 2중반.. 처음엔 같이 모으면 되지 라고 생각했는데 좀 싱숭생숭하네요 삼성의료원 · |****** 조회수 172 좋아요 0 주말만 되면 잠들기 싫은 사람 그게 바로 나에요 넥슨게임즈 · i********* 조회수 33 좋아요 0 토픽 베스트 부동산 근데 유주택자들은 왜 ㅉㅈㅁ 싫어함? SK하이닉스 · k******** 조회수 2615 좋아요 8 블라블라 삭제 공무원 · 뭐**** 조회수 14472 좋아요 32 블라블라 여친한테 적당히해 이년아 라고 장난쳤거든? 새회사 · j********* 조회수 15511 좋아요 8 부동산 강남구 사는 젊은 직원에게 중랑구 산다고 했더니.. 한국철도공사 · ****** 조회수 18104 좋아요 14 썸·연애 여자친구 이정도 잘못 용서하고 계속 만난 경험 있으신분 삼성전자 · C***** 조회수 30554 좋아요 21 블라블라 나 진짜로 의사 · s******** 조회수 2918 좋아요 4 썸·연애 전남친 또는 전여친에게 진에어 · j********* 조회수 21678 좋아요 21 블라블라 삼성전자 반도체 성과급 많이 줬네 SK하이닉스 · 캣**** 조회수 4779 좋아요 6 I'm솔로 너 돈벌고 다니담서? 공무원 · 심***** 조회수 37741 좋아요 637 결혼생활 내가번돈 내 맘대로 쓰겠다는데 &lt&lt 이 말이 먖아? 공무원 · i********* 조회수 4798 좋아요 4",,,Anonymous,https://www.teamblind.com/kr/post/링글-돈값해-1HEYBaFF
Blind,"[블라인드에 광고하세요!] 채널 블라블라 · 팔로우 링글 써보신 분? 삼양식품 · f***** 작성일 2020.05.18. 조회수 1,491 댓글 5 북마크 링크복사 퍼가기 메뉴 더보기 혹시 #링글 써본 형누님들 계실까? 입사하고 영어를 너무 안 썼더니, 슬슬 입에서 굳을라고 하는 거 같네 ㅠ 링글이 좀 수준 있는 거 같고 괜찮아 보이던데 후기 있으면 공유 받고 싶어 😀 가연 이상형 프로필 받기 좋아요 좋아요 댓글 5 공유하기 카카오톡 페이스북 트위터 링크복사 퍼가기 공유하기 카카오톡 페이스북 트위터 URL복사 close 댓글 5 추천순 시간순 최신순 추천순 댓글을 남겨주세요. 파일 첨부하기 취소 등록 신세계인터내셔날 · i**** 가격이 좀 비싸고 솔직히 대체 가능한 서비스 넘 많아서 갈아탈까 맨날 고민하는데 난 튜터 한 명이랑 육개월정도 꾸준히 수업했고 튜터랑 나랑 너무 잘 맞아서 계속 하는거야. 꾸준히 수업해서 내 영어 문제점을 잘 알기도 하고 하나의 타픽에 각 자 다른 의견을 교환하는게 너무 즐거워. 튜터 만족도가 굉장히 높은 서비스니 다른 튜터들도 좋을거야! 그래서 결론은 추천이고 일단 체험 수업 해보고 결정하길 추천해! 작성일 2020.05.30. 좋아요수 2 대댓글 대댓글 write comment 대댓글 쓰기 메뉴 더보기 한국철도공사 · 복******* 프 링글 스 작성일 2020.05.18. 좋아요수 좋아요 대댓글 2 write comment 대댓글 쓰기 메뉴 더보기 삼양식품 · f***** 작성자 설레서 들어왔는데 이럴래? 작성일 2020.05.18. 좋아요수 좋아요 한국철도공사 · 복******* 미안🥺 작성일 2020.05.18. 좋아요수 좋아요 과학기술기획평가원 · i********* 나는 일주일에 한 번 정도 하려고하는데 솔직히 수업 한 번 하는 게 빡셈... 나는 튜터랑 40분동안 얘기하고나면 땀이 남ㅋㅋㅋ수업 제대로 예복습 안하면 돈 아까워ㅋㅋ영어 계속 써야하면 추천해! 작성일 2020.05.22. 좋아요수 좋아요 대댓글 대댓글 write comment 대댓글 쓰기 메뉴 더보기 Coupang · 광고 엘블로썸 여성 겨울 기모 히든밴드 스판좋은 와이드 청바지 블라블라 추천 글 나의 무지로 주변 사람들한테 상처줬던 썰 1. 빌라 새회사 · |***** 조회수 26645 좋아요 55 중고차 입양 햇33 인사들 해 새회사 · Q***** 조회수 207 좋아요 1 소개팅 했는데 소개팅녀 귀엽네 그냥 무난하게 1인1식 메뉴로 먹는 식당 갔는데 다 먹고 일어날 분위기길래 커피 한잔 하러 갈까요 물어보려고 했더니 자기가 점심을 안먹었어서 엄청 배고팠는데 배가 안 찼다고 하더라고.. 새회사 · 맵****** 조회수 151 좋아요 3 나 30대 후반여자인뎅 자산 7억 정도 모았다!!!! 공무원 · |******** 조회수 95 좋아요 2 데일리 룩 169/48이고 플레이타임중앙 · t********* 조회수 1321 좋아요 2 삭제 (추가) 공무원 · 뭐**** 조회수 14473 좋아요 32 진지하게 하닉 성과급이 많이버는거야? 세금떼고 월12개월로 나누어서 녹이면 얼마안될거같은데 변호사 · l********* 조회수 107 좋아요 0 시술한 병원 의사 잘생겼당 ㅎㅎㅎㅎ 나 보고 마스크 벗고 다시 들어왔는데 새회사 · !******** 조회수 76 좋아요 0 중소기업 월급 원래이래? 결혼전에 서로 월급 오픈 처음 해봤는데 원래 중소가 세후2백대인가요? 정확히는 2중반.. 처음엔 같이 모으면 되지 라고 생각했는데 좀 싱숭생숭하네요 삼성의료원 · |****** 조회수 172 좋아요 0 주말만 되면 잠들기 싫은 사람 그게 바로 나에요 넥슨게임즈 · i********* 조회수 33 좋아요 0 토픽 베스트 I'm솔로 29기 상철 185cm 저 피지컬 외모 헌포나 감성주점에서 연락처나 한잔하자고 하면 여성분들???솔직히 어때요?(여성분들만~~!!!) KB손해보험 · 포****** 조회수 17188 좋아요 6 썸·연애 돌싱인데 남친에게 언제 말해야됨? 비공개 · l********* 조회수 5967 좋아요 3 블라블라 여친한테 적당히해 이년아 라고 장난쳤거든? 새회사 · j********* 조회수 15511 좋아요 8 주식·투자 현재 내 포트 퀄컴코리아 · l********* 조회수 1888 좋아요 5 부동산 강남구 사는 젊은 직원에게 중랑구 산다고 했더니.. 한국철도공사 · ****** 조회수 18104 좋아요 14 결혼생활 고생했다 한 마디는 누가 언제 하는건가요? SK하이닉스 · 고*** 조회수 19969 좋아요 18 I'm솔로 나는솔로 29기 이번주 한줄평 약사 · 식******** 조회수 34131 좋아요 745 주식·투자 회사가 미쳐돌아가서 너무 힘들다 SK하이닉스 · l********* 조회수 20292 좋아요 99 부동산 부동산 올라가는 거 현정권 탓하는거 개짜치네 ㅋㅋ 서울교통공사 · i******** 조회수 6472 좋아요 42 블라블라 출근룩 플레이타임중앙 · t********* 조회수 18755 좋아요 5",,,Anonymous,https://www.teamblind.com/kr/post/링글-써보신-분-J0pgRbCC
Blind,"[블라인드에 광고하세요!] 채널 직장인 취미생활 · 팔로우 링글 캠블리 등 화상 영어 어때 바이트댄스 · 스** 작성일 2021.10.09. 조회수 2,751 댓글 11 북마크 링크복사 퍼가기 메뉴 더보기 링글이 제일 튜터 퀄리티도 높다고 알고는 있는데 가격이 너무 후덜덜해서 고민하고 있어ㅜ 기업 연계해서 할인 하는 것도 있더라고 우리 회사는 없는 거 같은 데 혹시 회사 연계로 할인은 얼마까지 받는지도 궁금하구 캠블리도 광고를 많이 하긴 하던데 수업이 체계적이지 못 하다는 평이 많아서 보류중이야 전화 영어는 별로 생각이 없고 가성비 고급 영어회화 가능한 서비스들 추천해 줄 수 있으면 너무 도움 될 거 같아! # tag 삼성전자 구글코리아 Amazon 매일 아침 7시 OPEN! 단 하루 특가 골드박스 1년에 단 한번, 쿠팡 글로벌 블랙프라이데이 좋아요 4 댓글 11 공유하기 카카오톡 페이스북 트위터 링크복사 퍼가기 공유하기 카카오톡 페이스북 트위터 URL복사 close 댓글 11 추천순 시간순 최신순 추천순 댓글을 남겨주세요. 파일 첨부하기 취소 등록 BC카드 · u******** 튜터링 좋음! 위에 언급 한 곳 다 해봤는데 여기가 제일 좋았음. 튜터 상태도 좋고 24시간 할 수 잇던데 작성일 2021.10.15. 좋아요수 2 대댓글 1 write comment 대댓글 쓰기 메뉴 더보기 바이트댄스 · 스** 작성자 오호 참고할게! 작성일 2021.10.15. 좋아요수 좋아요 스타트업 · s******** 땡큐티처라는 곳 링글 보단 더 싸고, 퀄은 거의 비슷한듯 거기도 아이비리그 밀고 있음, 생긴지 얼마 안돼서 본사문의 하면 할인혜택 줌ㅋㅋ난 어학지원비 여기서 다쓰는중 작성일 2021.10.09. 좋아요수 1 대댓글 1 write comment 대댓글 쓰기 메뉴 더보기 바이트댄스 · 스** 작성자 오! 좋은 정보 감사 작성일 2021.10.10. 좋아요수 1 Google Korea · i********* 링고다 좋아요~ Lingoda입니다. 작성일 2021.10.09. 좋아요수 2 대댓글 대댓글 write comment 대댓글 쓰기 메뉴 더보기 Coupang · 광고 뉴케어 정품 액티브 오리지널 새회사 · D**** 링글에서 교재 계속 업데이트 잘해줘서 최근 이슈 토픽 다뤄서 좋음 튜터 잘맞는 사람 찾아서 고정적으로 하면 괜찮음 작성일 2021.10.09. 좋아요수 좋아요 대댓글 2 write comment 대댓글 쓰기 메뉴 더보기 바이트댄스 · 스** 작성자 프로모션 말고는 할인혜택 거의 없다 보면 되지? 작성일 2021.10.09. 좋아요수 좋아요 새회사 · D**** 난 그래서 횟수 최대 상품으로해 작성일 2021.10.09. 좋아요수 1 Google Korea · I******* 링글 평이 사람마다 갈리긴 하는데 수준은 전반적으로 높다고 들었어요 작성일 2021.10.09. 좋아요수 1 대댓글 1 write comment 대댓글 쓰기 메뉴 더보기 바이트댄스 · 스** 작성자 오호! 혹시 기업 제휴 할인은 큰가요 아신다면! 작성일 2021.10.09. 좋아요수 좋아요 댓글 1개 더보기 직장인 취미생활 추천 글 별 찍고 다닌지 5년, 은하수 찍고 다닌지 3년됐다 나도 참 오랫동안 한결같이 이래왔어 비공개 · 은하수사냥꾼🌌 조회수 399 좋아요 21 짭쫀쿠 만들었엉 한번 봐줘잉 춘권피로 두쫀쿠 만드는 쇼츠 보고 이거다 싶어서 춘권피 얇게 채썰어서 에프에 굽고 버터에 뒤적이구 한솔섬유 · c********* 조회수 143 좋아요 0 피아노 모임 인원 모집합니다! 안녕하세요. 현대자동차 · 피** 조회수 83 좋아요 1 중국어 회화 스터디 혹시 중국어 회화 스터디 하시는분 안계실까요? 티맥스에이앤씨 · 5*** 조회수 24 좋아요 0 24일 2시 가평 k26에서 스쿠버 연습하실분? 24일 2시 가평 k26에서 스쿠버 연습하실분? 다른 날짜라도 연습하실 분 연락주세요 ^^ 공무원 · z***** 조회수 6 좋아요 0 [인천/부천] 일요일 오전 독서/영화 토론 모임 인원 모집합니다. 1. 스터디 종류 : 독서 및 영화 토론 모임 금호타이어 · 행**** 조회수 23 좋아요 0 문화예술 취미 같이해요 재능기부 이벤트와 티켓나눔도 많아요! 전시회, 박물관, 영화관, 연극, 음악회 새회사 · 문**** 조회수 30 좋아요 0 [신촌] 주말 상급영어 회화모임 충원 5년 가까이 꾸준하게 운영되고 있는 2030대 직장인 상급영어 회화모임 입니다 티유브이슈드코리아 · I********* 조회수 49 좋아요 0 스쿠버 같이할사람~~~ 강사되고 2년동안 혼자 다니면서 놀다보니 씨아이에스 · @********* 조회수 38 좋아요 0 WoW 잼따 히히 와우랑 리디셀렉트 구독 끊으니까 취미에 돈 들어갈 일이 없네... 공무원 · l********* 조회수 29 좋아요 0 토픽 베스트 결혼생활 90~년대생 여자애들 보니 분수에 안맞게 상향혼 하려는거 유행인가 HD현대중공업 · i****** 조회수 1275 좋아요 3 주식·투자 현재 내 포트 퀄컴코리아 · l********* 조회수 1888 좋아요 5 블라블라 삼성전자 반도체 성과급 많이 줬네 SK하이닉스 · 캣**** 조회수 4779 좋아요 6 블라블라 나 조건 뭘 포기해야 할까 고려대학교의료원 · i***** 조회수 7908 좋아요 6 부동산 강남구 사는 젊은 직원에게 중랑구 산다고 했더니.. 한국철도공사 · ****** 조회수 18104 좋아요 14 주식·투자 회사가 미쳐돌아가서 너무 힘들다 SK하이닉스 · l********* 조회수 20292 좋아요 99 I'm솔로 근데 옥순이는 ㄹㅇ 왜 욕먹은거임? 한국철도공사 · H***** 조회수 3872 좋아요 9 썸·연애 전남친 또는 전여친에게 진에어 · j********* 조회수 21678 좋아요 21 블라블라 나 진짜로 의사 · s******** 조회수 2918 좋아요 4 I'm솔로 상철 저 돼지는 자기객관화가 안되네 NAVER · l******** 조회수 16256 좋아요 306",,,Anonymous,https://www.teamblind.com/kr/post/링글-캠블리-등-화상-영어-어때-j6QPfnxh
Blind,"[블라인드에 광고하세요!] 채널 직장인 취미생활 · 팔로우 링글 써본사람? ASML · i********* 작성일 2020.03.24. 조회수 5,457 댓글 10 북마크 링크복사 퍼가기 메뉴 더보기 고급영어 실력만들고 싶어서 공부 하려고하는데 링글이란게 있더라구 비용 겁나들긴하던데 이거 써 본사람 있어? 후기 좀! 가연 이상형 프로필 받기 좋아요 3 댓글 10 공유하기 카카오톡 페이스북 트위터 링크복사 퍼가기 공유하기 카카오톡 페이스북 트위터 URL복사 close 댓글 10 추천순 시간순 최신순 추천순 댓글을 남겨주세요. 파일 첨부하기 취소 등록 새회사 · j**** 난 좋은거같아,,, 유폰이랑 핸드폰 어플로하는것도 써봤는데 젤조아. 선생님별 후기 꼼꼼히 읽고 신청하면 괜찮은듯 ?! 40분 하면 확실히 대화 많이 나눴다는 느낌들더라 ㅎㅎ 작성일 2021.08.04. 좋아요수 1 대댓글 2 write comment 대댓글 쓰기 메뉴 더보기 새회사 · 굣 안녕하세요. 링글 유아이유엑스 공모전 준비중인 직장인입니다.! 링글의 서비스 개선을 위한 프로젝트에 참여해 현재 진행중인데. 주변에서 링글을 사용하시는 분들을 찾기가 많이 어려워 어려움을 겪고 있습니다. 시장 조사를 위해 고객 인터뷰가 필요한데 만일 간단한 설문지 보내드리면 응해주실수 있을까요.? 또는 빠르게 전화인터뷰도 가능합니다.! 감사의 마음으로 소정의 선물을 드리겠습니다.! 2분내로 응답 가능하게 설문 예정입니다. 참여해주신다면 조사에 난항을 겪고있는 한 직장인에게 빛같은 존재가 되어주실수 있을꺼에요 ㅠㅠ 답장 기다리겠습니다.!! 작성일 2022.01.12. 좋아요수 좋아요 한국능률협회 · a****** 저요! 인터뷰 희망합니다. 작성일 2022.02.01. 좋아요수 좋아요 한국은행 · z***** 비추222 작성일 2020.03.24. 좋아요수 1 대댓글 대댓글 write comment 대댓글 쓰기 메뉴 더보기 작성자가 삭제한 댓글입니다. ASML · i********* 작성자 아 그래? 비지니스타입으로 배워볼랬는데ㅜㅜ 차이없나보네 비용이 쎄길래 그만큼좋은줄 작성일 2020.03.24. 좋아요수 좋아요 Coupang · 광고 스카치 쓰리엠 컴팩트 원터치 디스펜서 조선일보 · 0**** 비추3333 작성일 2020.11.25. 좋아요수 좋아요 대댓글 대댓글 write comment 대댓글 쓰기 메뉴 더보기 삼성전자 · I********* 개구려.. 영어 교육 한번도 안해본 외국 아이비리그 얼빵한 새끼가 존나 입털다 끝남. 작성일 2020.03.24. 좋아요수 15 대댓글 3 write comment 대댓글 쓰기 메뉴 더보기 LG유플러스 · 야**** 형 그럼 뭐 추천해? 작성일 2020.09.23. 좋아요수 좋아요 새회사 · 밀** 그럼 어떤 사람들이 잘 가르쳐? 작성일 2021.08.03. 좋아요수 좋아요 새회사 · 굣 안녕하세요. 링글 유아이유엑스 공모전 준비중인 직장인입니다.! 링글의 서비스 개선을 위한 프로젝트에 참여해 현재 진행중인데. 주변에서 링글을 사용하시는 분들을 찾기가 많이 어려워 어려움을 겪고 있습니다. 시장 조사를 위해 고객 인터뷰가 필요한데 만일 간단한 설문지 보내드리면 응해주실수 있을까요.? 또는 빠르게 전화인터뷰도 가능합니다.! 감사의 마음으로 소정의 선물을 드리겠습니다.! 2분내로 응답 가능하게 설문 예정입니다. 참여해주신다면 조사에 난항을 겪고있는 한 직장인에게 빛같은 존재가 되어주실수 있을꺼에요 ㅠㅠ 답장 기다리겠습니다.!! 작성일 2022.01.12. 좋아요수 좋아요 직장인 취미생활 추천 글 별 찍고 다닌지 5년, 은하수 찍고 다닌지 3년됐다 나도 참 오랫동안 한결같이 이래왔어 비공개 · 은하수사냥꾼🌌 조회수 399 좋아요 21 짭쫀쿠 만들었엉 한번 봐줘잉 춘권피로 두쫀쿠 만드는 쇼츠 보고 이거다 싶어서 춘권피 얇게 채썰어서 에프에 굽고 버터에 뒤적이구 한솔섬유 · c********* 조회수 143 좋아요 0 피아노 모임 인원 모집합니다! 안녕하세요. 현대자동차 · 피** 조회수 83 좋아요 1 중국어 회화 스터디 혹시 중국어 회화 스터디 하시는분 안계실까요? 티맥스에이앤씨 · 5*** 조회수 24 좋아요 0 24일 2시 가평 k26에서 스쿠버 연습하실분? 24일 2시 가평 k26에서 스쿠버 연습하실분? 다른 날짜라도 연습하실 분 연락주세요 ^^ 공무원 · z***** 조회수 6 좋아요 0 [인천/부천] 일요일 오전 독서/영화 토론 모임 인원 모집합니다. 1. 스터디 종류 : 독서 및 영화 토론 모임 금호타이어 · 행**** 조회수 23 좋아요 0 문화예술 취미 같이해요 재능기부 이벤트와 티켓나눔도 많아요! 전시회, 박물관, 영화관, 연극, 음악회 새회사 · 문**** 조회수 30 좋아요 0 [신촌] 주말 상급영어 회화모임 충원 5년 가까이 꾸준하게 운영되고 있는 2030대 직장인 상급영어 회화모임 입니다 티유브이슈드코리아 · I********* 조회수 49 좋아요 0 스쿠버 같이할사람~~~ 강사되고 2년동안 혼자 다니면서 놀다보니 씨아이에스 · @********* 조회수 38 좋아요 0 WoW 잼따 히히 와우랑 리디셀렉트 구독 끊으니까 취미에 돈 들어갈 일이 없네... 공무원 · l********* 조회수 29 좋아요 0 토픽 베스트 블라블라 삼성전자 반도체 성과급 많이 줬네 SK하이닉스 · 캣**** 조회수 4779 좋아요 6 I'm솔로 너 돈벌고 다니담서? 공무원 · 심***** 조회수 37741 좋아요 637 부동산 강남구 사는 젊은 직원에게 중랑구 산다고 했더니.. 한국철도공사 · ****** 조회수 18104 좋아요 14 부동산 근데 유주택자들은 왜 ㅉㅈㅁ 싫어함? SK하이닉스 · k******** 조회수 2615 좋아요 8 썸·연애 여자친구 이정도 잘못 용서하고 계속 만난 경험 있으신분 삼성전자 · C***** 조회수 30554 좋아요 21 블라블라 대한항공 객실승원부 휴가 운영 변경사항인데 이게 적법한 운영이 맞나요? 대한항공 · t****** 조회수 13942 좋아요 117 I'm솔로 나는솔로 29기 이번주 한줄평 약사 · 식******** 조회수 34131 좋아요 745 블라블라 류씨성 아들 이름 좀 지어줘 ㅠㅠ 공무원 · Q***** 조회수 3958 좋아요 2 결혼생활 고생했다 한 마디는 누가 언제 하는건가요? SK하이닉스 · 고*** 조회수 19969 좋아요 18 썸·연애 돌싱인데 남친에게 언제 말해야됨? 비공개 · l********* 조회수 5967 좋아요 3",,,Anonymous,https://www.teamblind.com/kr/post/링글-써본사람-ovgwdpfq
Blind,"[블라인드에 광고하세요!] 채널 블라블라 · 팔로우 링글 해 본 사람??? 인천국제공항공사 · i******* 작성일 2021.01.17. 조회수 3,395 댓글 12 북마크 링크복사 퍼가기 메뉴 더보기 영어 나름 잘하는 편이긴 한데 일상에서든 비지니스 회화든 네이티브 수준으로 끌어올리고 싶어서 링글 고민 중! 화상으로만 해도 충분한지 가격 대비 만족도 높은지 궁금해🤔🤔 tag Amazon 구글코리아 공기업 라운지 직장인끼리 소개팅하러 가기💛 by 블라인드가 만든 소개팅앱 직장인 맞춤 DB, 블라인드 타로 좋아요 1 댓글 12 공유하기 카카오톡 페이스북 트위터 링크복사 퍼가기 공유하기 카카오톡 페이스북 트위터 URL복사 close 댓글 12 추천순 시간순 최신순 추천순 댓글을 남겨주세요. 파일 첨부하기 취소 등록 딜리버리히어로코리아 · M***** 나 해봤오!!! 선생님들도 괜찮고 본인 의지만 있으면 괜찮은 것 같아!! 작성일 2021.01.17. 좋아요수 좋아요 대댓글 3 write comment 대댓글 쓰기 메뉴 더보기 인천국제공항공사 · i******* 작성자 오 알려줘서 고마웡!! 확실히 향상된다는 느낌들어? 다른 곳에서 화상영어 전화영어 해봤는데 자꾸 쓰는 표현만 쓰게 되는 것 같고 체계적이라는 느낌이 없었거든ㅠㅠ 작성일 2021.01.17. 좋아요수 좋아요 딜리버리히어로코리아 · M***** 웅웅! 나두 전화영어 많이 해봤는데.. 링글은 선생님 수준이나 자료가 확실히 좋아! 거기 자료 사용하거나, 회의영어 / 마케팅영어 / 면접영어 ~이런식으로 명확히 주제 정해서 하고 준비해서 하면 좋을듯 ㅎ나는 추천하는데 게을러서 3개 날렸오.. 흑 ㅎㅎ 작성일 2021.01.17. 좋아요수 좋아요 새회사 · 굣 안녕하세요. 링글 유아이유엑스 공모전 준비중인 직장인입니다.! 링글의 서비스 개선을 위한 프로젝트에 참여해 현재 진행중인데. 주변에서 링글을 사용하시는 분들을 찾기가 많이 어려워 어려움을 겪고 있습니다. 시장 조사를 위해 고객 인터뷰가 필요한데 만일 간단한 설문지 보내드리면 응해주실수 있을까요.? 또는 빠르게 전화인터뷰도 가능합니다.! 감사의 마음으로 소정의 선물을 드리겠습니다.! 2분내로 응답 가능하게 설문 예정입니다. 참여해주신다면 조사에 난항을 겪고있는 한 직장인에게 빛같은 존재가 되어주실수 있을꺼에요 ㅠㅠ 답장 기다리겠습니다.!! 작성일 2022.01.12. 좋아요수 좋아요 SK브로드밴드 · M***** 작년에 1년 동안 했는데 후기 궁금하면 쪽지줘 작성일 2021.01.17. 좋아요수 좋아요 대댓글 3 write comment 대댓글 쓰기 메뉴 더보기 인천국제공항공사 · i******* 작성자 오 쪽지할겡!! 작성일 2021.01.17. 좋아요수 좋아요 한국화이자 · 빵**** 나도 궁금한데 쪽지하면대? 작성일 2021.01.17. 좋아요수 좋아요 SK브로드밴드 · M***** 응 연락 ㄱ ㄱ 작성일 2021.01.17. 좋아요수 좋아요 삼일회계법인 · 삼***** 형네 영어관련 지원해주자나 작성일 2021.01.17. 좋아요수 좋아요 대댓글 1 write comment 대댓글 쓰기 메뉴 더보기 인천국제공항공사 · i******* 작성자 특정회사 연계 지원이라서 링글은 안해줘.. 작성일 2021.01.17. 좋아요수 좋아요 Coupang · 광고 하이피러브 사무용 메쉬 컴퓨터 의자 현대모비스 · E***** 멘토 안맞으면 교체가능해? 작성일 2021.07.14. 좋아요수 좋아요 대댓글 대댓글 write comment 대댓글 쓰기 메뉴 더보기 Amazon · !******** 멘토 잘 맞으면 진짜 좋고 투자한만큼 얻어가기 좋은듯 작성일 2021.01.17. 좋아요수 좋아요 대댓글 대댓글 write comment 대댓글 쓰기 메뉴 더보기 블라블라 추천 글 나의 무지로 주변 사람들한테 상처줬던 썰 1. 빌라 새회사 · |***** 조회수 26645 좋아요 55 중고차 입양 햇33 인사들 해 새회사 · Q***** 조회수 207 좋아요 1 소개팅 했는데 소개팅녀 귀엽네 그냥 무난하게 1인1식 메뉴로 먹는 식당 갔는데 다 먹고 일어날 분위기길래 커피 한잔 하러 갈까요 물어보려고 했더니 자기가 점심을 안먹었어서 엄청 배고팠는데 배가 안 찼다고 하더라고.. 새회사 · 맵****** 조회수 151 좋아요 3 나 30대 후반여자인뎅 자산 7억 정도 모았다!!!! 공무원 · |******** 조회수 95 좋아요 2 데일리 룩 169/48이고 플레이타임중앙 · t********* 조회수 1321 좋아요 2 삭제 (추가) 공무원 · 뭐**** 조회수 14473 좋아요 32 진지하게 하닉 성과급이 많이버는거야? 세금떼고 월12개월로 나누어서 녹이면 얼마안될거같은데 변호사 · l********* 조회수 107 좋아요 0 시술한 병원 의사 잘생겼당 ㅎㅎㅎㅎ 나 보고 마스크 벗고 다시 들어왔는데 새회사 · !******** 조회수 76 좋아요 0 중소기업 월급 원래이래? 결혼전에 서로 월급 오픈 처음 해봤는데 원래 중소가 세후2백대인가요? 정확히는 2중반.. 처음엔 같이 모으면 되지 라고 생각했는데 좀 싱숭생숭하네요 삼성의료원 · |****** 조회수 172 좋아요 0 주말만 되면 잠들기 싫은 사람 그게 바로 나에요 넥슨게임즈 · i********* 조회수 33 좋아요 0 토픽 베스트 부동산 강남구 사는 젊은 직원에게 중랑구 산다고 했더니.. 한국철도공사 · ****** 조회수 18104 좋아요 14 블라블라 여친한테 적당히해 이년아 라고 장난쳤거든? 새회사 · j********* 조회수 15511 좋아요 8 결혼생활 고생했다 한 마디는 누가 언제 하는건가요? SK하이닉스 · 고*** 조회수 19969 좋아요 18 결혼생활 90~년대생 여자애들 보니 분수에 안맞게 상향혼 하려는거 유행인가 HD현대중공업 · i****** 조회수 1275 좋아요 3 결혼생활 허구언날 우는 와이프 비공개 · 레**** 조회수 9306 좋아요 2 주식·투자 [정보] 주린이를 위한 AI활용 주식 투자 꿀팁 한국생산성본부 · ‘****** 조회수 2596 좋아요 37 부동산 근데 유주택자들은 왜 ㅉㅈㅁ 싫어함? SK하이닉스 · k******** 조회수 2615 좋아요 8 I'm솔로 29기 상철 185cm 저 피지컬 외모 헌포나 감성주점에서 연락처나 한잔하자고 하면 여성분들???솔직히 어때요?(여성분들만~~!!!) KB손해보험 · 포****** 조회수 17188 좋아요 6 부동산 부동산 올라가는 거 현정권 탓하는거 개짜치네 ㅋㅋ 서울교통공사 · i******** 조회수 6472 좋아요 42 블라블라 삼성전자 반도체 성과급 많이 줬네 SK하이닉스 · 캣**** 조회수 4779 좋아요 6",,,Anonymous,https://www.teamblind.com/kr/post/링글-해-본-사람-YZFw0ue4
Blind,"[블라인드에 광고하세요!] 채널 블라블라 · 팔로우 링글 화상영어 강추 인하대학교교직원 · 달*** 작성일 2023.12.05. 조회수 2,297 댓글 8 북마크 링크복사 퍼가기 메뉴 더보기 외국계 회사로 이직을 하게되서 발등에 불 떨어져서 화상영어를 알아보다가 링글 결제 했는데 진짜 강추해. 영어 실력이 조금 있는 사람들이 더 고급영어로 가기위해 좋을것 같아. 나는 앞으로 영어로 발표나 차트설명 미팅을 해야해서 튜터를 선택할때 관련 전공이고 회사 경험이있거나 박사학위 있는 사람을 골랐어. 너무 어린 쌩대학생은 안했어. 그랬더니 우리쪽 전공용어를 영어로 다 아니까 나의 캐쥬얼한 표현을 포말하게 다 바꿔줘서 너무 좋드라. 그리고 스페니시등 다른 언어를 공부한 경험이 있는 튜터들이 좋았어. 본인도 다른 언어를 공부해봐서 그런지 잘 가르쳐줘. 그리고 주제는 내가 선택하고 선택한 주제에 대해서 기사랑 동영상이 제공되는데 내가 시간들여서 찾을필요 없어서 좋드라. 난 주로 At work 주제로 했어. 난 발등에 불이 떨어지기도 했고 20분선택하면 선택한 주제에 대해 말하다가 끝날것 같아서 내가 궁금한거 질문하려고 40분 선택했는데 어떤날은 시간이 3-5분 정도 남기도 해서 미리 질문할거 많이 생각해두면 좋겠드라. 수업끝나면 AI가 문법오류는 다 잡아주기 때문에 수업시간에 튜터랑 할때는 리프레이징을 하는게 좋을거같아. 가입할때 초대코드 넣으면 5만포인트가 쌓인데. 난 이런거 있는지 모르고 쌩으로 가입했었는데. 가연 이상형 프로필 받기 공식 APPLE 브랜드관에서 쿠팡 특가로 지금 만나보세요 좋아요 3 댓글 8 공유하기 카카오톡 페이스북 트위터 링크복사 퍼가기 공유하기 카카오톡 페이스북 트위터 URL복사 close 댓글 8 추천순 시간순 최신순 추천순 댓글을 남겨주세요. 파일 첨부하기 취소 등록 스타트업 · l********* 20분vs40분 뭐가 좋아? 작성일 2023.12.09. 좋아요수 좋아요 대댓글 1 write comment 대댓글 쓰기 메뉴 더보기 인하대학교교직원 · 달*** 작성자 저는 지금 40분으로 하고있는데 주제외에도 여유롭게 궁금한거 물어볼 수 있어서 좋아요. 발등에 불 떨어진거 꺼지면 20분으로 바꿀거에요. 작성일 2023.12.09. 좋아요수 좋아요 작성자가 삭제한 댓글입니다. 인하대학교교직원 · 달*** 작성자 튜터는 몇명 돌아가면서 하는데.. 주제는 하고싶은거(필요했던거) 다 하고 났더니 고르는데 시간이 걸리긴하네요.ㅠ 작성일 2023.12.05. 좋아요수 좋아요 김앤장법률사무소 · 우***** 초대, 추천코드 같은 거 신고 사유임 작성일 2023.12.05. 좋아요수 좋아요 대댓글 1 write comment 대댓글 쓰기 메뉴 더보기 인하대학교교직원 · 달*** 작성자 몰랐네요. 수정완료 작성일 2023.12.05. 좋아요수 좋아요 Coupang · 광고 네스프레소 하우스블렌드 + 파이크플레이스 로스트 + 카페베로나 캡슐커피 90p + 그린 머그 세트 기아 · !******* 튜터는 누구 추천하시나요? 작성일 2024.09.13. 좋아요수 좋아요 대댓글 대댓글 write comment 대댓글 쓰기 메뉴 더보기 홈앤쇼핑 · d*** 혹시 외국계 이직은 어떻게하셧나영.. ㅜ^ㅜ 작성일 2024.04.20. 좋아요수 좋아요 대댓글 대댓글 write comment 대댓글 쓰기 메뉴 더보기 댓글 1개 더보기 블라블라 추천 글 나의 무지로 주변 사람들한테 상처줬던 썰 1. 빌라 새회사 · |***** 조회수 26645 좋아요 55 중고차 입양 햇33 인사들 해 새회사 · Q***** 조회수 207 좋아요 1 소개팅 했는데 소개팅녀 귀엽네 그냥 무난하게 1인1식 메뉴로 먹는 식당 갔는데 다 먹고 일어날 분위기길래 커피 한잔 하러 갈까요 물어보려고 했더니 자기가 점심을 안먹었어서 엄청 배고팠는데 배가 안 찼다고 하더라고.. 새회사 · 맵****** 조회수 151 좋아요 3 나 30대 후반여자인뎅 자산 7억 정도 모았다!!!! 공무원 · |******** 조회수 95 좋아요 2 데일리 룩 169/48이고 플레이타임중앙 · t********* 조회수 1321 좋아요 2 삭제 (추가) 공무원 · 뭐**** 조회수 14473 좋아요 32 진지하게 하닉 성과급이 많이버는거야? 세금떼고 월12개월로 나누어서 녹이면 얼마안될거같은데 변호사 · l********* 조회수 107 좋아요 0 시술한 병원 의사 잘생겼당 ㅎㅎㅎㅎ 나 보고 마스크 벗고 다시 들어왔는데 새회사 · !******** 조회수 76 좋아요 0 중소기업 월급 원래이래? 결혼전에 서로 월급 오픈 처음 해봤는데 원래 중소가 세후2백대인가요? 정확히는 2중반.. 처음엔 같이 모으면 되지 라고 생각했는데 좀 싱숭생숭하네요 삼성의료원 · |****** 조회수 172 좋아요 0 주말만 되면 잠들기 싫은 사람 그게 바로 나에요 넥슨게임즈 · i********* 조회수 33 좋아요 0 토픽 베스트 블라블라 나 진짜로 의사 · s******** 조회수 2918 좋아요 4 결혼생활 90~년대생 여자애들 보니 분수에 안맞게 상향혼 하려는거 유행인가 HD현대중공업 · i****** 조회수 1275 좋아요 3 썸·연애 여자로서 영미권 백인과 국결을 꿈꾸는 게 죄인가? COUPANG · 저****** 조회수 17454 좋아요 42 I'm솔로 29기 상철 185cm 저 피지컬 외모 헌포나 감성주점에서 연락처나 한잔하자고 하면 여성분들???솔직히 어때요?(여성분들만~~!!!) KB손해보험 · 포****** 조회수 17188 좋아요 6 주식·투자 마통투자하는 남편... 공무원 · l********* 조회수 9367 좋아요 9 주식·투자 [정보] 주린이를 위한 AI활용 주식 투자 꿀팁 한국생산성본부 · ‘****** 조회수 2596 좋아요 37 결혼생활 고생했다 한 마디는 누가 언제 하는건가요? SK하이닉스 · 고*** 조회수 19969 좋아요 18 블라블라 대한항공 객실승원부 휴가 운영 변경사항인데 이게 적법한 운영이 맞나요? 대한항공 · t****** 조회수 13942 좋아요 117 블라블라 여친한테 적당히해 이년아 라고 장난쳤거든? 새회사 · j********* 조회수 15511 좋아요 8 부동산 근데 유주택자들은 왜 ㅉㅈㅁ 싫어함? SK하이닉스 · k******** 조회수 2615 좋아요 8",,,Anonymous,https://www.teamblind.com/kr/post/링글-화상영어-강추-8eQePASa
Tistory,"[kindoflegacy] Tips [내돈내산] 링글 영어회화 7개월 리뷰 (캠블리, 스픽 비교) by somlegacy 2025. 8. 16. 반응형 약 7개월째 진행하고 있는 '링글' 영어 학습 플랫폼에 대해서 솔직하게 리뷰 해 보는 글을 작성해보려고 합니다. 아무래도 저도 고민을 정말로 많이 했었고, 비교도 많이 했던 터라 도움이 되는 글이었으면 좋겠습니다. 제가 비교했던 플랫폼은 링글 ( Rin g le ) , 캠블리 (Cambly ), 스픽(Speak) 입니다. 플랫폼에 대한 비교는 간략하게 아래 글에서 작성하겠지만, 저에게는 링글이 가장 맞다고 판단하여 시작하게 되었습니다. 링글을 선택한 이유와 링글을 7개월간 사용하면서 느낀 솔직한 장단점 에 대해서 리뷰 할 테니 끝까지 꼭 읽어보시고 판단하시길 바랍니다. 글은 결코 후원이 아닌 내돈내산 후 쓰는 자발적 게시글입니다. 리얼클래스와 스피킹맥스를 모두 사용해 본 사용자로서 해당 플랫폼과 고민 중이시라면 큰 도움이 될 것 같습니다. 또한 제 영어 학습 팁도 공유해 보도록 하겠습니다. 글 하단에는 링글 최저가 할인받아 수강하는 (제휴광고 X) 꿀팁 도 드릴 테니 꼭 꼭 놓치지 마세요! 링글 Ringle 영어 학습 플랫폼에 대해 먼저, 링글에 대한 이해가 필요합니다. 링글은 한국에서 시작된 영어 학습 스타트 기업으로서, 영어 교육의 새로운 지평을 열고자 하는 목표로 미국 MBA 과정 중에 만난 친구가 설립하였습니다. 링글, 기존 화상영어 플랫폼을 업그레이드하다 단순히 언어를 배우는 것을 넘어, 양질의 콘텐츠와 문화적 소통까지 배우울 수 있는 영어 학습 플랫폼에 대한 열망이 컸던 두 청년은 기존 화상영어의 아이디어에 새로운 것들은 결합하여 링글을 창업하게 되었습니다. 학습에 있어서 가장 중요한 예습과 복습을 그대로 반영한 것인데요. 스피킹의 영역에서는 특히나 예습과 복습이 굉장히 중요한데, 기존 플랫폼에 부족한 이 두 영역을 링글은 놓치지 않았습니다. 링글 공동창업자와 직원들 최고의 양질의 콘텐츠와 강사진 먼저, 링글은 아이비리그 튜터로 유명세를 탔습니다. 어차피 초등학생 수준의 영어로 말하는데 아이비리그 강사가 왜 필요할까? 솔직히 저도 처음에 의문이긴 했습니다. 링글의 튜터 리스트 그런데 회를 거듭할수록, 느껴지는 게 이들이 단순히 명문대생으로 똑똑한 브레인과 영어 티칭 기술을 갖고 있다기보다. 약속한 시간에 늦지 않은 책임감과 시간을 효율적으로 배분하는 능력, 그리고 상대방에 수준을 맞추는 것 등 다양한 점에서 높은 퀄리티가 느껴졌습니다. 링글은 자체 제작한 수 천 가지의 교재들로 입문자부터 심화까지 다양한 레벨의 분포를 커버할 수 있습니다. 또한 이 교재가 질이 좋다는 것을 저와 같은 초급자 분들도 느낄 수 있습니다. 맞춤형 컨텐츠와 피드백 시스템 이따가 자세히 다루겠지만, 개인별 영어 레벨은 천차만별입니다. 개개인의 영역에 맞추기 위해서는 맞춤형 커리큘럼이 필요한데 이를 교재선택과 튜터를 선택함으로써 점진적인 실력향상을 만들어 낼 수 있습니다. 링글 영어회화 시스템 피드백 시스템이야말로 링글의 핵심 인데, 내가 말한 부분을 자동 녹음되어 들을 수 있고 수업 중에 튜터가 남긴 피드백들을 수업 후 복습에 활용할 수 있습니다. 내 돈으로 링글(Ringle)을 선택한 이유 사실, 이미 전화 전화영어는 10년 전부터 큰 유행이었고, 유행에 편승하여 시도해 보았지만 정말 별로였습니다. 필리핀 분들의 영어는 도통 알아듣기 힘들었고 말하는 것에 의의를 두기에는 이게 뭔가 싶었습니다. 당시 전화영어는 정말로 전화로 하던 영어였는데요. 미리 정해진 시간에 전화를 하면 무작위로 배정된 분이 받아 전화로 영어 대화를 하던 거시었습니다. 전화 영어의 특유의 먹먹한 통신과 동남아 분들의 악센트는 정말 안 좋았던 기억이 있네요. 그 후로 이건 아니다 싶어 다른 방식으로 영어 공부를 했었습니다. 제가 수업을 듣기 전에 링글을 선택한 이유는 크게 3가지였습니다. 물론 가격은 제외하고 생각했습니다. 왜냐면 링글이 가장 비싸기 때문이죠.. 미국/영국 발음을 가진 원어민 튜터와의 수업 전화영어의 악몽 때문인지, 이 부분이 정말 크게 다가왔습니다. 특히 동남아 분들이나 조금 특이한 억양을 가진 분들이 없다는 게 좋게 와닿았습니다. 체계화된 콘텐츠로 다양한 영역을 커버 다른 플랫폼과의 비교 글은 이따 작성해 보겠지만, 유튜브나 블로그의 비교글 및 실제로 다른 플랫폼의 교재를 보더라도 링글이 압도적으로 좋았습니다. 특히 전반적인 개선이 필요한 저에게 딱이라는 생각이 들었습니다. 아이비리그 출신의 튜터와의 대화 어떻게 보면 별게 아닐 수 있겠지만, 확실히 다르다는 것을 느낄 수 있습니다. 그들의 문화에 대해서도 나눌 수 있고, 실제 영어권의 젊은 친구들이 어떤 생각을 가지고 말을 하는지 간접적으로 경험할 수 있습니다. 링글(Ringle) vs 캠블리(Cambly) vs 스픽(Speak) 플랫폼을 비교할 때는 화상영어를 중점으로 두고 서치 했기 때문에, 후보군에 링글, 캠블리를 최종 후보군으로 리스트업 하였습니다. 영어 회화에도 정말 많은 플랫폼들이 있는데요. 후보군에 오른 링글, 캠블리를 둔 이유는 크게 두 가지입니다. 정말 원어민과의 수업이 가능한지 시간 때우기가 아닌 양질의 수업을 받을 수 있을지 모든 것들을 고려해 보았을 때, 링글과 캠블리가 남았었습니다. 스픽를 마지막까지 고려한 이유는 바로 학습기능과 AI와의 대화 때문인데요. 일단 제 영어 수준이 기초 수준으로 많이 말을 하는 연습이 중요 할 것이라 생각이 들었고, AI와의 대화 수준이 꽤 만족스러웠기 때문입니다. 그래서 크게 2가지 화상영어인 링글과 캠블리의 비교를 해보고 화상영어와 스픽를 비교해보려고 합니다. 링글(Ringle) vs 캠블리(Cambly) 링글은 위에서 소개하였으니 캠블리 를 소개하자면, 전 세계에서 아마 영어회화 플랫폼에서는 가장 큰 플랫폼 이지 않을까 싶습니다. 이에 걸맞게 엄청난 수의 원어민들이 대기 중이고, 실시간으로 수업을 진행할 수 있습니다. 거의 24시간 동안 풀이죠. 캠블리 회화 커뮤니티와 맞춤 커리큘럼이 있다고는 하는데, 사실상 공부보다는 프리토킹에 더 최적화된 플랫폼은 확실 합니다. 튜터의 재량에 따라 수업 퀄리티가 월등하게 차이가 낫고요. 화상채팅 같은 느낌을 받았습니다. 링글(Ringle) 캠블리(Cambly) 가격 20분 X 4회 / 144,000원 1회(20분) 36,000원 60분 X 4회 / 150,000원 1회(20분) 12,500원 튜터수 상대적으로 적음 [★ ★] 매우 많음 [★ ★ ★ ★] 수업 퀄리티 전반적으로 높음 [★ ★ ★ ★] 튜터에 따라 차이 큼 [★ ★] 교재 퀄리티 압도적 높음 [★ ★ ★ ★ ★] 교재 거의 사용 X [★ ★] 장점 1. 컨텐츠 예복습 가능 2. 영어 교재 다수 1. 실시간 수업 가능 2. 스마트폰으로 수강 가능 단점 1. 실시간 수업 어려움 (튜터수 확실히 부족) 1. 적당한 튜터 찾기 힘듬 2. 컨텐츠 부족 간략하게 비교해 보면, 이렇습니다. 해당 포스팅은 링글 플랫폼에 대해 더 알려드리고자 쓴 글이니, 캠블리 소개는 뒤로 하겠습니다. 무튼, 저는 이 두 가지 표를 비교하면서 캠블리와 마지막까지 고민했습니다. 캠블리도 한 달 사용해 보았고요. 솔직하게 저와 같이 말을 많이 해야 되는 수준이신 분들은 캠블리가 더 나은 선택일 수도 있습니다. 20분 수업은 정말 짧고도 짧습니다.. 마케팅에 혹해서일까 싶기도 하고.. 저는 링글로 선택했습니다. 처음 링글 수업을 하게 된 선생님을 지금까지 계속해오고 있는데, 첫 수업이 굉장히 좋았습니다. 좋은 콘텐츠와 튜터가 만나 좋은 시너지를 만들었고 링글을 선택하게 만들었습니다. 영어 수준 별 플랫폼 추천 제 기준으로 정해본 영어 수준별 추천은 아래와 같습니다. 하지만 저와 같이 영어를 잘 못하시는 분도 링글을 해도 괜찮다는 생각입니다. 초급 / 중급 : 캠블리 추천 -> 말을 많이 하는 것에 초점 (영어적 사고 습관 필요) 심화 / 취업준비 / 입학준비 : 링글 추천 -> 높은 퀄리티의 영어 습득 필요할 때 플랫폼 대부분 체험권이 있으니 플랫폼별로 비교하고 시작하시기를 추천드립니다. 결론은 퀄리티 자체로는 링글 승이지만, 가성비로는 캠블리 승 입니다. 화상영어(링글/캠블리) vs 스픽(Speak) 스픽 을 화상영어로 생각하시는 분들도 있는데, AI와 대화할 수 있는 플랫폼 입니다. 즉 영어학습과 AI 대화를 통해 영어를 익히는 학습 툴이고요. 그렇다고 로봇과 대화하는 느낌은 아닙니다. 스픽 상황극 프로그램 최근에는 Chat gpt가 스픽의 역할을 훌륭하게 대체했다고 생각은 합니다 만, 몇 개월 전만에도 그러지 않았죠. 저 또한 고민이 많았습니다. 단순히 말을 많이 하기에는 AI 기능이 더 적절해 보이기도 했습니다. 그렇지만 스픽의 영어 대화기능도 훌륭합니다. 가격 은 스픽이 1년에 129,000원 이니 한 달에 20분 수업 4번에 14만 원대인 링글과는 차이 가 큽니다. 그래서 저는 개인적으로 링글을 메인으로 그리고 스픽를 서브로 하는 조합 도 추천합니다. 스픽의 AI대화 컨텐츠 스픽은 특히 스피킹을 처음 접하는 분들에게 특화되어 있다고 생각합니다. 나를 소개하는 가상의 역할극에서부터 레스토랑, 호텔 등 실제로 여행에서도 쓸만한 영어들이 많기 때문입니다. 그래도 외국인과의 실제 대화를 통해 느는 영어가 제대로 된 영어라 생각 하기 때문에 메인은 화상영어가 좋다는 생각입니다. 그렇지만, 앞서 말한 심도 있는 영어학습이나 인터뷰, 비즈니스 회화를 준비하신다면 링글 을 추천드립니다. 초급 / 중급 영어 학습 조합 추천: [메인] 링글/캠블리 + [서브] 스픽 스픽 3만원 할인코드 바로가기 링글(Ringle) 7개월 내돈내산 리뷰 : 장점 링글을 7개월간 42회 정도 했으니 한 달에 5~6회 정도 꾸준히 했다고 볼 수 있네요. 이 정도면 장단점에 논할 수 있을 만큼 수업을 들어 본 것 같습니다. 캠블리나 스픽에 대해 구체적으로 후기를 남기지 않은 이유는 캠블리는 한 달, 스픽은 일주일 밖에 사용해보지 못했기 때문입니다. 사용자 수준별 콘텐츠 보유 : 교재, 학습, 웨비나 등 영어교재 / 공인영어 (토플, 오픽 등) /비즈니스 회화 교재는 링글이 정말 특화된 부분 입니다. 특히 매주 새로운 교재가 나와서 원하는 주제를 가지고 다양한 아티클과 북으로 표현과 어휘를 익힐 수 있습니다. 다양한 카테고리에 걸친 링글의 교재 그리고 제가 가장 좋은 부분은 저와 같은 초급자에게 어울리는 스몰토크 질문 교재가 많다는 것 입니다. 저의 영어 목표는 네이티브 스피커들과 농담을 나눌정도의 회화 수준을 갖는 건데요. 다양한 링글의 스몰토크 교재들 그러다 보니 이런 스몰토크, 상황극 등의 교재들을 아주 유용 하게 쓰고 있습니다. 교재의 길이도 중단문에서 장문까지 레벨별 로 나뉘어있어서 예습 시간에 따라 선택할 수 있습니다. 다양한 링글 교재 비즈니스에서 사용되는 격식 있는 표현들이 담긴 교재 들도 있어, 이 부분에 중점을 두신 학습자분들도 도움이 될 것이라 생각합니다. 올해 말 즈음에는 저도 오픽 시험을 준비해보려고 합니다. 프리토킹의 대화 수준이 어느 정도 되면, 공인영어 점수도 취득해 보려고 하는데요. 링글에서는 오픽에 대한 교재도 많고, 모의시험을 치를 수 있는 시스템도 있습니다. 모의시험은 유료로 알고 있습니다만, 사용자들의 만족도가 꽤 높다고 합니다. 그래서 교재별로 단순 회화에서부터 공인영어, 나아가 비즈니스 회화까지 커버할 수 있다고 생각합니다. 영어 학습 목적에 따라 콘텐츠 세분화 잘되어 있음 ex) 비즈니스/공인영어/회화/인터뷰 등 데일리 영어 학습 데일리 학습으로 매일마다 다른 콘텐츠로 학습할 수 있습니다. 단순한 문법 문제에서부터 리스닝 스피킹 등 간단한 문제들로 데일리 학습이 구성되어 있습니다. 링글의 데일리 학습 시스템 너무 단순한 거 아니냐고 질문할 수 있으시지만, 개인적으로 딱 이 정도의 양이 데일리로 적당하다는 생각이 듭니다. 학습을 완료하면 빨간색으로 칠해지는데, 저는 많이 비어있네요.. 딱 적당한 양의 데일리 학습 컨텐츠 데일리 학습에서 나온 문장으로 하나씩 익히는 것도 영어실력 향상에 큰 도움이 된다는 생각이 듭니다. 적당한 양의 데일리 콘텐츠: 리스닝/그래머/리딩 다양한 웨비나와 프로그램 제가 링글을 정말 좋게 본 계기기도 합니다. 일단 다양한 웨비나 가 있습니다. 다음 주부터는 노티드와 디즈니를 거친 마케터분의 웨비나가 있네요. 신문 원문으로 읽기, 해외 MBA 준비하기, 아이엘츠/오픽 준비하기, 어린 왕자 책 원문 읽기 등 정말 많습니다. 월에 최소 2~3회는 준비되어 있는 것 같습니다. 마케터를 위한 프로그램이 기획된 링글 정말 만족도가 높았던 거는 토플/아이엘츠 스피킹 웨비나 및 스터디를 진행 했던 것인데요. 링글 창업자인 이성파 님이 직접 강의해 주시고 스터디도 관리해 주셔서 만족도가 매우 높았어요! 최고입니다. 아래는 제가 참여했던 카톡방에 일부 내용인데, 매일 같이 독려해주시고 영어공부 팁도 주시고 좋았어요. 다른 관리자분이 계셨었는데, 창업자분을 직접 찾아가서 갑자기 영어도 시키고 재밌었습니다.. 열일하는 링글 공동 창업자 이성파님 이렇게 매일 진도도 체크해 주시고, 격려의 말도 해주십니다. 작은 부분일지는 몰라도 저는 플랫폼에 크게 신뢰할 수 있게 된 계기였습니다. 플랫폼 자체에서 진행하는 프로그램 다수 (feat. 창업자 실제 운영) 실시간 교정, 튜터피드백 및 AI 분석 수업 중의 실시간 교정(패러프래이징) 수업 진행 중에 제가 말하거나 수업 전 작성해 놓은 부분을 토대로 튜터가 바꿔 쓰기를 해줍니다. 실시간 교정을 진행해 주는 건데요. 수업시간 중 말할 시간이 줄어들기도 하지만, 복습을 통한 실력 향상에는 큰 도움이 됩니다. 수업 때 저장되는 스크립트와 튜터의 실시간 교정 교재를 두고 실시간 교정이 가능 추후 복습에 활용 가능 튜터 피드백 튜터 피드백 기능이 이번에 개선되면서, 양극화 수준이 많이 줄었습니다. 제가 지속해서 수업하는 튜터 같은 경우는 항상 엄청난 양의 피드백을 써주셔서 큰 도움이 되었는데, 이번에 개선되면서 양이 한정되었다고 하더라고요. 물론 좋은 점으로는 대충 써주시던 분들은 더 많은 피드백을 받을 수 있습니다. 튜터의 간략한 수업 피드백과 답변에 대한 코멘트 저와 같은 경우는 튜터 피드백을 이렇게 노션에 정리하면서, 반복을 통해 습득할 수 있도록 학습하고 있습니다. 아무래도 원어민이 자연스럽게 고쳐준 문장들이라 훨씬 자연스럽습니다. 수업에 대한 전반적인 피드백 및 학습 피드백 제공 AI 분석 통계 수업 녹음을 통해서 내가 어떤 부분을 실수하고 있는지 알려줍니다. Comlexity, Accuracy, Fluency, Pronunciation 4가지 영역으로 수업 후 평가를 진행해 줍니다. AI가 분석해주는 영역별 점수 정확한 부분은 당연히 아니겠지만 과거 데이터를 보면서 약간의 실력 상승을 체감할 수 있는 부분도 있습니다. 특히 추천 학습 영역과 집중해 될 영역등을 나눠서 알려줍니다. 링글의 AI 분석 영역분석 필러워드 사용구간, 내가 중간에 멈췄던 구간등을 상세히 알려줘서 다음 수업 때 주의하면서 말을 해볼 수 있습니다. 4가지 영역의 AI 분석 제공, 학습 제안 기능 안정된 시스템 및 과거 수업 녹화 일단 줌을 통해 수업이 진행됩니다. 따로 코드를 기입하는 것은 아니고 '수업입장' 버튼을 클릭하면 자동으로 참여되는 순입니다. 수업은 전부 녹음되는데 이게 정말 도움이 됩니다. 아직 수업 중 모든 튜터의 말을 이해할 수 있는 정도가 아니라, 중간에 못 알아들었던 부분은 나중에 다시 들으며 체크해 보기도 합니다. 이상한 대답을 하고 있는 스스로를 보면, 안타깝기도 합니다. 수업교재와 스크립트가 남는 링글시스템 녹음 기능으로 복습 시 매우 활용도 높음 링글(Ringle) 7개월 내돈내산 리뷰 : 단점 장점에 대해서 굉장히 많이 서술한 것 같습니다. 무엇이든 단점이 존재하겠죠. 7개월간의 학습을 진행하면서 느낀 단점에 대해서도 자세히 작성해 보겠습니다. 튜터 부족에 따른 원하는 수업 진행 어려움 아마 링글 리뷰를 보시다 보면 이런 얘기가 많을 겁니다. 저도 이게 뭐 대단한 이슈가 될까 싶었는데, 학습자로서 꽤 불편한 부분이기도 하더라고요. 일단 학습자는 원하는 시간이 분명히 있을 거고, 미국이나 영국의 악센트를 선택해야 되기도 하고요. 너무 활기찬 수업보다 차분한 수업이 그리고 남자보다 여자 선생님이 편할 수도 있습니다. 필터를 걸 수록 적어지는 튜터 수 이런 필터를 일부 입력하다 보면, 생각보다 선택의 폭이 좁아지는 걸 알 수 있습니다. 그래서 오히려 튜터 시간에 맞추기 위해 개인 시간을 조정해야 되는데 이 부분이 직장인으로서 좀 불편한 점입니다. 당일수업권 사용 어려움 개선이 계속되고 있는 부분이지만, 당일 수업권 사용이 어렵습니다. 그도 당연할게 거의 캔슬이 된 수업 위주로 예약을 해야 되는 편이라 더 어려움을 느낄 때가 많은데요. 시간도 부족하고 해당 시간에 오직 한 명의 튜터만 보이는 당일수업권의 현실 당일수업권은 일부 정기권외에 조건을 채웠을 때 받게 되는 수업권입니다. 저도 지금 7개월간 한 번도 사용하지 못했습니다.. 그만큼 사용도 어렵고, 튜터수도 부족합니다. 영어 수준별 로드맵의 부재 제가 앞서 장점으로 콘텐츠가 많다고는 했습니다. 콘텐츠는 정말 다양하게 많습니다. 그렇지만 링글만의 로드맵이 없는 게 큰 단점인 것 같습니다. 보통 영어학원을 가게 되면 레벨 1의 수업이 끝나면 레벨 2의 수업이 있고 단계별로의 로드맵이 있는데, 링글은 학습자가 교재를 보면서 내 수준을 향상해야 됩니다. 로드맵의 부재 이런식으로 교재는 카테고리만 나눠진 상태입니다. 이러한 이유로 링글은 영어를 할줄 아는 사람이 하는게 좋다는 리뷰들이 많이 올라오는 이유인 것 같습니다. 능동적인 학습자의 경우 큰 도움이 될 수 있겠으나, 대부분이 직장인이라 생각하면 링글이 제안하는 학습 로드맵은 꼭 필요하지 않을까 싶습니다. 튜터별로의 수업방식 차이 큼 사실 캠블리에 비하면 더 낫다고 생각하지만, 링글도 조금 더 관리가 되어야 된다고 생각합니다. 수업 전에 프로필을 통해 수업 요청사항을 적어 놓을 수 있습니다. 그럼에도 불구하고, 본인의 스타일대로 수업을 진행하는 튜터들이 있습니다. 그러다 보니 20분 동안 한 3분 정도 말하고 듣기만 한 수업도 있네요. 돈이 정말 아깝다는 생각이 들었습니다. 고객센터에 컴플레인을 하면 아마 수업권을 복구해주지도 않을까 싶은데.. 또 이게 튜터 점수가 튜터 수입과도 직결되어 있으니 직접 되지는 않더라고요. 개선이 필요한 부분입니다. 수업 비용이 너무 비쌈 정말 큰 단점이고, 마지막까지 고민하게 만드는 요소입니다. 다시 새각해도 타 플랫폼에 비해 가격이 매우 비쌉니다. 다른 플랫폼도 원어민이 진행하는 데도 가격이 거의 절반에 가깝습니다. 링글의 비싼 수업료 아무리 콘텐츠와 R&D에 투자한다 하더라도 지금의 링글 비용은 매우 비싼 편입니다. 그리고 매년 가격이 계속 오르더라고요. 가격은 어느 정도 안정화가 되었으면 좋겠습니다. 링글(Ringle) 최저가 할인받기 링글을 할인받는 방법은 일 년에 2번 진행하는 프로모션 기간에 시작하는 것입니다. 그래서 혹시나 그 기간 외에 시작하시는 분들은 월 4회 혹은 약간 더 높은 수업권을 구매하여 사용하시다가 프로모션 기간에 맞춰 구매하시길 추천드립니다. 첫 회원가입 후 7일 이내 결제 회원가입을 하게 되면, 커피 한잔 가격에 수업을 들을 수 있는 체험권 같은 걸 줍니다. 1주일 내에 사용해야 되는 걸로 기억하고, 수업권 구매 시 할인 쿠폰 또한 받을 수 있습니다. 필자가 회원가입 후 진행한 체험권 대신 1주일 내에 결제와 수업을 진행해야 되니, 꼭! 영어 공부 시작 전에 진행하시길 바랍니다. 저도 어쩌다가 가입하게 되었고 덜컥 결제까지 하게 되었습니다. 신중한 선택을 위해 천천히 가입하세요! 1년에 단 2번 최대 할인 프로모션 할인받기 1년에 2번 큰 폭의 할인 프로모션을 진행합니다. 1번 진행 시 1달 정도 진행하니, 1년에 2달 정도 해당 프로모션을 진행하는 셈 이네요. 프로모션 미진행시에는 사실 캠블리를 이용하시다가 해당 프로모션 이용하시면서 넘어오는 것도 나쁘지 않은 선택인 것 같습니다. 필자가 하반기 프로모션 구매한 기간과 상반기 프로모션(1.20일경) 추측으로는 연중 2번의 프로모션은 1월과 8월경 진행하는 것 같습니다. 제가 구매한 일자가 대략 23년 8월이고 24년 1월인 현시점에서 프로모션을 진행하고 있기 때문입니다. 개인적으로는 매주 수강하기로 구매하셔서 강제적으...(truncated)",,,Anonymous,https://kindoflegacy.com/entry/내돈내산-링글-영어회화-7개월-리뷰-캠블리-스픽-비교
Tistory,"[kindoflegacy] English [내돈내산] 링글 1년 6개월 솔직 후기 (feat.수업/가격/AI 튜터/스터디 클럽) by somlegacy 2025. 1. 4. 반응형 2023년 7월부터 현재까지 약 1년 6개월간 링글 화상영어로 영어회화를 공부하고 있습니다. 아마도 이 글을 찾아 들어오신 분들은 영어회화에 관심이 많으신 분들일 것이라 짐작합니다. 저도 링글, 캠블리, 스픽, 엔구, 리얼클래스, 스피킹맥스 등 거쳐간 영어 플랫폼 도 수도 없습니다. 22년 말부터 영어회화에 대한 필요성을 느끼면서, 다양한 플랫폼들을 접해보았고 플랫폼들 중에서 가장 좋다고 판단 든 것이 바로 '링글(Ringle)'입니다. 그래서 제가 1년 6개월간 사용 하며, 느낀 장단점 그리고 왜 계속 사용하는지 에 대해 적어볼까 합니다. 직접 들은 수업의 내용들의 후기와 영어 교재들, 링글 AI 튜터 활용 방법, 스터디 클럽 후기 까지 모조리 적어보도록 하겠습니다. 긴 글이니 천천히 읽어보세요. 링글 Ringle 화상영어 영어학습 플랫폼 혹시 모르시는 분들을 위해 링글에 대해 짧게 소개해볼까 합니다. 링글은 뿌리부터 한국에서 만들어진 기업입니다. 스탠퍼드에서 MBA 과정을 이수한 2명의 친구가 영어학습에 대한 패러다임을 바꾸고자 창업한 것이 링글의 근간입니다. 아무래도 MBA 과정을 이수하며, 겪은 그들의 시행착오에 따른 비즈니스 기회 포착은 링글을 만들게까지 했던 것 같습니다. 당시 전화영어가 대세였는데, 질적으로 떨어지는 학습 플랫폼들이 대다수였습니다. 엉터리 영어가 아닌 명문대 생에게 배우는 차별화된 영어를 배우고자 하는 틈새시장을 포착한 것이죠. 특별히, 대학생 과외가 보편적일 만큼 명문대생의 로망이 있는 한국 교육 소비자들의 심리를 잘 파악한 것 같습니다. 그리고 승진, 유학, 단순 학습 희망 등 다양한 이유로 퀄리티 높은 발음과 첨삭을 희망하는 니즈와 링글의 명문대생 화상영어는 궁합이 잘 맞았고, 24년 상반기만 결제액이 100억에 돌파하는 등 영어학습 유니콘 기업으로 거듭나게 됩니다. 링글 Ringle : 1:1 화상영어 / 링글 AI 튜터 / 링글 틴즈 링글이 제공하는 서비스는 크게 4가지가 있습니다. 그중에 블로그를 보실 분들에게 필요 없는 B2B 영역은 제외하겠습니다. 대부분은 1:1 화상영어를 위해 링글을 사용하시겠지만 그 외에도 링글 AI 튜터와 링글 틴즈가 있습니다. 링글 1:1 화상영어: 아이비리그 출신 및 명문대 영어권 학생과의 1:1 화상영어 수업 링글 AI 튜터: AI 튜터와(스픽 및 Chat gpt와 유사) 대화를 통한 프리토킹 및 회화수업 링글 틴즈: 1:1 화상영어와 내용은 동일하지만, 대상이 10대로 이루어진 화상영어 수업 영역을 나눠 놓았지만, 1:1 화상영어와 틴즈는 사실상 대상만 다른 같은 내용이고 AI 튜터 또한 수업 진행과 함께 무제한으로 학습할 수 있는 내용이기 때문에 튜터와의 화상영어와 AI 튜터 기능으로 영어를 학습한다고 생각하시면 됩니다. 링글(Ringle) 가격 및 할인 이벤트 링글의 가격은 매번 조금씩 늘어납니다. 지금까지 5번 이상 결제를 했었는데, 작게는 4회에서부터 많게는 72회까지 다양합니다. 당연히 회차가 많을수록 회 단가는 조금 내려갑니다만, 전반적으로 지속적인 가격 상승 이 있었습니다. 1년 반동안 모니터 해왔기 때문에 이 부분은 믿으셔도 됩니다. 필자가 링글 수업을 결제한 이력들 필자 링글 수업 결제 인증 대신에 링글은 1년에 2번 정도 가장 큰 세일을 합니다. 글을 쓰는 현재 시점에서도 25년 상반기 할인을 하고 있네요. 현재 기준으로 24회 구매 시, 회당 단가가 23,875원 정도 나오는데 24년 4월에 제가 10회를 구매했을 때, 10회에 221,905 원 즉, 수업 당 22,191원 정도 나오니 횟수를 늘려 구매한다 하더라도 더 비싸지고 있다는 걸 확인할 수 있습니다. 현재 링글의 가격은 12회에 309,000원, 24회에 573,000원, 48회에 1,086,000원, 72회에 1,584,000원 입니다. 23년 8월에 제가 72회를 1,439,175원에 구매하였으니 약 10%가량 비용이 상승 했네요. 상기 적어놓은 가격은 비교를 위해 1:1 수업 수강권 구매만을 고려하였습니다. AI 튜터 포함 시 가격은 더 비싸집니다. 링글(Ringle) 20분/40분 수업 패키지 가격 이 글을 보시는 분들은 아마 다른 가격표를 보실 수 있습니다만, 대략적인 가격 비교를 위해 표를 작성해보겠습니다. 아래에 글을 적겠지만, 개인적으로는 링글 AI 튜터는 만족스럽지 못하더라도 신규로 구매하시는 분들은 대부분 포함한 패키지로 구매하실 것 같아서 AI 튜터 포함 패키지 가격을 비교해 볼게요. 현재 홈페이지에 기재된 가격, 실결제 시 가격 조금더 내려감 분류 20분 40분 20분 40분 20분 40분 20분 40분 회수/주 12주 12주 24주 24주 48주 48주 72주 72주 가격 38.8만 61.7만 70.6만 108.5만 127.2만 201 만 184.8만 287.4만 회당가격 32,333 51,416 29,416 45,208 26,500 41,875 25,666 39,916 혜택 링글 AI 튜터(프리미엄+) 없음 링글 스터디 클럽 없음 튜터 우선 예약 수업연기 2회 수업 연기 4회 수업 연기 9회 수업 연기 14회 20분 수업과 40분 수업 가격차이가 꽤 큰편인데요. 개인적으로는 40분 수업은 직장인인 저에게는 부담되는 시간이었고, 복습이나 예습하기도 굉장히 부담스러웠기 때문에 20분 수업을 추천 드립니다. 매주 수업 수강 기준으로 글을 작성하였고, 매주 수업 기준으로 구매는 꼭 하시는 게 가격면에서 이득입니다. 대부분의 수업권이 수업 연기권을 주니, 부담보다는 의무감으로 매주 수업 수강 기준으로 구매하시는 걸 추천드립니다. 그리고 수업 2시간 전에 강의를 취소할 경우, 당일 수업 예약권으로 수업권이 전환되어 반환 되니 이부분을 활용하셔도 좋겠습니다. 링글 수업 가격은 대부분 25,000원 에서 32,000원까지 구매할 수 있습니다. 하지만 항상 포인트를 지급해 주는 이벤트와 추가 할인 등이 조금 있어서 회당가격은 몇 천 원 정도 내려갈 겁니다. 링글(Ringle) 화상 영어 수업 간략 소개 링글 수업은 먼저 튜터와의 시간을 정한 뒤에 해당 시각에 줌을 통해서 수업이 진행됩니다. 줌은 화상으로 연결되며, 수업하기로 들어가면 페이지가 실시간으로 수정이 되는 페이지로 바뀝니다. 이를 통해 튜터와 대화하고, 텍스트를 입력하여 수업을 진행할 수 있습니다. 화상수업에 대해 간략하게 이미지와 함께 소개해드릴게요. 먼저, 희망하는 시간을 정하면 좌측 사진처럼 해당 시간에 수업이 가능한 튜터들의 리스트가 뜹니다. 여기서 내가 희망하는 필터를 입력하여 원하는 튜터를 찾아 볼 수 있어요. 특히 억양부터 고르는 경우가 많습니다. 저는 항상 미국식으로 공부하려고 합니다. 튜터를 누르면 이렇게 튜터의 자기소개를 통해서, 어떤 억양을 구사하는지 그리고 어떤 영어를 쓰는지 간략하게나마 볼 수 있습니다. 자기소개 영상 옆에는 학생들의 후기가 있어서 실제로 어떤 수업이 이뤄지고 있는지 확인할 수 있죠. 그 후에 이렇게 교재를 선택하고, 선택한 교재를 미리 예습해 볼 수 있습니다. 질문들도 선택하고 지문에 대해서 질문이나 요청사항들을 남겨 놓을 수도 있습니다. 수업은 줌미팅으로 이뤄지고 교재는 실시간으로 튜터가 수정하는 것을 지켜볼 수 있습니다. 마주하지 않아도 꼭 같은 책을 보고 공부한다는 느낌이 듭니다. 링글(Ringle)을 선택한 이유 먼저, 저는 영어 공부를 위해 정말 다양한 플랫폼들을 경험했습니다. 링글, 캠블리, 스픽, 엔구, 리얼클래스, 스피킹맥스 등 거쳐간 영어 플랫폼 도 수도 없습니다. 간단한 플랫폼들의 비교는 제 이전 글을 참고해 주셔도 좋겠습니다. >>> [내돈내산] 링글 영어회화 7개월 리뷰 (캠블리, 스픽 비교) [내돈내산] 링글 영어회화 7개월 리뷰 (캠블리, 스픽 비교) 약 7개월째 진행하고 있는 '링글' 영어 학습 플랫폼에 대해서 솔직하게 리뷰해 보는 글을 작성해보려고 합니다. 아무래도 저도 고민을 정말로 많이 했었고, 비교도 많이 했던 터라 도움이 되는 kindoflegacy.com 대학생 때, 잠시 동안 해외에 거주 한 경험도 있고 일도 했지만, 모국어가 아닌 사람이 다른 언어를 익힌다는 게 쉬운 게 아니더라고요. 영어에 대한 갈망이 꽤 높았고, 늦은 나이에 다시 영어공부를 시작했습니다. 그러다 보니 거친 플랫폼들도 많네요. 가장 큰 이유는 강제성 에 있습니다. 수업을 미리 예약하고, 튜터와 약속을 한 수업에 참여한다는 것이 생각보다 큰 강제성이 있었습니다. 스픽도 현재 오랜 기간 구독하고는 있지만, 스픽에는 강제성이 없어서 좋은 어플임에도 매일 활용은 안되더라고요. 강제적으로 일주일에 20분 정도는 외국인과 대화 를 하는 게, 영어실력 증진에 있어서 드라마틱하지는 않지만 조금씩 개선됨을 느낍니다. 사실 영어실력은 유지만 하더라도 괜찮다고 생각이 듭니다. 직장인들은 생각보다 시간이 없기 때문이죠 . 또한, AI들이 제안해 주고 수정해 주는 것과 다른 퀄리티 를 보여주기 때문입니다. 스픽과 링글 AI튜터, CHAT GPT 모두 제가 말한 문장을 자연스럽게 고쳐줍니다. 그럼에도 불구하고 네이티브 스피커가 교정해 주는 건 다른 영역이라고 느껴질 정도입니다. 링글을 선택한 이유에 대해 간단히 정리해 보겠습니다. 1주일에 한 번은 해야 하는 강제성 원어민과의 대화 기회(영어울렁증 극복) AI와 비교불가능한 자연스러운 교정 영어 교재의 퀄리티 (적당한 양, 매주 업로드되는 교재 수) 영어 수업 녹화 기능(복습에 용이) 명문대 출신 튜터와의 대화 이러한 이유들이 크게 작용했는데, 영어 플랫폼을 사용 안 해보신 분이면 그런 생각이 들 수도 있습니다. ""이거 당연한 것들 아냐?""라는 의문이 드실 텐데요. 다른 플랫폼을 사용하시다 보면, 이런 것들이 당연하지가 않다는 걸 알 수 있습니다. 찐 내돈내산 링글(Ringle) 화상영어 장점 거의 2년째 링글을 최소 주 1회 많게는 주 3회 사용하다 보니 벌써 누적 수업이 120회 정도 되었습니다. 120회를 하면 영어실력이 느는지에 대해서는 개인차가 커서 답변드리기가 참 어렵습니다. 그래도 처음보다는 많이 개선된 영어회화를 구사하고 있습니다. 2년 가까이 사용한 유저로서 링글 화상영어의 장점에 대해 정리해 보겠습니다. 여러 플랫폼에 대해서 고민하고 있으신 분들에게 큰 도움이 되었으면 좋겠습니다. (1) 최고의 튜터, 원어민과 양질의 화상영어 수업 가능 엔구, 캠블리 등 다양한 화상영어 수업 플랫폼이 있습니다. 당연히 다양한 튜터들이 수업을 진행합니다. 단연, 이 부분에서 링글은 최고의 수업 퀄리티를 보여줍니다. 영어만 구사하는 사람들과 대화하는 것과 논리적인 사고를 가지고 영어학습에 최적화된 튜터가 제안해 주는 교정들은 수준차이가 많이 납니다. 링글 안에서도 튜터의 퀄리티 차이가 있는 것은 확실합니다. 그럼에도 불구하고, 제가 꽤 오랜 기간 사용했던 캠블리와 비교한다면 링글은 정말 최고의 퀄리티입니다. 튜터를 선택함에 있어서도 개인 취향을 반영할 수 있는데요. 기본적으로 성별, 억양에다가 전공까지 선택할 수 있습니다. 사진과 같이 희망하는 시간을 선택하게 되면 해당 시간에 가능한 튜터 리스트가 나옵니다. 필터를 걸면 더 나와 잘 맞을 수 있는 튜터를 고를 수 있죠. 리스트에 올라온 튜터들의 자기소개 글과 영상을 보면서 나와 잘 맞을지 고려해 볼 수 있고, 특별히 저런 억양의 영어를 배우고 싶다 하면 영상을 찾으며 튜터를 고를 수 있습니다. 수업평가도 꽤 자세히 나와 있어서 예전 내역들을 보면서, 어떤 스타일인지 외향적으로 에너지가 있으신 분인지 내향적으로 차분하게 수업을 진행해 주시는지 확인해 볼 수 있습니다. 나탈리 튜터는 제가 가장 오랫동안, 많은 횟수로 진행했던 튜터인데요. 차분한 분위기로 대화를 잘 이끌고, 명확한 피드백으로 영어 실력을 상승시키는데 큰 도움이 되었습니다. 근데 이렇게 인기 있는 튜터들은 시간이 오픈되자마자 빨리 시간이 차는 경우가 있습니다. (2) 퀄리티 높은 영어 교재와 컨텐츠 트렌드를 반영하여 매주 업로드 되는 교재 먼저, 링글의 영어 교재는 퀄리티가 좋습니다. 대충 기사를 발췌하는 것이 아니라 정돈된 글로 기승전결에 입각하여 제작되고 있으며, 과하게 어려운 어휘들은 제외하고 한 지문당 세 개에서 다섯 개 정도의 고급어휘들로 구성되어 있어서 새로운 어휘들을 누적 학습하기에 좋습니다. 보통 이렇게 4~5 문단으로 나뉘어 있어서 공부하기에 딱 적당한 수준입니다. 그리고, 어려운 어휘들은 예시와 함께 예문까지 나와서 표현 익히기에는 딱 안성맞춤입니다. 오디오도 있어서 문단을 읽음과 동시에 발음도 체크 할 수 있고, 배속기능으로 더 빠르게 들어 볼 수도 있어서 확실히 리스닝 측면에서 도움이 많이 됩니다. 교재에는 오 디오뿐만 아니라 영상 컨텐츠와 관련기사 까지 올라와서 보충 학습이라던지, 교재를 바탕으로 한 주제를 다양한 매체를 통해 듣고 연습해 볼 수 있습니다. 이런 기능은 링글이 그냥 독보적 이라 생각하시면됩니다. 분야별, 수준별로 나눠져 있는 교재 교재도 전공 및 분야별 로 나뉘어 있습니다. 그래서 경제에 대해서 공부를 한다고 하면, 지속적으로 해당 분야의 어휘를 익힐 수 도 있습니다. 아니면 익숙한 분야에서부터 공부를 시작하면서 범위를 넓힐 수도 있습니다 저의 경우에는 최근 경제 및 투자 공부를 지속하고 있는데, 영어공부로 공부를 하게 되니 훨씬 습득력이 빠르다는 생각을 했습니다. 아무래도 관심 있는 분야를 공부할 때 효과는 배가 되는 것 같습니다. 영어 수준별로도 교재가 나뉘어있어서 나에게 맞는 수준별 영어를 학습할 수 있습니다. 스몰토크나 생활영어로 시작하는 게 초심자에게는 도움이 되지 않을까 싶습니다. 지문도 굉장히 짧은 편이라 부담스럽지가 않습니다. 비즈니스 영어회화 / 영어시험용 교재 직장인들 꽤 높은 비율로 직장에서 영어를 쓰시기 위해 영어 공부하시는 분들이 많습니다. 그래서 그런지 링글에도 비즈니스용 회화 컨텐츠가 굉장히 많습니다. 웨비나도 지속해서 열리고 있고요. 아예 비즈니스 영어 탭이 있어서 회사에서 사용하는 유용한 표헌들도 교재로 선택할 수 있습니다. 그래프 설명과 비즈니스용 생활영어, 미팅용 영어 이렇게 디테일하게 설명되어 있는데 아무래도 격식 있는 비즈니스 영어는 어떤 단어를 쓰는지, 어떤 표현을 쓰는지가 중요하기 때문에 이런 교재가 큰 도움이 될 것 같습니다. 링글을 시험용으로 활용하시는 분들도 계실 겁니다 . 저도 올 해에는 오픽 점수를 만들어 놓으려고 하는데요. 저 같은 분들을 위해 오픽용 교재들도 있습니다. 해당 교재를 선택하고 튜터에게 해당 지문을 바탕으로 질문해 주고 첨삭해 달라고 하면, 그날의 강의 수업은 오픽 수업이 됩니다. 1:1 개인 과외 수업으로 바뀌는 거죠. (3) AI 분석으로 확인하는 영어 실력 AI 분석 통계로 실력향상 확인 수업을 한 후에는 AI가 수업 내용을 바탕으로 4가지 영역 을 분석해 줍니다. CAFP 분석이라고 부르던데 Complexity(복잡성), Accuracy(정확성), Fluency(유창성), Pronunciation(발음) 이렇게 4가지입니다. 당장 한 번의 수업으로는 확인이 힘들지만 데이터가 쌓이다 보면 내가 어떤 영역에서 개선이 필요한지 파악이 가능합니다. 저와 같은 경우는 아직 유창성에 집중해야 되는 단계라고 생각하는데, 처음에는 5 초반에서 시작했는데 지금은 5 후반에서 6 초반 정도 왔다 갔다 합니다. AI분석 기반 추천영역 제안 한 번 수업을 진행하면 AI는 수업을 분석하고 엄청나게 많은 양의 제안을 줍니다. AI 한테 제 수업은 참 안타까운 현장이지 않을까 싶습니다. 형태 혼동, 단어 순서, 부사, 발음, 전치사 등 개선사항이 너무나도 많습니다. 모든 제안을 다 귀담아듣기는 힘들지만, 특별히 제가 확인하는 부분은 특별히 시제와 말하기 속도, 발음 정도입니다. 아직 문법이나 수일치까지는 좀 어렵더라고요. (4) 수업 후의 복습 기능 수업에 나눈 대화 기록 링글은 수업 후에 복습할 수 있는 기능이 참 잘되어 있습니다. 앞서 소개해드린 AI 분석도 그렇고요. 수업을 시작하면 줌이 켜지면서, 녹음 중이라는 표시가 뜹니다. 수업에 튜터와 나눈 대화를 꼭 카톡으로 대화하듯이 쭉 대화창에 기입을 해줍니다. 이를 토대로 내가 어떤 말을 했는지, 그리고 어떻게 개선하면 좋을지. 수업 때 이해 못 했던 튜터의 질문을 수업이 끝난 후에 복기하면서 파악할 수 있습니다. 디스크립션뿐만 아니라 오디오 사운드도 있어서, 내 발음까지도 확인할 수 있죠. 수업 노트 피드백 수업 때 대화를 나누면서 튜터는 열심히 타이핑을 합니다. 실시간으로 노트가 업데이트되는 모습을 보면 재밌기도 한데요. 수업 때는 시간이 짧다 보니 모든 글을 다 바꿔 쓰기 해줄 수는 없기 때문에, 수업 후에 튜터가 글을 노트에 더 써줍니다. 노트를 보면 pales in comparison에 밑줄이 쳐져있는데, 이런 어려운 어휘들은 튜터가 따로 체크해 놓은 것입니다. 노트를 기록해 주는 건 튜터마다 정말 다릅니다. 굉장히 짧게 해주는 튜터도 있고요. 이렇게 길게 써주는 튜터도 있습니다. 개인적으로는 자세하게 써주는 튜터가 좋습니다. (5) 데일리 학습 데일리 학습 기능은 정말 잘 만들어졌다고 생각합니다. 데일리라는 단어에 걸맞게, 부담스럽지 않은 콘텐츠로 매일매일 학습할 수 있게끔 설계되어 있습니다. 어휘에서부터 문법까지 매일 열심히만 공부한다면, 얻어갈 부분이 정말 많습니다. 그럼에도 불구하고 매일매일 학습하는 게 쉬운 게 아닙니다. (6) 다양한 웨비나 진행 정말 다양한 웨니바나 진행됩니다. 이 부분은 링글이라는 회사가 사용자들을 위해 얼마나 세심하게 운영하고 있는 지를 엿볼 수 있는 부분인데요. 링글 튜터 활용에서부터, MBA, 비즈니스, CES 인사이트 등 다양한 웨비나를 확인해 볼 수 있죠. 간혹 원어민이 진행하는 강의도 있는데, 생각보다 재밌고 알차게 구성되어 있습니다. 링글을 처음 시작하게 되면 링글에 관해 알려주는 웨비나가 있습니다. 제 기억에는 주 2회 항상 진행했었는데, 링글에 대해서 소개해주고 영어학습을 어떻게 하는 게 좋은지 알려줍니다. 특별히, 공동 창업자 두 분이서 열심히 웨비나를 진행하시는데, 링글이 참 다이나믹하면서도 생동감 있는 회사라는 게 느껴집니다. 링글(Ringle) 화상영어 스터디 클럽 후기 강의권을 구매하게 되면, 스터디 클럽 참여권이 주어지는 경우가 있습니다. 지금 같은 경우는 24 주권부터 스터디 클럽 혜택이 있네요. 저는 23년도에 링글 화상영어 72회권을 구매하면서 스터디에 참여했습니다. IELTS와 OPIC 시험 주제로 진행하였고, 결과적으로는 굉장히 만족스러운 스터디였습니다. 2년이 지난 지금까지도 가끔 글이 올라오는 오픈 카톡방에서 담당자 분과 링글 공동창업자 분이 열정적으로 관리해 주셨습니다. 사실 이 스터디 덕에 링글을 더 믿고 오랜 기간 동안 수강하게 된 계기가 된 것 같습니다. 줌 라이브로 진행되는 수업 스터디 클럽은 줌을 통한 라이브 수업으로 진행됩니다. 물론 스터디 클럽마다 좀 다르겠지만, 기본적으로 강의와 스터디가 함께 진행됩니다. 다양한 표현들을 알려주시고, 교재도 PDF 형태로 제공됩니다. 수업은 한 시간이 안되게 진행되었고, 시험 스터디반이기 때문에 시험에 바로 활용할 수 있는 표현들 위주로 알려주십니다. 창업자인 이성파 님이 직접 해주시는데, 참 열정적인 분이라 생각 들었습니다. 대표로서 가장 바쁜 직책을 가지고 있음에도 수강생 하나하나를 챙기는 모습이 인상적이었습니다. 물론 강의도 매우 만족스러웠습니다. 오픈 카톡방을 통해 밀첩 관리 스터디가 진행되는 동안 오픈 카톡방이 운영됩니다. 놀랍게도 25년 현재에도 카톡방이 살아있고, 아주 가끔 영어에 관한 질문 글이나 넋두리들이 아직도 올라옵니다. 단연 이성파 님도 있고요 스터디가 진행되는 동안 매일처럼 카톡방에 글이 올라옵니다. 영어 시험 특성상 단기간에 많은 표현을 익히고 매일 같이 연습하는 것이 중요해서인데요. 이렇게 현재까지 몇 명 참여했다. 참여 좀 해달라고 독려해 주십니다. 대부분 직장인 분들이 많았어서, 날이 갈수록 참여인원이 줄어드는 건 안 비밀입니다. 매일 주어지는 녹음 미션 다른 언어를 배우는 것이기 때문에, 하루에 많은 양을 한꺼번에 습득하는 것보다 매일 조금씩 공부하는 게 중요하다고 생각 듭니다. 그래서 스터디가 시작되면 페이지 하나가 개설되고, 주어진 미션에 맞춰서 매일 녹음한 걸 업로드하는 미션이 주어집니다. ...(truncated)",,,Anonymous,https://kindoflegacy.com/entry/내돈내산-링글-1년-6개월-솔직-후기-feat수업가격AI-튜터스터디-클럽
