title,url,date,platform,company,source_type,search_keyword,collected_at,text
(프렌즈)미드 쉐도잉 후기,https://www.clien.net/service/board/use/19117223?combine=true&q=%EC%95%BC%EB%82%98%EB%91%90&p=0&sort=recency&boardCd=&isBoard=false,,clien,yanadu,community,yanadu,2026-01-18T15:04:43.288739,"최근에 프리토킹 혹은 토익 등 어학 성적 관련 질문을 받아봐서 생각나서 글써봐요

프렌즈를 선택한 이유
일단 대본 구하기가 가장 수월했고 쿠팡 플레이에서도 볼 수 있었기 때문.
무엇보다 후기를 찾아보니 쉐도잉 계(?)에서 거의 레전드급으로 불림
대화 속도가 그렇게 빠르지 않아서 따라하기 쉽고 일상적인 대화를 많이 하기 때문에
실제로 써먹을 수 있는 표현들이 많음
물론 오래되었기 때문에 우리나라로 치면 90년대에 쓰던 표현들을 배우는거라 요즘 쓰는 표현들은
추가적으로 공부? 또는 익혀야함.

1. 기본 실력
아주 어릴때 미국에서 1년 살았음.
하지만 말은 전혀 못했고 듣기만 좀 늘어서 고등학교 시절까지 듣기 실력은 잘나오는편이었음'
물론 다들린건 아니고 아주 희미하게 이런말을 한거 같은데?
객관식 문제에 나오면 찍을 수 있는 수준이었을뿐 원어민이 무언가 이야기를 하면 문맥을 파악하지 못하는 정도.

오픽학원 다닌적 있지만 외워서 겨우 IM2 나옴(쉐도잉 공부 이전)
토익 공부한적 없음

2. 공부기간
회사다니면서 퇴근 후 2시간씩 3개월 정도
퇴사 후 3개월, 매일 10~12시간

3. 쉐도잉 결과
오픽 AL
토익 880점(공부X)
특히 LC는 모든 대화를 듣고 해석하는게 아니라 한국어를 들으면서 이해하는 것과 같이 느껴질 정도였음
한국에 사는 외국인과 일상적 대화 가능했고
한 외국인과 많은 대화를 나눈 후 내 실력이 어느 정도냐 물어봤을때
자신의 한국인 와이프가 미국에서 석사 과정(1년인가 2년인가 가물가물)을 하며 만나게 되었는데
그때의 와이프와 엇비슷한 정도의 실력인거 같다고 했음.

4. 쉐도잉 공부 방법1
우선 공부가 재밌어야 지속할 수 있다고 생각했기 때문에 한편을 그냥 자막 보면서 시청.
그리고 자막 없애고 대본 출력
그리고 다시 보면서 모르는 표현, 단어 등 모르는건 전부 검색해서 적어둠
이걸 따로 외우지는 않았음.
배우가 말할때 억양, 발음, 속도, 뉘앙스 등 최대한 똑같이 소리내서 따라함.
그나마 어릴때 미국에 살았어서 발음은 따라하기 쉬웠음
이게 한번에 되는게 아니라서 빠르고 긴 문장은 100번도 따라했던것 같음
따라서 적어놓은 표현, 단어를 외울 필요가 없는 이유가 그냥 외워질 수밖에 없음.

한 문장이 끝나면 다음 문장으로 넘어갔고, 이런 식으로 한편을 끝내는데까지 열흘정도 걸렸던것 같음
하루 10시간 정도 했음.

4. 말하기
전화 영어를 신청해놨기 때문에 쉐도잉을 하다가 필리핀 선생님한테 전화가 옴.
20분이었나 영어로 통화를 함.
쉐도잉은 영어 표현, 단어 등 뱉는 연습을 하고 듣기 훈련이었다면
말하기는 상대방의 질문에 대해 익힌 표현, 단어 등을 써먹는 훈련이라고 생각했음.
따라서 주2회 전화 영어 뿐만 아니라 주 2회 프리토킹 모임을 나갔음.
프리토킹 모임은 약 2시간 정도 특정 주제를 가지고 자유롭게 이야기를 하는 시간을 가졌고
멤버는 5~6명이었음.
대화가 오가다가 하고싶은 말이 떠오르면 망설이지 않고 막히더라도 어떻게든 하고싶은말을 해내려고 했음.
막혀서 사람들이 이해하지 못하는 문장이면 그걸 어떻게든 다르게 설명하려고 노력함.

5. 결과
거의 한국어를 쓰지 않고 매일 쉐도잉을 하거나 미국, 영국 친구와 만나서 영어로 대화를 나눴고
한국인과도 영어로만 대화함.
3개월 정도 되었을때 꿈도 영어로 꾸고 생각도 영어로 하는 수준에 오르게 되었음.


음슴체는 마치겠습니다.

물론 현재는 영어 쓸일 없는 직종에서 일하게 되면서 더 이상 영어공부를 안하게 되었고 5년이 넘는 시간이 흘렀지만
여전히 외국인과 뭔가 대화할 일이 생기면 두려움이 없어졌네요.
물론 단어도 이제 잘 안떠오르지만 해외 나가면 영어로 대화할 상황이 생기면 그냥 하게 되었네요.
다시 영어 실력을 끌어올려야하거나 혹은 제2외국어를 공부해야 할일이 생기더라도
자신감이 생긴 것도 덤인것 같아요.

새해에 영어공부를 하겠다 혹은 영어 실력을 키워야한다면 쉐도잉 꼭 추천드립니다"
2025년 AI 10대 트렌드 : 광기(Hype)에서 현실(Reality)로,https://www.clien.net/service/board/lecture/19114187?combine=true&q=%EC%95%BC%EB%82%98%EB%91%90&p=0&sort=recency&boardCd=&isBoard=false,,clien,yanadu,community,yanadu,2026-01-18T15:04:43.288739,"올한해 AI로 뜨거운 한해를 보냈는데요. 
올 한해 어떤 이슈들이 있는지 찾다보니 정리된 자료가 없어서, 정리해 봤습니다.
10개 주제를 뽑고, Gemini 3.0와 ChatGPT-5.2의 Deep Research를 주말동안 돌려서 정리했습니다. 
그리고 관련 삽화는 나노바나나로 만들었습니다. 

그럼 시작하겠습니다. 

----------------------------------





2025년 AI 10대 트렌드: 광기(Hype)에서 현실(Reality)로




2025년의 AI는 “가능성”을 증명하는 해가 아니었습니다.

가능성은 이미 2023~2024년에 충분히 보여줬고, 
2025년에는 그 대가가 청구서로 날아왔습니다.

한 해는 ‘DeepSeek’라는 다윗의 돌팔매질로 시작해,
‘수익성(ROI)’과 ‘전력(인프라)’이라는 현실 앞에서 숨을 고르며 끝났습니다.
기술은 빛의 속도로 진화했지만, 기업은 더 느리고 무거운 질문을 꺼냈죠.

“이제 모델은 얼마나 싸졌나?”
“그런데 왜 우리 비용은 더 늘지?”
“인력 구조는 어떻게 바뀌어야 하지?”
“보안과 신뢰의 비용은 누가 지불하나?”

이 글은 2025년을 관통한 AI 10대 트렌드를 ‘연대기’처럼 따라가며,
기업이 실제로 맞닥뜨린 전장(시장·조직·규제·인프라)을 한 편의 이야기로 정리합니다.


 
제1막: 신들의 전쟁 (The War of Gods)
“가격은 바닥으로, 지능은 천장으로”


1) 딥시크(DeepSeek) 쇼크: ‘가성비 혁명’이 촉발한 지능의 민주화

2025년 1월 27일.
시장은 한 번 더 “AI는 돈 많은 자의 게임”이라고 믿고 있었습니다.
그 믿음이 깨진 날이 바로 그날이었습니다.
중국의 퀀트 헤지펀드 출신 스타트업 DeepSeek는
오픈소스 모델(DeepSeek-V3)과 추론 모델(R1)을 공개하며,
실리콘밸리의 공식을 정면으로 뒤집었습니다. 핵심은 간단했습니다.
“더 비싼 GPU가 아니라, 더 영리한 설계로도 동급 성능이 가능하다.”




DeepSeek는 GPT-4 훈련에 약 1억 달러가 들어갔다는 시장 추정과 대비되는
560만 달러 수준의 비용으로 대등한 성능을 구현했다고 발표합니다.
더 충격적인 포인트는 H100이 아니라 H800 2,000개 기반의 효율적 병렬 운용이었다는 점입니다.

이 “비용의 기적”은 곧장 금융시장에 반사됐고, 엔비디아 주가 급락 같은 사건으로 번졌습니다.

그런데 진짜 파장은 주가가 아니라 가격 구조였습니다.
DeepSeek는 “추론 모델” API를 1M 토큰 기준 캐시 히트 $0.14 / 캐시 미스 $0.55 / 출력 $2.19로 제시했습니다.

이 숫자들이 왜 중요할까요? 기업 관점에서 의미는 명확합니다.
모델 자체는 점점 ‘원가에 수렴’한다.
차별화는 모델이 아니라 “어떤 업무 흐름에, 어떤 데이터로, 어떤 책임 구조로 얹느냐”로 이동한다.
‘LLM을 쓰는 회사’가 아니라, LLM을 운영하는 회사가 이긴다.
한 마디로 2025년 1월 27일은, AI가 사치재에서 유틸리티로 넘어간 날이었습니다.

그리고 이 변화는 곧장 다음 전투로 이어집니다.
‘누가 가장 똑똑한가’가 아니라, ‘누가 가장 빨리 표준을 장악하는가’의 전쟁으로요.



2) OpenAI vs Google: 25일간의 왕좌의 게임 — “모델 전쟁은 곧 플랫폼 전쟁”

2025년을 관통한 두 번째 큰 흐름은, 
‘AI 패권 경쟁’이 더 이상 연구 경쟁이 아니라 플랫폼 경쟁으로 변했다는 점입니다.

2월, OpenAI의 ‘지브리 스타일’ 열풍이 전 세계를 휩쓸며 AI가 대중문화 한복판으로 들어옵니다.
외부 보도에 따르면, 이 유행은 일주일 만에 1억 3천만 명이 7억 장 이상의 이미지를 생성할 정도로 폭발적이었습니다.
8월, 구글은 ‘Nano Banana(Gemini 2.5 Flash Image)’ 같은 이미지 모델로 밈을 만들며 “힙한 AI”의 반격을 시작합니다.


11월 18일, 구글은 Gemini 3 Pro를 공개하고(릴리즈 노트 기준), 12월에는 Deep Think 계열을 확장합니다.
위기를 느낀 샘 알트만은 ‘Code Red’를 발령, 수익화 프로젝트를 뒤로 미루고 모델 성능 개선에 리소스를 집중합니다.
그리고 12월 11일, OpenAI는 GPT‑5.2를 공개하며 반격합니다.


여기서 기업이 놓치기 쉬운 핵심은 이겁니다.
이 싸움의 승패는 “벤치마크 1~2점”이 아니라, 사용자 행동을 바꾸는 ‘플랫폼 경험’에서 갈립니다.
텍스트만 잘하는 모델 → 이미지·비디오·음성·툴 사용으로 확장
단발성 답변 → 워크플로우 안에 들어가는 에이전트로 진화
“검색”의 자리를 놓고 경쟁 → “업무의 조종석”을 두고 경쟁


즉, 2025년의 왕좌의 게임은 단순히 두 회사의 PR 전쟁이 아닙니다.
기업에게는 “내가 어느 진영(플랫폼)에 묶일 것인가”라는 전략적 선택을 강요하는 사건이었습니다.





제2막: 현실의 점령 (The Great Permeation)
“AI가 화면 밖으로 나와, 삶과 산업을 장악하다”


3) 비디오 혁명: 상업 광고의 표준이 되다 — 다만, ‘하드 서피스’만

2024년의 ‘Sora 쇼크’가 “와…”로 끝났다면, 2025년은 “그래서 써봤다”로 시작합니다.
광고·캠페인·숏폼·뮤직비디오까지, 생성형 비디오는 상업 미디어의 기본 옵션이 됐습니다.


그런데 재미있게도, AI 비디오의 성패는 “모델 성능”보다 대상이 무엇이냐에 갈렸습니다. 
이를 ‘하드 서피스의 승리, 소프트 티슈의 패배’로 정리합니다.

하드 서피스(금속·유리·플라스틱·자동차·산업재): AI가 리얼리즘을 거의 완벽하게 구현
소프트 티슈(사람 표정·동물 움직임·감정 교류): ‘불쾌한 골짜기’가 그대로 드러나며 역풍


교육기업 야나두의 100% 생성형 AI 광고는 유튜브 조회수 1,300만 뷰를 넘기며
‘저예산 고퀄’의 가능성을 증명했다고 정리됩니다.

(AI 영상의 가능성을 보여준 야나두 AI 영상)


반면, 코카콜라·맥도날드처럼 사람/동물의 표정을 전면에 내세운 광고는
“영혼이 없다”, “기괴하다”는 반응을 얻으며 실패 사례로 기록됩니다.

(코카콜라 AI 영상)

더 흥미로운 건 “기업 내부 제작”의 확산입니다.
예를 들어 LG유플러스는 사내 TF가 Sora·ChatGPT 등 도구를 활용해 숏츠 광고를 제작했고,
제작비 95% 절감·기간 70% 단축 사례로 정리됩니다.


이 장면이 기업에 던지는 메시지는 분명합니다.
마케팅/브랜딩에서 제작 역량은 더 이상 ‘예산’만의 게임이 아니다.
대신 경쟁은 “촬영”이 아니라 “콘셉트(기획) + 데이터(브랜드 톤) + 검수(법·윤리·사실성)”로 이동한다.
그리고 AI 영상이 흔해질수록, “사람이 만든 것” 자체가 다시 프리미엄이 될 수 있다(‘Human-only content’ 트렌드).

2025년, 광고는 ‘콘텐츠 제작’이 아니라 콘텐츠 운영(Ops)이 되기 시작했습니다.





4) 온디바이스 AI: 클라우드에서 엣지로 — 비용과 프라이버시가 AI를 끌어내리다

AI를 기업 서버에 붙이기만 하면 끝날 줄 알았던 시절은 짧았습니다. 
2025년, 생성형 AI는 “잘 돌아간다”에서
“얼마나 싸고, 얼마나 빠르고, 얼마나 안전하게 돌아가냐”의 게임으로 바뀌었습니다.
그 결과 AI는 클라우드만의 것이 아니라, 기기 안으로 들어오기 시작합니다.
이를 “클라우드 비용 부담과 프라이버시 이슈가 AI를 엣지(Edge)로 끌어내렸다”고 표현합니다.

이 변화의 상징적 장면이 바로 ‘온디바이스 기능’의 대중화입니다. 
갤럭시 S25가 완전 오프라인 실시간 통역 같은 기능을 구현했다고 얘기합니다. 
그리고 PC 시장에서도 NPU 탑재 흐름이 가속되며, AI PC가 전체 PC 시장의 큰 비중을 차지하는 흐름이 정리됩니다.



기업 관점에서 온디바이스 AI는 단순한 ‘기능’이 아닙니다.
데이터가 어디에서 처리되는지(경계), 비용이 어디에서 발생하는지(회계),
책임이 어디에 남는지(거버넌스)를 다시 정의합니다.
콜센터·영업·현장 작업자의 보조 기능은, 네트워크 환경에 따라 클라우드가 아니라 디바이스가 더 안정적일 수 있습니다.
규제 산업(금융·의료·공공)은 온디바이스/프라이빗 환경이 규정 준수의 비용을 낮출 수 있습니다.
제품 기업은 “AI 기능”을 팔기보다, AI가 돌아가는 하드웨어·센서·데이터 파이프라인을 함께 설계해야 경쟁력이 생깁니다.

그리고 이 전환이 가장 흥미로웠던 이유는, ‘통제’의 상징 같은 애플조차 예외가 아니었기 때문입니다.

애플은 Apple Intelligence를 밀어붙였지만,
일정 지연과 기대치 간극을 겪으며 구글과의 전략적 제휴(예: Gemini 연동) 같은 선택지를 진지하게 꺼내 들었습니다.
“기기 안에서 최대한 처리하되, 필요한 순간엔 가장 강한 파트너 모델을 호출하는”
하이브리드 접근이 업계의 기본값이 되어가고 있다는 신호였죠.


한국에서는 이 흐름이 더 큰 그림으로 이어졌습니다.
엔비디아를 중심으로 삼성(메모리)–현대(모빌리티)–엔비디아(AI 인프라)가 맞물리는
이른바 ‘AI 깐부 동맹’ 같은 장면이 등장하며, 온디바이스/엣지는 단지 스마트폰 이야기가 아니라
AI 팩토리와 자율주행 같은 산업 생태계로 확장됩니다.


2025년의 메시지는 하나입니다.
AI는 더 이상 ‘클라우드에 있는 똑똑한 것’이 아니라, ‘현장에 붙은 기능’이 된다.




5) 바이브 코딩(Vibe Coding)과 코딩 에이전트: 개발은 ‘작성’에서 ‘감독’으로

2025년은 코딩의 정의가 바뀐 해였습니다.
바로 ‘바이브 코딩(Vibe Coding)의 원년’이 된 해였습니다. 
개발자가 코드를 “직접 쓰는 사람”이 아니라,
AI에게 “의도와 느낌을 전달하고 관리하는 감독관”이 되었다는 뜻이죠.


이 흐름은 두 갈래로 동시에 확산됩니다.
첫째, 비개발자까지 포함하는 업무 자동화/앱 생성입니다.
Zapier·Make·n8n 같은 워크플로우 자동화 도구,
Lovable·Replit 같은 앱 생성 도구가 “말하면 시스템이 된다”는 감각을 현실로 끌어옵니다.

둘째, 개발자 조직의 생산성을 폭발시키는 에이전트형 IDE/플랫폼입니다.
Cursor·Windsurf 같은 AI IDE, Claude Code·Codex 같은 코딩 엔진,
그리고 구글의 ‘Antigravity’ 같은 "
영문법 정리 한 가지 방법: 예문 스캐닝 & 체크로 빠르게 리마인드하기,https://www.clien.net/service/board/lecture/19105676?combine=true&q=%EC%95%BC%EB%82%98%EB%91%90&p=0&sort=recency&boardCd=&isBoard=false,,clien,yanadu,community,yanadu,2026-01-18T15:04:43.288739,"성인들이 영어 공부를 다시 시작하는 이유와 방식에는 여러 가지가 있습니다. 거의 초기화된 분들은 어휘부터 시작하기도 하고, 확실한 니즈가 있는 분들은 직장, 학교, 여행 등에서 써먹을 수 있는 실전 문장 중심으로 학습하기도 합니다. 어떤 분들은 미드·영화 대사를 중심으로 학습하기도 하고, 또 어떤 분들은 문법을 다시 리마인드하며 시작하기도 합니다.

문법을 리마인드하는 방법으로는 문법책이나 강의를 선택하는 경우가 많습니다. 집안 어딘가에 있는 중·고등 문법책을 꺼내 복습하기도 하고, 유·무료 영문법 강의를 듣기도 합니다. 유튜브에서도 ‘영문법 총정리’로 검색하면 많은 강의가 뜹니다. 이런 강의를 처음부터 끝까지 완주하는 분들도 있지만, 많은 분들은 처음에는 호기롭게 시작하지만 중간에 그만두는 경우가 많습니다. 가만히 보는 수동적인 학습에서 집중력을 유지하기란 쉽지 않습니다.

오늘 포스팅에서는 비교적 덜 지루하게 영문법을 한번 쭉 훑어보는 방식 중 하나로 예문 중심 학습법을 소개하고자 합니다. 다만, 이 방법은 초보자보다는 어느 정도 문법의 잔해가 머릿속에 남아 있는 분들에게 더 적합합니다.

방법은 아래와 같습니다. 

모든 문법 요소에는 반드시 예문이 있는데, 일단 설명은 읽지 말고 예문만 쭉 읽어갑니다. 예문이 너무 많을 때에는 대표 예문 중심으로 읽습니다. 설명을 읽고 싶은 유혹은 참아야 합니다.

1회독 때에는 이해가 안 가는 예문이 있어도 중간에 끊지 말고 표시만 하고 넘어갑니다. 예문 번호가 있으면 번호를, 없으면 예문에 밑줄 긋고 페이지 번호를 적어둡니다.

예문이 음원이나 동영상으로 있으면, 보고 들으면서 바로 해석이 안 되거나 궁금한 점이 생기는 예문을 표시합니다. 열심히 생각해야 해석되는 경우도 표시해야 합니다.

이렇게 중단하지 않고 처음부터 끝까지 예문을 쭉 스캐닝하는 작업을 1번 할 수도 있고, 2번 이상 반복할 수도 있습니다. 이때 표시된 문장을 노트에 적어보는 것도 나쁘지 않습니다.

표시가 끝난 다음에는 표시된 예문을 다시 방문하여 설명을 읽거나, 설명이 없는 경우 GPT 등에게
“이 문장에 포함된 어휘 및 문법을 아주 쉽게 설명해줘.”
와 같이 요청할 수 있습니다.

1. 어떤 책을 봐야 하나요?
예전에 봤던 괜찮은 문법책이 있으면 새로 살 필요는 없습니다.
시원스쿨, 야나두 같은 동강을 들으신 분들은 교재나 요점 정리 등에 있는 예문을 보거나, 영상을 3초·5초 빨리 감기 하며 예문만 봅니다.
가능하면 저자나 검수자 중에 원어민이 포함된 책을 고르시기 바랍니다.

 피해야 하는 책 
독해·구문 해석용으로 예문이 과도하게 긴 책(실생활과 거리가 먼 예문들)
→ 단, 수험생들은 선택 가능

문법 설명을 위해 어색한 예문이 포함된 책
깜짝 Quiz: 아래 예문들은 자연스러운 예문일까요?
I think her very smart. (5형식 예문)
< 출처: 우리나라에서 가장 많이 팔리는 구문집: 천*문 > 

I'm reading a book that is fun/interesting. (관계대명사 예문)
<출처: 유튜브 관계대명사 최대 조회수 영상>
---
결론부터 말하면 두 문장 모두 상당히 어색한 예문입니다.
원어민들은 보통 다음과 같이 말합니다.
I think she’s very smart.
I’m reading an interesting/fun book.
국내 학습서 중에는 문법 설명만을 위해 만들어진 어색한 예문이 종종 포함되어 있는데, 인지도 있는 책이 이런 예문을 사용하면 이후 출간되는 다른 책들도 비슷한 예문을 사용하며 ‘어색한 예문’이 본의 아니게 주류가 되기도 합니다.

2. 문법책이 없습니다. 어디 무료는 없나요?
“There’s no such thing as a free lunch.”(세상에 공짜는 없다)는 말이 있지만, 유튜브에는 예외가 있습니다. 원래 독자 전용으로 제작되었지만 이제는 누구나 책 구입 부담 없이 시청할 수 있는 영상들 소개합니다.

다만, 예문에는 가끔 중급 어휘가 포함되어 있으니 부담을 느끼는 분들은 유튜브에서 더 기초적인 문법 예문 영상을 찾아보시기 바랍니다. 즉, 아래 소개 영상은 어휘가 왕초보 수준은 아니면서, 머릿속에 어느 정도 문법의 잔해가 남아 있는 분들을 위한 영상입니다.

아래 영상에는 2000개의 예문이 포함되어 있는데, 1~916번까지는 문법 예문입니다. 1~5형식, 시제, 현재완료, 가주어 it, 가정법, 관계대명사, 지각동사, 사역동사, 동명사, 현재분사 등 교육과정에서 다뤄지는 거의 모든 문법 요소가 자연스러운 예문 속에 포함되어 있습니다. 화면 우측 상단에 문법 키워드가 표시됩니다.

예문 연습용 영상으로 한글 해석은 있지만, 문법에 대한 상세한 설명은 없습니다. 이해가 안 되는 문장은 학습자가 우측상단 문법 키워드와 문장을 가지고 직접 GPT에 문의해야 합니다.
아래 문장에 포함된 어휘 및 문법 아주 쉽게 설명해줘.
This medicine may make you sleepy. (5형식)
 

각자의 니즈에 따라 1번 듣기, 듣고 따라 말하기, 4번 듣기, (텍스트 없이) 듣고 따라 말하기 영상을 선택하시기 바랍니다. 이해가 안 되는 예문은 번호만 적어 놓고 일단 진도를 나가시기 바랍니다. (물론 학습자 선택으로 그때그때 멈춰서 GPT에게 물어볼 수도 있으나, 이렇게 하면 진도가 잘 안 나가고 지쳐서 중도에 포기할 가능성이 높습니다.)





예문 엿보기 
 5형식 (SV.O.oC) 
41. Please leave the door open.
42. This medicine may make you sleepy.

 의문사 주어 
67. Who farted? It stinks.

 빈도 부사 
127. I rarely watch TV.

 should have 
181. Sorry, I shouldn't have said that.

 가정법 과거 
305. If I could help you, I would, but I can't.

 현재완료 (계속) 
433. I've known him since high school.

 수동태 
475. How many stops are left? / Two. Get ready.

 의문사절 
572. Do you know whose dog this is?

 to부정사 목적보어 
638. Mom told me to come home early.

 지각동사 
718. Did you see me steal it?

 주격 관계대명사 
733. I met someone who knows you yesterday.

 관계대명사 계속적 용법
776. The movie has a twist, which I'm not going to tell you. (twist: 반전)

 비교 (as 원급 as) 
812. It wasn't as expensive as I thought.
 
베이직 그래머 인 유즈(Basic Grammar in Use) 4판 책을 가지고 계신 분들은 아래 영상들 이용하실 수 있습니다. 물론, 영상 없이 책에서 바로 체크하셔도 됩니다.
참고로, BG in Use는 고유명사를 제외하고 약 950개의 기초 어휘가 사용되며, ‘영어문장 2000’은 고유명사를 제외하고 약 2,400개의 어휘가 사용됩니다. 다만 어려운 어휘는 문법 이후 파트(917~2000)에 주로 등장합니다.




 포스팅 요약 
영문법을 한번 쭉 리마인드하고 싶을 때, 영문법 교재나 강의를 처음부터 차근차근 볼 수도 있지만, 신속한 학습과 모르는 부분에 집중하기 위해
일단 문법 설명은 건너뛰고 각 문법 요소의 대표 예문만 1~3회독하며 생소하거나 바로 해석이 안 되는 예문을 표시하고,
표시된 예문에 대해서만 설명을 읽거나 GPT에게 문의합니다.
GPT에게 문의할 때는 설명뿐 아니라 비슷한 예문 추가 요청을 통해 해당 문법을 더 폭넓게 학습할 수도 있습니다.


오늘은 여기까지입니다.
감사합니다.
💗💛💚💙💜
  실전 영어가 급한 분들에게 문법 정리가 필수는 아닙니다.
문법 정리할 시간 없이 바로 직장·해외생활에서 사용할 문장 학습을 원하시는 경우 아래 포스팅 참고하시기 바랍니다.
> 실전 영어 독학팁 & 구글 시트 공유

#영문법 #영문법총정리 #영문법독학 #예문중심영문법 #영어문법복습 #영문법기초 #영문법공부 #영문법정리 #영어독학

출처 :
https://blog.naver.com/walire/224100002804"
"야나두 AI 영상으로 본, AI 시대 생존전략",https://www.clien.net/service/board/park/19051765?combine=true&q=%EC%95%BC%EB%82%98%EB%91%90&p=0&sort=recency&boardCd=&isBoard=false,,clien,yanadu,community,yanadu,2026-01-18T15:04:43.288739,"야나두 AI 영상으로 본,  AI 시대 생존전략
부제: 아이디어 복제는 빛의 속도, 내 밥그릇은 어떻게 지킬 것인가? 


최근 야나두의 AI 영어 교정 숏츠
(할머니가 ""이건 서비스야~"" 하면 AI가 ""It's on the house!"" 하는 그 영상)가 엄청난 화제였습니다. 
천만 뷰를 훌쩍 넘기며 대박이 났죠.


그런데 정말 놀랍고도 무서운 일은 그 다음에 벌어졌습니다. 
이 영상이 AI로 만들어졌다는 게 알려지자마자, 
이 포맷을 그대로 베낀 유사 채널이 순식간에 100개가 넘게 생겨났다고 합니다. ㄷㄷㄷ

이 '야나두 현상'은 AI 시대의 냉혹한 현실을 정확하게 보여줍니다. 

아이디어가 좋으면 뭐합니까? 
AI가 생산 비용을 '0'으로 만드니, 
빛의 속도로 복제됩니다.

형식(Format)은 순식간에 흔한 상품(Commoditized)이 되어버립니다.

저는 바로 이 지점이 아주 흥미로운 포인트라고 봅니다.

보통 샤인머스캣이나 탕후루처럼 한순간에 유행이 번지면, 
곧바로 수많은 복제품이 생겨나고 전반적인 품질이 떨어지면서 
결국 그 유행 자체가 소멸하는 길을 걷습니다. 

야나두 숏츠 역시 수많은 유사 영상으로 피드가 어지러워지고 있죠.
하지만 만약 이게 단순 유머 영상이었다면 똑같이 소멸의 길을 걸었을 겁니다. 
야나두의 영상이 다른 점은, '영어 교육 전문 기업'이라는 배경이 주는 강력한 신뢰입니다. 
'적어도 저기서 알려주는 표현은 틀리지 않았을 거야'라는 믿음이죠.

바로 이 믿음이 사람들로 하여금 야나두에 '정품 인증' 마크를 찍어주게 만든다고 생각합니다. 
어떻게 보면 이게 진정한 의미의 NFT(디지털 원본증명)가 아닐까 싶습니다. ㅋ 
결국 흉내 낼 수 없는 브랜드 가치가 되는 것이죠.

물론 이 '원조 효과'가 앞으로도 계속될지는 지켜봐야 할 겁니다. 
하지만 AI 시대에 브랜드와 신뢰가 어떻게 작동하는지 보여주는 아주 중요한 사례라고 생각합니다.


제가 생각한 AI 시대의 핵심은.. '생성'에서 '판단'으로

우리가 주목해야 할 가장 근본적인 변화는 바로 '가치의 이동'입니다.
과거에는 무언가를 '만들어내는 능력(생성, Generation)' 자체가 경쟁력이었습니다. 
보고서를 잘 쓰고, 코딩을 잘하는 것이 중요했죠. 
하지만 AI는 이 '생성'의 비용을 0에 가깝게 만들었습니다. 
이제 누구나 평균 이상의 결과물을 순식간에 생성할 수 있습니다.

생성의 가치가 폭락하면서, 반대급부로 폭등하는 가치가 있습니다. 바로 '판단력(Judgment)'입니다.
AI는 100가지 전략 초안을 만들 수 있지만, 우리 비즈니스에 맞는 최적의 하나를 판단하는 것은 인간의 몫입니다.
AI는 수백 줄의 코드를 짤 수 있지만, 어떤 아키텍처가 가장 효율적인지 판단하는 것은 시니어 개발자의 몫입니다.
결국 AI 시대의 생존 전략은 이 '판단력'을 어떻게 극대화하고 증명하느냐에 달려있습니다. 
이 관점에서 우리가 가져야 할 4가지 전략을 생각해  봤습니다.



1. '주어진 일'을 넘어 '일의 판'을 장악해야 한다고 생각합니다.
- 무엇을, 왜 할지 판단하는 능력
단순히 AI로 보고서를 빨리 쓰는 스킬은 이제 큰 의미가 없습니다. 
중요한 건 상사가 왜 이 보고서를 쓰라고 했는지, 
전체 업무 흐름(워크플로우) 속에서 
'지금 가장 중요한 문제가 무엇인지(What)', '왜 이 일을 해야 하는지(Why)'를 판단하는 능력입니다.

'보고서 작성'이라는 점(Dot)이 아니라, 
'문제 정의 → AI 활용 분석 → 보고 → 후속 조치'로 이어지는 선(Line)을 장악해야 합니다. 
시키는 일만 잘하는 '실무자'가 아니라, 일의 판을 설계하고 지휘하는 '설계자'가 되어야 하는 것이죠.

서비스 관점에서도 마찬가지입니다. 
고객의 '일하는 방식' 자체를 지배해야 합니다. 
'메모 앱'이 아니라 '업무 시스템'을 팔아야 합니다. 
편의점 삼각김밥이 아니라, 평생 찾는 단골 식당 같은 존재가 되어야 합니다.


2. 실력'에 '신뢰'라는 도장을 찍어야 합니다 
- 결과에 책임지는 최종 판단자
까놓고 말해, AI가 만든 결과물은 그럴싸해 보여도 100% 믿기 어렵습니다. 
절대 책임도 지지 않죠. 바로 이 지점이 기회입니다.
내가 AI를 활용해 만든 결과물에 '이건 OOO이 검토했으니 믿어도 돼'라는 인간 보증서를 붙여주는 겁니다. 
이는 AI가 생성한 결과물에 대해 '이것이 옳은가, 틀렸는가'를 최종적으로 판단하고 
그 결과에 책임(Responsibility)을 진다는 의미입니다. 

'일 잘하는 사람'을 넘어 '믿고 맡길 수 있는 사람'이라는 평판이야말로 
AI가 절대 가질 수 없는 강력한 무기입니다.


3. 완벽보다 속도에 미쳐야 한다고 봅니다. 
- 빠르게 시도하고 수정하는 판단력
1주일 동안 완벽한 기획안을 만드는 동료보다, 
1시간 만에 AI로 만든 초안이라도 가져와 방향성을 제시하는 동료가 인정받는 시대입니다.

AI 시대의 속도는 단순히 손이 빠른 것을 의미하지 않습니다.
불확실성 속에서 '일단 이 방향이 맞다'고 판단하여 빠르게 실행하고, 
피드백을 바탕으로 '방향을 수정해야 할 때'를 판단하는 능력, 즉 기민한 판단의 반복입니다.

서비스 관점에서도 아이디어의 유통기한이 짧아졌습니다. 
먼저 출시하고, 욕먹으면서 미친 듯이 개선해나가야 합니다. 
이제 속도가 신뢰고, 시장을 선점하는 모멘텀이 곧 해자라고 생각합니다.


4. 나만 아는 '맥락'과 '데이터'에 집착해야 합니다. 
- 판단력을 기르기 위한 재료
GPT-5, 제미나이... 이런 범용 AI 엔진은 어차피 다들 똑같이 쓸 겁니다. 이건 상수입니다.
진짜 차별점은 어디서 나올까요? 
바로 나만이 가진 경험과 맥락, 즉 '도메인 지식'입니다. 
이 '손때 묻은 지식'이야말로 정확한 판단을 내리기 위한 핵심 재료입니다.

지난 분기 실패했던 프로젝트의 진짜 원인,
A부장님이 중요하게 생각하는 보고서의 논리 전개 방식, 
경쟁사 보도자료 행간에 숨은 의도 같은 것들 말입니다. 

나만의 경험과 데이터가 많을수록, 
AI가 제시한 결과물들 사이에서 더 나은 것을 골라내는 '안목'과 '판단력'이 길러집니다.

가장 큰 경쟁력은 이 깊은 지식을 AI에게 얼마나 잘 녹여내느냐, 
즉 AI를 얼마나 잘 '우리 팀 전문가'로 조련하느냐 하는 능력에서 나올 겁니다. 
똑같은 AI를 써도, ""지난번 그 프로젝트처럼 진행해 줘""라고 말할 수 있는 사람과
""프로젝트를 진행해 줘""라고밖에 말 못 하는 사람의 결과물은 하늘과 땅 차이입니다.

  결론: 결국, 기술의 파도를 탈 '나만의 시스템'을 만드는 사람이 이길 겁니다.
AI 시대는 '성실함'이나 '단편적인 스킬'만으로 버티는 시대가 끝났음을 선언한 것 같습니다.

결국 살아남는 사람은 
AI가 생성한 무수한 가능성 속에서 최적의 답을 선택할 수 있는 '탁월한 판단력'을 갖추고, 
이 4가지 요소를 자신만의 업무 방식에 녹여내 '나만의 시스템'을 구축한 사람일 겁니다.

AI라는 강력한 도구는 이제 모두에게 주어진 상수(常數)가 되었습니다. 
진짜 차별점은 그 도구를 활용해 더 높은 가치를 만들어내는 능력에서 나옵니다. 
그 능력이 바로 '나만의 시스템'이라고 생각합니다.



2022년 말 ChatGPT가 문을 연 AI 시대가 과연 세상을 바꿀 혁명일지,
아니면 잠시 불다 사라질 거품일지, 폭풍의 한가운데 서 있는 지금으로서는 가늠하기 어렵습니다. 
우리는 그저 이 거대한 변화의 흐름에 몸을 맡긴 채, 
끊임없이 질문하고 토론하며 방향을 찾아야 할 뿐입니다. 
제가 쓴 이 글도 그 여정의 작은 일부가 되기를 바랍니다."
요즘 ai생성영상 수준이 장난이 아니네요.,https://www.clien.net/service/board/park/19041010?combine=true&q=%EC%95%BC%EB%82%98%EB%91%90&p=0&sort=recency&boardCd=&isBoard=false,,clien,yanadu,community,yanadu,2026-01-18T15:04:43.288739,"갑자기 쇼츠에떠서 보는데 딱봐도 ai 같긴한데 
입모양이며 동작이며 넘 자연스러워 놀랐습니다.
근데 첨엔 다 같은데서 만든건줄 알았는데 영상이 2개 / 1개 각각 다른 업로더가 올린거더라구요  
컨셉이며 구도며 너무 비슷하네요."
속터지는 고속도로.jpg,https://www.clien.net/service/board/park/18657303?combine=true&q=%EC%95%BC%EB%82%98%EB%91%90&p=0&sort=recency&boardCd=&isBoard=false,,clien,yanadu,community,yanadu,2026-01-18T15:04:43.288739,"모두의공원
속터지는 고속도로.jpg 23
1
8,443 2024-03-23 10:14:12 221.♡.174.106
인생은타이밍이지

원래 트럭들 지정차로 있지 않나요?
인생은타이밍이지 님의
게시글
댓글
6
모공
이제 정청래 당대표는 정부 눈치보지말고 악쎌 밟길 바랍니다.
18
01-13
0
장터
(가격내림) 맥스튜디오 m1max 64gb / 1tb (애플케어 O)
01-07
0
장터
맥스튜디오 m1max 64gb / 1tb (애플케어 O)
01-04
0
장터
(가격 내림) 맥북프로 14인치 m1pro 16gb / 1tb
12-31
0
장터
맥북프로 14인치 m1pro 16gb / 1tb
12-29
0
모공
현재 코스피 횡보가 계속 되는데 어떻게들 생각하시나요?
13
11-25
0
장터
고프로 히어로 블랙 8 + 충전기
11-18
0
장터
ASUS RT-AX88U 유무선공유기
1
11-14
0
장터
[가격 수정] 아이패드 미니6 64기가 퍼플 팝니다 (케이스 포함)
11-05
SIGNATURE
...
신고
스크랩
공유
1명
댓글 • [23]
메모동기화
을 누르면 회원메모를 할 수 있습니다.
joo720
LINK
IP
24-03-23
대댓글 · 공감 신고
쓰레기 새끼들이죠

근대 이건 모두의 책임임

저런 쓰레기들을 운전 할수 있게 만든 사회가 책임이죠
드럼행님
LINK
IP
24-03-23
언급 · 공감 신고
@joo720님 이건 마치 조두순의 범죄가 조두순을 방치한 마을 전체의 책임이라는 논리 같군요
Kanilea
LINK
IP
24-03-23
언급 · 공감 신고
@드럼행님님 그거랑은 다르죠.

불편함을 주는 지속적인 위반과
한번의 범죄가 돌이킬 수 없는 결과를 낳는 것의 차이가 있으니까요.
파키케팔로
LINK
IP
24-03-23
언급 · 공감 신고
10
@joo720님 뭘 이런거에 사회책임 이야기까지 나옵니까?
스페이스X
LINK
IP
24-03-23
언급 · 공감 신고
@파키케팔로님 저렇게 못 달리게 단속을 씨게 했으면 덜하지 않을까 정도로 이해했습니다.
sierre
LINK
IP
24-03-23
언급 · 공감 신고
joo720님// 사회의 책임이 아니라 저런 쓰레기에게 면허를 준 정부의 책임이죠.
전국INFP협회
LINK
IP
24-03-23
대댓글 · 공감 신고
매드맥스 찍는것도 아니고 말이죠 에휴
삭제 되었습니다.
멧돼지a
LINK
IP
24-03-23
언급 · 공감 신고
1
@John D님 차선변경이라도 4차로 고속도로에서는 1차로 들어오면 안됩니다
삭제 되었습니다.
Kanilea
LINK
IP
24-03-23
대댓글 · 공감 신고
1
좌측차로 우측차로라는 개념 도입 이후부터는
고속도로 1,2,3,4,5차로 버스,화물차가 가로막는 상황 보는게 일상이 되었습니다.

트럭기사도, 그걸 불편해하는 사람도 뭐가 진짜 위반인지 제대로 알수가 없게 되었죠.
거기에 버스전용차로까지 더해지면 혼돈의 카오스입니다.
pureoul84
LINK
IP
24-03-23
대댓글 · 공감 신고
1
쌍놈새끼들 탑승yo
택시만큼이나 트럭도 편견이 생깁니다
삭제 되었습니다.
멧돼지a
LINK
IP
24-03-23
언급 · 공감 신고
@축꾸공님 근데 보통 3차로로 주행하더라고요
삭제 되었습니다.
Kanilea
LINK
IP
24-03-23
언급 · 공감 신고
@축꾸공님 2(추월),3/4(주행) 가능합니다.
왼쪽차로 오른쪽차로 도입되면서 고속도로에 이런 상황이 많아진 이유죠.
삭제 되었습니다.
마약김밥
LINK
IP
24-03-23
대댓글 · 공감 신고
1
어제 경부고속도로 천안부근에서는 경적 울려대며 1 2차로로 달리던 화물들때문에 식겁했어요. 고속도로는 순찰이 정말 필요하죠. 지정차로 위반이 명백해서 신고해도 처리안된다는 답변오는 안전신문고보면 한심해요
빛틀
LINK
IP
24-03-23
대댓글 · 공감 신고
서해안고속도로 수도권 구간에서는 자주 볼 수 있는 모습이죠.
저런식으로 1톤들의 레이싱 장면도 자주 목격할 수 있습니다.
츄하이하이볼
LINK
IP
24-03-23
대댓글 · 공감 신고
1차로는 추월차로, 2차로는 왼쪽 차로, 3, 4차로는 오른쪽 차로.
화물차는 오른쪽 차로에서만 주행할 수 있고 추월시에 한해 오른쪽 차로의 바로 왼쪽 한 차로 이용이 가능합니다.
2차로 화물차는 실선 구간 진입 전 추월중이었다면 뭐 정상 주행이고,
1차로는 빼박 지정차로 위반이죠.
0두랄루민0
LINK
IP
24-03-23
대댓글 · 공감 신고
볼때마다 신고해주는 수밖에요;; 소액이지만 금융치료라도 해줘야죠. 요즘은 2일안에 해야되고 넘어가면 경고만 합니다.
삭제 되었습니다.
gaiago
LINK
IP
24-03-23
대댓글 · 공감 신고
🐑아지치네요
blanc.so
LINK
IP
24-03-23
대댓글 · 공감 신고
1
무지성 실선 많은것도 좀 줄여야하고 (2차선 오랫동안 주행중인 화물차 없도록). 버스전용차선도 개인적으로는 1차로 하면 안된다고 봅니다 (버스들이 1차선 뿐만 아니라 2차선까지도 마음대로 먹음). 경부 심하먼 1,2, 4차로 버스, 2 3,4차로 화물차 환장합니다
헤에
LINK
IP
24-03-23
대댓글 · 공감 신고
1
꼭 대형차가 아니더라도 기름 아끼겠다고 고속도로에서 80km/h로 달리는 차들이 정말 많이 늘었습니다.
그런데 그런 차들이 앞에 누가 있는 건 또 싫어하는 지 나란히 달립니다..
차도 별로 없는데 정체가 죽 늘어지는 거 보면 이런 경우가 정말 많습니다.
80km/h 좋은데 제발 나란히 말고 줄줄이 달려줬으면 합니다.
삭제 되었습니다.
꼬복이2000
LINK
IP
24-03-23
언급 · 공감 신고
@야나두님 저거 종종 보이고 뭔가 이유가 있던거 같기도 한데 왜저럴까요?
민트초코자몽
LINK
IP
24-03-23
언급 · 공감 신고
@꼬복이2000님 냄새 빼려고 그러는 경우가 많습니다.
LINK
IP
24-03-23
대댓글 · 공감 신고
숨막히는 뒷태군요.
LINK
IP
24-03-23
대댓글 · 공감 신고
트럭도 트럭뒤에 가는거 싫어하더라고요 ㅋㅋ 제일 극혐합니다
새로운 댓글 확인하기 단축키 'R'
댓글은 로그인이 필요한 서비스 입니다.

목록으로
아기사진전문-라라사진관
본아트 부터 백일,돌, 한옥사진, 디즈니 캐릭터 프로필, 컬러 9컷 주니어 프로필
입주청소비교견적,청소를부탁해
서울/경기/인천 직영팀이 투입하며, 피톤치드,스팀살균,오염방지코팅 무료시공 서비스
김포입주청소 CS크린산업개발
김포입주청소 믿고 다시 찾는 No.1 김포청소대행 전문업체 CS크린산업개발.
김포시렌트카 스마트렌트카
24시친절상담 신속배회차 네비, 후방카메라 블랙박스 종합보험 초특가할인 행사중!
통합검색결과
※ 검색결과 목록의 게시판명을 클릭하면 해당 게시판의 상세검색을 할 수 있습니다.
AD
#SK/KT/LG인터넷【비밀지원금】# 설치비면제 추가지급중 !! 혜택비교불가!
성지인터넷
35
01-18
모공
야나두 AI 영상으로 본, AI 시대 생존전략
48
야나두 AI 영상으로 본, AI 시대 생존전략 부제: 아이디어 복제는 빛의 속도, 내 밥그릇은 어떻게 지킬 것인가? 최근 의 A
유스튜
27.2 k
08-30
모공
요즘 ai생성영상 수준이 장난이 아니네요.
13
구도며 너무 비슷하네요. veo3가 저런 인터뷰나 대화식에서 아주 잘나오죠. @마테니블루님 놀랍네요 야나두가 컨셉 잘잡은고 같아
우딘
8850
08-10
모공
속터지는 고속도로.jpg
23
거 보면 이런 경우가 정말 많습니다. 80km/h 좋은데 제발 나란히 말고 줄줄이 달려줬으면 합니다. @야나두님 저거 종종 보이고 뭔
인생은타이밍이지
8443
03-23
모공
[단독].김건희.또 나왔다..도이치 주가조작..외장하드에
2
특검 재의결 되기전에 뭔가 추가조치가 나오게 하려고 밑밥까나보네요. 검찰에 있는 왜인루니 아노우정신을 계승하는 인재들이 흘
종.삼
9159
01-15
모공
조상덕 못보는 이유의 논리적인 가설
12
생각해보면 조선후기에 너도나도야나두 족보를 사는바람에 전화번호 잘 못 건것처럼 엉뚱한 조상들한테 제사지내고 있는거 아닐까
꿀주먹-
2734
01-10
모공
제가 보는 자동차 유투버 3명 ㄷ ㄷ ㄷ
23
봅니다 ㅋㅋ @Scamer님 뉘르고인물 Misha 아재 저도 뜹니다 ㅋㅋㅋ @MMKIT님 이아저씨 맞습니다 ㅋㅋ 안녕하세요, 한상깁니다. 100키로
정자왕
6218
12-19
모공
종교별 차이점이 궁금했던 무교의 케톸러.jpg
7
ㅇㅏ..ㅋㅋㅋㅋㅋㅋㅋㅋㅋㅋㅋㅋㅋㅋㅋㅋ 요 야나두.. ㅋ yo 천주교 상당히 유교적이군요 야나두 ㅋㅋㅋㅋ 야나두ㅋㅋㅋㅋㅋㅋㅋㅋㅋㅋㅋ 설득력이 있군요.
પ નુલુંગ ખਅ
2006
12-19
모공
직장상사가 가끔 명철한 분석을 할때가 있는데 깜짝 놀랍니다
19
귀여운 월급도둑님들 오늘도 화이팅이요~ (사실 2시간입니다만...) 멍청으로 보고 와서 뜨끔… (대충 야나두 짤) ?? : 내가 클량에
yurang~
11.9 k
12-05
모공
네트워크 올인원 앰프와 패시브 스피커를 질렀습니다.
3
이번주에 택배 받으면 세팅하고 청음해봐야겠습니다. (다운그레이드가 아니었으면 좋겠네요..) @야나두님 충분히 그럴수 있을 것
2200
04-24
모공
부산에 오디오 기기만 4-5억정도 갖춘 카페가 있네요.
9
가보지 못했네요. 다시 한 번 상기시켜주셔서 감사합니다. 오우.. 그런곳이 있나요 어디인가요!!! @야나두님 월슨오디오 알렉스
나의X에게
4585
04-10
모공
목표 없는 영어 공부를 취미로 하고 있습니다.
108
20분정도지만 매일매일 꾸준히 하기 정말 어렵습니다. 회사에서 비R&D로 비용이 남아서 무역아카데미에 야나두 기초 회화가 있어
umorukia
41.4 k
01-11
모공
사유지에 무단주차된 차량은 어쩔 방법이 없네요
39
2주째라 안내드리면서 지켜보고있는데 감정 상하지 않는 선에서 해결해보려구요 좋은말씀 감사합니다 @야나두님 차단기 설치비는
Epic_Max
8325
11-23
모공
쿠팡에서 직접 팔던 마샬 스피커의 최후를 알아봅시다. (마샬 정품 구별법)
55
이 스피커 음질도 안좋은걸로 유명한데 그걸 또 카피해서 짝퉁이 나오는군요 ㅎㅎ 요지경이에요 ㅎㅎㅎ @야나두님 아니 음질도 안좋은
해피맥모닝
65.7 k
11-23
모공
천원짜리 변호사가 끝났는데 좀 맹탕이네요
11
뻔해서 보지ㅜ않았는데ㅜ역시 예"
[단독].김건희.또 나왔다..도이치 주가조작..외장하드에,https://www.clien.net/service/board/park/18529862?combine=true&q=%EC%95%BC%EB%82%98%EB%91%90&p=0&sort=recency&boardCd=&isBoard=false,,clien,yanadu,community,yanadu,2026-01-18T15:04:43.288739,"[단독] 파일명 ‘김건희 블록딜’ 또 나왔다…도이치 주가조작 ‘선수’ 외장하드에

한겨레
2시간전
다음뉴스

....
공소시효가 살아 있는 
도이치모터스 
주가조작

 2차 시기 시세조종을 주도한

 ‘주포’ 김아무개씨의
 외장하드에서, 

검찰이 ‘김건희 블록딜’이라는 이름의
 엑셀 파일을 확보한 것으로 확인됐다. 

김씨는 도이치모터스 주가조작으로 
1심에서 
징역형을 선고받은 인물이다.
 ....
 주가조작에 관여한 
미등록 투자자문사 

블랙펄인베스트(블랙펄) 직원 컴퓨터에서

 ‘김건희.xls’ 파일이 발견된 데

 이어 ‘주포’ 
김씨의 외장하드에서도

 김 여사 파일이 발견되면서 

김 여사와 
주가조작의 관련성에 대한 
의구심도 더 커지게 됐다.

.....

반면
 해당 사건을 수사 중인 
서울중앙지검은 

김 여사에 대해 제대로 된

 수사도, 불기소 처분도 하지 않은 채 
시간만 끌고 있다. 

이에 국회는
 주가조작 사건에

 김 여사가 가담했는지 여부를 규명하겠다며 

‘김건희 여사 주가조작 의혹 특검법’을 통과시켰지만 

윤석열 대통령은 
재의요구권(거부권)을 행사했다.
.....
.....

김거니..가카는...

통정매매....
......주가조작..으로...
콩밥..먹고있는...
선수들의...
컴에..저장된..

엑셀..파일에서....
자주..등장하고....
.....인기가..많으시다는..요?"
조상덕 못보는 이유의 논리적인 가설,https://www.clien.net/service/board/park/18522801?combine=true&q=%EC%95%BC%EB%82%98%EB%91%90&p=0&sort=recency&boardCd=&isBoard=false,,clien,yanadu,community,yanadu,2026-01-18T15:04:43.288739,"생각해보면 조선후기에 너도나도야나두 족보를 사는바람에 전화번호 잘 못 건것처럼 엉뚱한 조상들한테 제사지내고 있는거 아닐까. 그래서 조상님들 덕(버프)를 우리가 못 받고있는 거고. 저승에서 아 저 평민들 자꾸 나한테 제사 지내내 스팸등록해야겠다 이럴수도있음

출처 : 트위터 김찬엘 @moriyachanl


트윗 복붙입니다.
(제가 하는 반말이 아님을 밝혀드립니다)"
제네실수 GV80 3.0 디젤후후! 엔진교체 3일째날,https://www.clien.net/service/board/cm_car/18488949?combine=true&q=%EC%95%BC%EB%82%98%EB%91%90&p=0&sort=recency&boardCd=&isBoard=false,,clien,yanadu,community,yanadu,2026-01-18T15:04:43.288739,"76000키로  주행하고
서브엔진 교체 하이테크센터입고
3일째 진행상황 사진
디젤오너분들 참고하시라고
게시물 올립니다
검색해봐도
서브엔진사진없어서요
특이하게도
GV80 3.0D는
인젝터.고압EGR추정.터보엑츄에이터
알루미늄흡기관등등
많은부품이 포함되어있네요
3년차76000키로주행
3.0D엔진인데
6기통이라 쪼매 더비싼
인젝터.흡기관.워터펌프EGR.
엔진오일및필터.타이밍벨트 등등
다 새삥이네요
이젠 제주행스타일로는
메인터넌스는
10만되믄
겉벌트세트.워터펌프제외로만 해주면되겠네요..

힘쎄고 조용하며 깨끗한
새심장은 덤이고...

낼토요일 오전근무라
출고안될거가꾸
담주월화쯤
출고될거같네요

뒤늦게 타이밍못맞쳐서
가서 블링블링 새삥 서브엔진사진은
출고때
담당자에게
넘겨받아야겠네요

새삥  서브엔진
장착물 너무 궁금해서
간거였는데...

안전운전하세용!"
제가 보는 자동차 유투버 3명 ㄷ ㄷ ㄷ,https://www.clien.net/service/board/park/18483292?combine=true&q=%EC%95%BC%EB%82%98%EB%91%90&p=0&sort=recency&boardCd=&isBoard=false,,clien,yanadu,community,yanadu,2026-01-18T15:04:43.288739,"오토센스, 카와우 주력으로 
차 디자인과 한국인 맞춤 100kg 아조씨 뒷자석은 미디어오토 

3개만 봐도 충분하더군요 ㄷ ㄷ ㄷ"
종교별 차이점이 궁금했던 무교의 케톸러.jpg,https://www.clien.net/service/board/park/18482985?combine=true&q=%EC%95%BC%EB%82%98%EB%91%90&p=0&sort=recency&boardCd=&isBoard=false,,clien,yanadu,community,yanadu,2026-01-18T15:04:43.288739,"모두의공원
종교별 차이점이 궁금했던 무교의 케톸러.jpg 7
2,006 2023-12-19 11:17:48 223.♡.21.54
પ નુલુંગ ખਅ



ㅇㅏ..ㅋㅋㅋㅋㅋㅋㅋㅋㅋㅋㅋㅋㅋㅋㅋㅋ
요




પ નુલુંગ ખਅ 님의
게시글
댓글
1
모공
타티스주니어가 만두국 먹은 이유가 밝혀졌네요
5
03-27
42
모공
조국 '앵커님 사과 감사히 받아들여‥부산말 등 사투리 보존돼야'
4
03-27
1
모공
아프리카 애들은 이런거 못먹어
1
03-26
1
모공
그러니까 ●▅▇▇█▆▅▄▇ 요약하면
1
03-26
2
모공
와... 쓰레기 XX... 후보 나왔다고 발빼네요
4
03-26
0
모공
... 일하다 왔더니 누워있네요
3
03-26
2
모공
지민정: 그거 아세요? mp4
4
03-26
0
모공
에스파 1열 직관하는 타티스 ㅋㅋㅋㅋㅋ
03-26
0
모공
드디어 올게 왔군요.tube
5
03-26
신고
스크랩
공유
0명
댓글 • [7]
메모동기화
을 누르면 회원메모를 할 수 있습니다.
삭제 되었습니다.
아띠팡
LINK
IP
23-12-19
대댓글 · 공감 신고
천주교 상당히 유교적이군요
삭제 되었습니다.
삭제 되었습니다.
삭제 되었습니다.
삭제 되었습니다.
LinkeneitoR
LINK
IP
23-12-19
언급 · 공감 신고
@님 그냥 상이 있는거지 신처럼 대하지 않으니까 우상이라고 보긴 힘들지 않을까요?
삭제 되었습니다.
LinkeneitoR
LINK
IP
23-12-19
언급 · 공감 신고
@님 그냥 인사하는거지 기도하는것은 아니라고 알고 있습니다.
무속신앙은 귀신이 나에게 영향을 준다고 생각하고 그걸 물리칠 수 있는 무언가에게 기대는 행위인데
마리아는 그냥 예수를 낳은 사람이니 존중한다 그 이상, 이하도 아닙니다.
쯔아앙구
LINK
IP
23-12-19
언급 · 공감 신고
1
@님 마리아에게 기도를 들어달라고 하는 것이 아니라 예수님에게 전구해 달라는 의미로 기도하는 겁니다.
삭제 되었습니다.
삭제 되었습니다.
LinkeneitoR
LINK
IP
23-12-19
언급 · 공감 신고
@님 애초에 카톨릭은 다 교황청 산하라서 지역별로 교리가 다를수 없지 않나요? 최소한 교황청내에서 마리아를 신격화 하지는 않는듯 합니다.
애초에 이슬람은 예수조차 부정하고 하나님만 믿는데 하나님의 어머니라는 존재가 있을 수 없을거고
유교나 불교는 특정 존재를 신처럼 여기지는 않으니까요
ehdtkqorl123
LINK
IP
23-12-20
언급 · 공감 신고
@쯔아앙구님 기도를 마리아가 전달해주는거면 아무래도 개인과 신의 관계에서 천주교는 중개인을 낀 거래 vs 개신교는 직거래인가요
인공윈성
LINK
IP
23-12-19
대댓글 · 공감 신고
매니저가 엄마였네요
새로운 댓글 확인하기 단축키 'R'
댓글은 로그인이 필요한 서비스 입니다.

목록으로
베리미의원 김포
진료과목 피부과, 김포한강로 장기역 2번출구, 국민은행건물 9층위치
개인 맞춤형 관리 시스템!
두피부터 체형관리까지! 스페이스 뷰티에서 그동안 찾지 못했던 아름다움을 찾아보세요
김포 피부관리 센트럴에스테틱
1회 무료 체험권/ 김포 피부관리 1인샵/재방문률 좋은 온누리상품권 사용 가능지점
결이고은 에스테틱 마곡점
마곡역 도보5분, 당신만을 위한 1:1 맞춤 스킨케어관리! 김포피부관리
통합검색결과
※ 검색결과 목록의 게시판명을 클릭하면 해당 게시판의 상세검색을 할 수 있습니다.
AD
모든인터넷 기가요!인터넷3년이상쓰셨으면 바꾸셔야죠!!sk kt lg sky인터넷단품최고
기가요인터넷
92
01-17
모공
야나두 AI 영상으로 본, AI 시대 생존전략
48
야나두 AI 영상으로 본, AI 시대 생존전략 부제: 아이디어 복제는 빛의 속도, 내 밥그릇은 어떻게 지킬 것인가? 최근 의 A
유스튜
27.2 k
08-30
모공
요즘 ai생성영상 수준이 장난이 아니네요.
13
구도며 너무 비슷하네요. veo3가 저런 인터뷰나 대화식에서 아주 잘나오죠. @마테니블루님 놀랍네요 야나두가 컨셉 잘잡은고 같아
우딘
8851
08-10
모공
속터지는 고속도로.jpg
23
거 보면 이런 경우가 정말 많습니다. 80km/h 좋은데 제발 나란히 말고 줄줄이 달려줬으면 합니다. @야나두님 저거 종종 보이고 뭔
인생은타이밍이지
8444
03-23
모공
[단독].김건희.또 나왔다..도이치 주가조작..외장하드에
2
특검 재의결 되기전에 뭔가 추가조치가 나오게 하려고 밑밥까나보네요. 검찰에 있는 왜인루니 아노우정신을 계승하는 인재들이 흘
종.삼
9160
01-15
모공
조상덕 못보는 이유의 논리적인 가설
12
생각해보면 조선후기에 너도나도야나두 족보를 사는바람에 전화번호 잘 못 건것처럼 엉뚱한 조상들한테 제사지내고 있는거 아닐까
꿀주먹-
2735
01-10
모공
제가 보는 자동차 유투버 3명 ㄷ ㄷ ㄷ
23
봅니다 ㅋㅋ @Scamer님 뉘르고인물 Misha 아재 저도 뜹니다 ㅋㅋㅋ @MMKIT님 이아저씨 맞습니다 ㅋㅋ 안녕하세요, 한상깁니다. 100키로
정자왕
6219
12-19
모공
종교별 차이점이 궁금했던 무교의 케톸러.jpg
7
ㅇㅏ..ㅋㅋㅋㅋㅋㅋㅋㅋㅋㅋㅋㅋㅋㅋㅋㅋ 요 야나두.. ㅋ yo 천주교 상당히 유교적이군요 야나두 ㅋㅋㅋㅋ 야나두ㅋㅋㅋㅋㅋㅋㅋㅋㅋㅋㅋ 설득력이 있군요.
પ નુલુંગ ખਅ
2006
12-19
모공
직장상사가 가끔 명철한 분석을 할때가 있는데 깜짝 놀랍니다
19
귀여운 월급도둑님들 오늘도 화이팅이요~ (사실 2시간입니다만...) 멍청으로 보고 와서 뜨끔… (대충 야나두 짤) ?? : 내가 클량에
yurang~
11.9 k
12-05
모공
네트워크 올인원 앰프와 패시브 스피커를 질렀습니다.
3
이번주에 택배 받으면 세팅하고 청음해봐야겠습니다. (다운그레이드가 아니었으면 좋겠네요..) @야나두님 충분히 그럴수 있을 것
2200
04-24
모공
부산에 오디오 기기만 4-5억정도 갖춘 카페가 있네요.
9
가보지 못했네요. 다시 한 번 상기시켜주셔서 감사합니다. 오우.. 그런곳이 있나요 어디인가요!!! @야나두님 월슨오디오 알렉스
나의X에게
4585
04-10
모공
목표 없는 영어 공부를 취미로 하고 있습니다.
108
20분정도지만 매일매일 꾸준히 하기 정말 어렵습니다. 회사에서 비R&D로 비용이 남아서 무역아카데미에 야나두 기초 회화가 있어
umorukia
41.4 k
01-11
모공
사유지에 무단주차된 차량은 어쩔 방법이 없네요
39
2주째라 안내드리면서 지켜보고있는데 감정 상하지 않는 선에서 해결해보려구요 좋은말씀 감사합니다 @야나두님 차단기 설치비는
Epic_Max
8325
11-23
모공
쿠팡에서 직접 팔던 마샬 스피커의 최후를 알아봅시다. (마샬 정품 구별법)
55
이 스피커 음질도 안좋은걸로 유명한데 그걸 또 카피해서 짝퉁이 나오는군요 ㅎㅎ 요지경이에요 ㅎㅎㅎ @야나두님 아니 음질도 안좋은
해피맥모닝
65.7 k
11-23
모공
천원짜리 변호사가 끝났는데 좀 맹탕이네요
11
뻔해서 보지ㅜ않았는데ㅜ역시 예상을 벗어나지ㅜ않는군요. @왕꿈틀꿈틀님 금수저 스토리 : 야너두? 야나두! 예상을 벗어난 스토리죠
5258
11-11
모공
[1보] 영국 리즈 트러스 총리 '사임한다'
6
https://m.yna.co.kr/view/AKR20221020173200085 한국의 굥도 제발요 '야나두' 아. 우리도 좀.... 사ㅎ.....아 아닙니다..... 우리
이재명
2267
10-20
모공
클리앙에 야한거 보시는분이 많으시는듯
37
강아지 이름 같네요.. 작성은 볼라고에서 했어요^^ ""야""하는 거 볼 시간이 없습니다ㅠㅠ @kankokujin님 야나두 보십시오! 자꾸 이렇
5383
10-07
모공
그러면 저도 미국 (오레곤 주) 사는 사람으로 질문 받아봅니다
84
끝도 없이 이어진 도로도 달려보고 싶고용 ㅎㅎ 미시시피 강도 한범 가보고 싶어용! ㅎㅎ 일단 야나두 부터 좀 해야겠네요 히히히 안
하늘아이
9556
08-27
1
2
3
4
5
6
7
8
9
10
다음"
직장상사가 가끔 명철한 분석을 할때가 있는데 깜짝 놀랍니다,https://www.clien.net/service/board/park/18459292?combine=true&q=%EC%95%BC%EB%82%98%EB%91%90&p=0&sort=recency&boardCd=&isBoard=false,,clien,yanadu,community,yanadu,2026-01-18T15:04:43.288739,"너는 하루에 3시간 일하고 나머지는 딴짓하는거 같다
뜨끔 ㄷㄷㄷ

잠시 주눅이 들지만...다시 클리앙을 기웃거리는..

저 위에 큰손 도둑놈들에 비해...너무나 소소하고 귀여운 월급도둑님들 오늘도 화이팅이요~"
[비추기]스타필드 하남 포칼 매장 방문기,https://www.clien.net/service/board/use/18369462?combine=true&q=%EC%95%BC%EB%82%98%EB%91%90&p=0&sort=recency&boardCd=&isBoard=false,,clien,yanadu,community,yanadu,2026-01-18T15:04:43.288739,"매번 방문할때마다 즐거운 청음에 친절한 대응이 인상적이었던 오디오갤러리였지만,
지난 9월17일에 스타필드 하남에 위치한 포칼 매장에 들린 이후 이 생각은 산산조각이 났습니다.
하필 여자친구와 같이 방문했었는데 오후 7시쯤이었을겁니다.
매장에 직원이 두분이 계셨었고, 약간 통통한 분은 이미 다른 커플들 상담 중이셨고 잘생긴 분이 저희 담당으로 오셨습니다.

그런데...

예전과 같이 저는 디아블로 유토피아를 듣고 싶어서 그쪽으로 이동하니 소프라 1만 연결이 되어있다고 제지하더군요. 디아블로 유토피아를 듣기 위해서는 미리 예약을 해야 한다는 개소리를 시전하면서 말입니다. 음??? 제가 그 매장을 몇번을 들렀었는데 이게 무슨 개소리???
뭐 귀찮아서 그런가보다 하고 넘어가고, 옆에 더 큰 스칼라 유토피아가 있길래 그걸 듣게 해달라고 했습니다.

그런데, 언제부터 오디오갤러리 방침이 손님 시스템부터 진단하고 매칭이 안맞으면 소리도 안들려주고 상담도 안해주는건가요?
다짜고짜 앰프와 시스템부터 묻더군요.

이게 좀 심각한 얘기입니다.
이게 무슨 뜻이냐면, 내 시스템으로 내 재력이나 소위 말하는 손님 급수를 판단하기 위해서 묻는 오디오팔이들이 흔히 하는 수법이지요.

이거 비싼 스피커인데 너 이거 살만한 돈이 있느냐는 얘기지요.

그때부터 이미 전 배알이 뒤틀렸습니다만, 그래도 여자친구와 있으니 착한 생각, 착한 생각을 외치며 그래도 몇곡 들려달라고 했습니다.

스탠다드 들려달라고 했더니 블루지한걸 좋아하느냐? 그건 잘 안맞는다는 세번째 개소리를 시전하더군요.

재즈가 포칼과 안맞다니?????

이 사람 뭔가 싶어서, 지금 방금 재즈가 포칼과 맞지 않다고 하신거냐고 되물었습니다.

그랬더니 당황하더니 그건 아니다면서 무슨 앞뒤 안맞는 소리를 막 지껄이더니 음악 틀어주더군요.

뭐 그러려니 하고 듣는데, 노래 한 1분도 안 틀고, 다른 노래로 넘기고, 또 한번 더 1분만에 또 다른 노래로 넘기더니, 그냥 꺼버리더군요.

살다살다 이런 오디오팔이는 처음 봅니다...

오디오갤러리 매장은 정말 언제나 즐거운 방문이었는데 이건 뭐 다시는 쳐다도 보기 싫어졌습니다.

최근에 다시 오디오 시작해서 디아블로 유토피아를 진지하게 고민하고 있었는데 절대 포칼 스피커 살일은 없을 것 같습니다.
출처 :
나"
아파트 지하주차장 석회물 떨어짐 관련 여쭙습니다..,https://www.clien.net/service/board/cm_car/18365205?combine=true&q=%EC%95%BC%EB%82%98%EB%91%90&p=0&sort=recency&boardCd=&isBoard=false,,clien,yanadu,community,yanadu,2026-01-18T15:04:43.288739,"저희 아파트에 주차를 해뒀는데요.. 학교에 도착하고 나서 본넷에 석회물이 떨어졌다는 사실을 알았습니다. 다시 집에 돌아가 관리사무소에 차에 석회물이 떨어졌다고 말을 하니, 식초를 꺼내서 지우시더라고요. 그런데 몇 시간을 반복해도 지워는졌는데 저렇게 자국이 졌습니다.

관리사무소 측에서는 내일이나 모레 계속 식초로 해보면 지워질거라 해서 저 혼자 식초도 사서 키친타올 위에 30분 동안 냅둬보고 인터넷에 검색해서 온갖걸 다 뿌려봤는데 저렇게 자국이 지워지지 않았습니다. 검색을 해보니 주차장 측에 주차한건 보험처리가 된다해서 말씀드리니 보험처리는 절대 안된다고 합니다.

제가 잘못한 점은 저희 아파트에 경차 자리가 8군데 정도 있는데 밤에는 항상 일반 자리는 만차고 경차 자리는 1-2자리 정도 비어 있어서 그날 경차 자리에 주차를 했습니다. (통행에 방해되지 않습니다)

컴파운드로 이게 지워질까요..? 저걸 지우려면 어떻게 해야하고, 저는 정확히 아파트에서 떨어졌다는 증거를 확보하기 위해 CCTV를 보여달라고 했는데 관리사무소에서는 CCTV 열람도 거부하고 있습니다.. 최대한 저 혼자 지워보려고 하는데 방법이 있을까요?"
LF소나타 lpi 모델입니다. 간헐적으로 급가속이 됩니다.,https://www.clien.net/service/board/cm_car/18202578?combine=true&q=%EC%95%BC%EB%82%98%EB%91%90&p=0&sort=recency&boardCd=&isBoard=false,,clien,yanadu,community,yanadu,2026-01-18T15:04:43.288739,"이전글 : 혹시 감속시 차량 떨림 증상 개선 해보신분 있나요? : 클리앙 (clien.net)

안녕하세요 감속시 떨림 증상으로 미션을 통으로 교체 했습니다.
떨림 증상은 약간 개선된거 같은데 아무래도 차가 오래되다보니 쉽게 해결은 안되네요.
다만 예전부터 있던 증상인데 정차중에 엑셀 밟을때 차가 급하게 나가는 경우가 있어요.
제가 초보라서 그런건가 싶다가도 살짝 밟아도 차가 팍 하고 튀어 나가는 경우가 종종 있습니다. 
미션 수리시 다른 고장코드도 없다고 하고 정비사님께서 테스트 주행 해보셔도 해당 증상은 나오질 않았어요.
다만 쓰로틀 바디 클리닝 이후 조금은 개선 되었지만 여전히 증상은 없어지진 않더라고요.
엔진쪽인지 엑셀쪽 문제 인지 이유를 모르겠네요.
혹시 의심될만한 구간이 있을까요?"
"Apple, 개발자 베타 무료화",https://www.clien.net/service/board/news/18121482?combine=true&q=%EC%95%BC%EB%82%98%EB%91%90&p=0&sort=recency&boardCd=&isBoard=false,,clien,yanadu,community,yanadu,2026-01-18T15:04:43.288739,"기존에는 연간 99달러를 지불한 개발자만 OS 베타(개발자) 버전을 사용할 수 있었으나,
애플이 개발자 플랜을 변경하였으며, 이제는 애플ID만 있으면 개발자 베타를 사용할 수 있게 되었습니다.
* 단, 무료여도 개발자 등록은 필요함

마찬가지로 xcode 베타 역시 xip 형식으로 개발자 사이트에서 배포됩니다.


이번 iOS 17 개발자 베타가 99달러를 지불한 개발자가 아닌데도,
베타 프로파일이 설치된 기기에 배포된 것은 애플이 의도한 것이라 합니다

* Apple
* 2차 출처 : https://bbs.ruliweb.com/news/board/1004/read/2232444
출처 :
https://developer.apple.com/support/compare-memberships/"
완전 힐링수영 하고 왔습니다.,https://www.clien.net/service/board/cm_swim/18105905?combine=true&q=%EC%95%BC%EB%82%98%EB%91%90&p=0&sort=recency&boardCd=&isBoard=false,,clien,yanadu,community,yanadu,2026-01-18T15:04:43.288739,"휴가로 하와이에 다녀 왔습니다. 와이키키 비치가 정말 좋긴 좋더라구요
멀리 나가도 허리까지 밖에 안오는 얕은 수심, 적당한 수온 재밌는 파도 까지..
매일매일 짬이 날때마다 물에 몸을 담그고 오픈워터를 즐겼습니다..

바닥이 암초,산호로 되어있는 지역에는 형형 색색의 물고기까지 있어서 수영 하는 내내
환상적인 체험을 할 수 있었습니다. 그래서 마지막날엔 예쁜게 보이면 찍어둘 생각으로  
수영복 주머니에 고프로를 넣고 수영을 했습니다 (비치 트렁크라 이게 되네요)


그렇게 한참을 이리저리 수영하던 와중에 뒤에서 이상한 기척이 느껴져 돌아보니



거북이 한마리가 유유히 아침 수영을 즐기고 있더라구요. 
거북이가 출몰 한다는 해변에 일부러 운전해서 찾아가도 뭍으로 나온녀석은 보지 못하고 앞 바다에서
파도에 휘청이는 등껍질만 봤는데 이렇게 제 발로 눈앞에 나타나주니 정말 신기 했습니다.

가까이 접근하면 안되니 멀리  손 인사한번 해주고 가는길 가게 두려고 뒤로 좀 비켜 주었더니
물밖으로 숨한번 쉬고는 은근히 빠른 헤엄으로 슈욱 사라지네요.
부산 스타일로 풀코스 환송 해주고 싶었지만 여긴 내 나라가 아니니 참았습니다.ㅋㅋㅋ
 
환상적인 수영 코스에, 거북이와의 조우 까지.. 인생에 또 있을 수 있나 싶은 힐링 수영 이었습니다.
열심히 살다보면 또 갈일이 있겠죠. 저 거북이도 또 만날 일이 있겠죠.



오픈워터 얘기. 
제 자유형 실내 수영장 평균 페이스가 1:55 /100m,   철인대회 호수 오픈워터 기록이  2:05 페이스 정도 였으니 바다 수영도 별 차이 없지 않을까 싶었는데 나중에 나와서 보니 평균 2:20 페이스가 나오더라구요. 파도높이땜에 꽤 파워를 올려서 심박도 결코 낮지 않았는데 역시 바다 오픈워터는 다르긴 다르더라구요. 수모도 없고 수영복도 비치트렁크 였으니 핸디캡을 좀 반영 해야겠지만 그래도 바다수영이란게 쉽지만은 않다는걸 느꼈습니다. 수온 낮아서 춥고 수심깊고 하면 더 힘들 겠죠? 잘 못 먹어서 목으로 물이 넘어가면 바닷물이라 데미지가 훅 들어옵니다. 물먹는일이 없더라도 30분정도만 하고 나와도 벌써 입안이 너무 짜서 어지간히 헹구지 않고서는 사라지지 않구요. 
 아... 그래도 너무너무 재밌습니다. 돈주고도 찾아가서 파도풀 앞에 개미처럼 모여 즐거워 하는것이 우리인데 공짜 파도가 더 큼직하게 쉬지 않고 넘어와주니 말이죠. 방향, 타이밍만 잘 맞춘다면

이런 짜릿한 스킬도 해볼 수 있으니 말이죠(43:08 참고)  이거이거 맛들려서 한국 실내 수영장 다시 갈 수 있겠나 같은 같잖은 소리를 하고 싶지만 이미 귀국한지 오래 전ㅠㅠ 시꺼매진 몸으로 동네 수영장 복귀 했습니다. 비치트렁크와 일반 수영복 기장 차이때문에 허벅지 2단 초코케잌이 여간 창피한게 아닙니다ㅠㅠ"
쯔위프트(zwift )나 실내 자전거 운동에 관련하여.,https://www.clien.net/service/board/kin/18049740?combine=true&q=%EC%95%BC%EB%82%98%EB%91%90&p=0&sort=recency&boardCd=&isBoard=false,,clien,yanadu,community,yanadu,2026-01-18T15:04:43.288739,"집에 실내 자전거가 없습니다. 몇 번 사고 팔고 한뒤 지금은 없네요 ㅋㅋ.

다시 사긴 그렇고 해서 헬스장 자전거에서 케이던스 같은거 달아서 운동을 해보려고 하는데요.

보니까 쯔위프트, 야나두 에서 나오는 앱들이 있는데 이 분야에서는 쯔위프트가 더 우세한가요? 사용자 수 에서요. 내 생각엔 쯔위프트에 글로벌 유저가 더 많을거 같은데요.

네이버에 검색하면 케이던스를 팔던데 4만원짜리도 있고, 아니면 알리에서 쯔위프트 연동되는 케이던스 구매하는 것도 좋은 방안일지.. 

조언 부탁드립니다."
영문법 정리 한 가지 방법: 예문 스캐닝 & 체크로 빠르게 리마인드하기,https://www.clien.net/service/board/lecture/19105676?combine=true&q=%EC%8B%9C%EC%9B%90%EC%8A%A4%EC%BF%A8&p=0&sort=recency&boardCd=&isBoard=false,,clien,yanadu,community,yanadu,2026-01-18T15:04:43.288739,"성인들이 영어 공부를 다시 시작하는 이유와 방식에는 여러 가지가 있습니다. 거의 초기화된 분들은 어휘부터 시작하기도 하고, 확실한 니즈가 있는 분들은 직장, 학교, 여행 등에서 써먹을 수 있는 실전 문장 중심으로 학습하기도 합니다. 어떤 분들은 미드·영화 대사를 중심으로 학습하기도 하고, 또 어떤 분들은 문법을 다시 리마인드하며 시작하기도 합니다.

문법을 리마인드하는 방법으로는 문법책이나 강의를 선택하는 경우가 많습니다. 집안 어딘가에 있는 중·고등 문법책을 꺼내 복습하기도 하고, 유·무료 영문법 강의를 듣기도 합니다. 유튜브에서도 ‘영문법 총정리’로 검색하면 많은 강의가 뜹니다. 이런 강의를 처음부터 끝까지 완주하는 분들도 있지만, 많은 분들은 처음에는 호기롭게 시작하지만 중간에 그만두는 경우가 많습니다. 가만히 보는 수동적인 학습에서 집중력을 유지하기란 쉽지 않습니다.

오늘 포스팅에서는 비교적 덜 지루하게 영문법을 한번 쭉 훑어보는 방식 중 하나로 예문 중심 학습법을 소개하고자 합니다. 다만, 이 방법은 초보자보다는 어느 정도 문법의 잔해가 머릿속에 남아 있는 분들에게 더 적합합니다.

방법은 아래와 같습니다. 

모든 문법 요소에는 반드시 예문이 있는데, 일단 설명은 읽지 말고 예문만 쭉 읽어갑니다. 예문이 너무 많을 때에는 대표 예문 중심으로 읽습니다. 설명을 읽고 싶은 유혹은 참아야 합니다.

1회독 때에는 이해가 안 가는 예문이 있어도 중간에 끊지 말고 표시만 하고 넘어갑니다. 예문 번호가 있으면 번호를, 없으면 예문에 밑줄 긋고 페이지 번호를 적어둡니다.

예문이 음원이나 동영상으로 있으면, 보고 들으면서 바로 해석이 안 되거나 궁금한 점이 생기는 예문을 표시합니다. 열심히 생각해야 해석되는 경우도 표시해야 합니다.

이렇게 중단하지 않고 처음부터 끝까지 예문을 쭉 스캐닝하는 작업을 1번 할 수도 있고, 2번 이상 반복할 수도 있습니다. 이때 표시된 문장을 노트에 적어보는 것도 나쁘지 않습니다.

표시가 끝난 다음에는 표시된 예문을 다시 방문하여 설명을 읽거나, 설명이 없는 경우 GPT 등에게
“이 문장에 포함된 어휘 및 문법을 아주 쉽게 설명해줘.”
와 같이 요청할 수 있습니다.

1. 어떤 책을 봐야 하나요?
예전에 봤던 괜찮은 문법책이 있으면 새로 살 필요는 없습니다.
시원스쿨, 야나두 같은 동강을 들으신 분들은 교재나 요점 정리 등에 있는 예문을 보거나, 영상을 3초·5초 빨리 감기 하며 예문만 봅니다.
가능하면 저자나 검수자 중에 원어민이 포함된 책을 고르시기 바랍니다.

 피해야 하는 책 
독해·구문 해석용으로 예문이 과도하게 긴 책(실생활과 거리가 먼 예문들)
→ 단, 수험생들은 선택 가능

문법 설명을 위해 어색한 예문이 포함된 책
깜짝 Quiz: 아래 예문들은 자연스러운 예문일까요?
I think her very smart. (5형식 예문)
< 출처: 우리나라에서 가장 많이 팔리는 구문집: 천*문 > 

I'm reading a book that is fun/interesting. (관계대명사 예문)
<출처: 유튜브 관계대명사 최대 조회수 영상>
---
결론부터 말하면 두 문장 모두 상당히 어색한 예문입니다.
원어민들은 보통 다음과 같이 말합니다.
I think she’s very smart.
I’m reading an interesting/fun book.
국내 학습서 중에는 문법 설명만을 위해 만들어진 어색한 예문이 종종 포함되어 있는데, 인지도 있는 책이 이런 예문을 사용하면 이후 출간되는 다른 책들도 비슷한 예문을 사용하며 ‘어색한 예문’이 본의 아니게 주류가 되기도 합니다.

2. 문법책이 없습니다. 어디 무료는 없나요?
“There’s no such thing as a free lunch.”(세상에 공짜는 없다)는 말이 있지만, 유튜브에는 예외가 있습니다. 원래 독자 전용으로 제작되었지만 이제는 누구나 책 구입 부담 없이 시청할 수 있는 영상들 소개합니다.

다만, 예문에는 가끔 중급 어휘가 포함되어 있으니 부담을 느끼는 분들은 유튜브에서 더 기초적인 문법 예문 영상을 찾아보시기 바랍니다. 즉, 아래 소개 영상은 어휘가 왕초보 수준은 아니면서, 머릿속에 어느 정도 문법의 잔해가 남아 있는 분들을 위한 영상입니다.

아래 영상에는 2000개의 예문이 포함되어 있는데, 1~916번까지는 문법 예문입니다. 1~5형식, 시제, 현재완료, 가주어 it, 가정법, 관계대명사, 지각동사, 사역동사, 동명사, 현재분사 등 교육과정에서 다뤄지는 거의 모든 문법 요소가 자연스러운 예문 속에 포함되어 있습니다. 화면 우측 상단에 문법 키워드가 표시됩니다.

예문 연습용 영상으로 한글 해석은 있지만, 문법에 대한 상세한 설명은 없습니다. 이해가 안 되는 문장은 학습자가 우측상단 문법 키워드와 문장을 가지고 직접 GPT에 문의해야 합니다.
아래 문장에 포함된 어휘 및 문법 아주 쉽게 설명해줘.
This medicine may make you sleepy. (5형식)
 

각자의 니즈에 따라 1번 듣기, 듣고 따라 말하기, 4번 듣기, (텍스트 없이) 듣고 따라 말하기 영상을 선택하시기 바랍니다. 이해가 안 되는 예문은 번호만 적어 놓고 일단 진도를 나가시기 바랍니다. (물론 학습자 선택으로 그때그때 멈춰서 GPT에게 물어볼 수도 있으나, 이렇게 하면 진도가 잘 안 나가고 지쳐서 중도에 포기할 가능성이 높습니다.)





예문 엿보기 
 5형식 (SV.O.oC) 
41. Please leave the door open.
42. This medicine may make you sleepy.

 의문사 주어 
67. Who farted? It stinks.

 빈도 부사 
127. I rarely watch TV.

 should have 
181. Sorry, I shouldn't have said that.

 가정법 과거 
305. If I could help you, I would, but I can't.

 현재완료 (계속) 
433. I've known him since high school.

 수동태 
475. How many stops are left? / Two. Get ready.

 의문사절 
572. Do you know whose dog this is?

 to부정사 목적보어 
638. Mom told me to come home early.

 지각동사 
718. Did you see me steal it?

 주격 관계대명사 
733. I met someone who knows you yesterday.

 관계대명사 계속적 용법
776. The movie has a twist, which I'm not going to tell you. (twist: 반전)

 비교 (as 원급 as) 
812. It wasn't as expensive as I thought.
 
베이직 그래머 인 유즈(Basic Grammar in Use) 4판 책을 가지고 계신 분들은 아래 영상들 이용하실 수 있습니다. 물론, 영상 없이 책에서 바로 체크하셔도 됩니다.
참고로, BG in Use는 고유명사를 제외하고 약 950개의 기초 어휘가 사용되며, ‘영어문장 2000’은 고유명사를 제외하고 약 2,400개의 어휘가 사용됩니다. 다만 어려운 어휘는 문법 이후 파트(917~2000)에 주로 등장합니다.




 포스팅 요약 
영문법을 한번 쭉 리마인드하고 싶을 때, 영문법 교재나 강의를 처음부터 차근차근 볼 수도 있지만, 신속한 학습과 모르는 부분에 집중하기 위해
일단 문법 설명은 건너뛰고 각 문법 요소의 대표 예문만 1~3회독하며 생소하거나 바로 해석이 안 되는 예문을 표시하고,
표시된 예문에 대해서만 설명을 읽거나 GPT에게 문의합니다.
GPT에게 문의할 때는 설명뿐 아니라 비슷한 예문 추가 요청을 통해 해당 문법을 더 폭넓게 학습할 수도 있습니다.


오늘은 여기까지입니다.
감사합니다.
💗💛💚💙💜
  실전 영어가 급한 분들에게 문법 정리가 필수는 아닙니다.
문법 정리할 시간 없이 바로 직장·해외생활에서 사용할 문장 학습을 원하시는 경우 아래 포스팅 참고하시기 바랍니다.
> 실전 영어 독학팁 & 구글 시트 공유

#영문법 #영문법총정리 #영문법독학 #예문중심영문법 #영어문법복습 #영문법기초 #영문법공부 #영문법정리 #영어독학

출처 :
https://blog.naver.com/walire/224100002804"
일본어 공부방법,https://www.clien.net/service/board/kin/18908693?combine=true&q=%EC%8B%9C%EC%9B%90%EC%8A%A4%EC%BF%A8&p=0&sort=recency&boardCd=&isBoard=false,,clien,yanadu,community,yanadu,2026-01-18T15:04:43.288739,"항상 일본어에 관심이 있었는데, 한번도 공부를 해본적이 없습니다. 
히라가나 카다카나가 뭔지도 모르는, 

40대 직장인에 어울리는 효과적인 공부방법이 뭐가 있을까요? 
제가 늙어서 그런지 무조건 서점가서 책을 하나 사야겠다 싶은데 , 
어떤책을 사야 할지 , 가나다 수준부터 해야 할 책 하나만 추천해주세요. 

아니면 , 다른 효과적인 공부방법 있으면 추천좀 해주세요."
[새상품] 시원스쿨 시원펜 + 영어교재5종,https://www.clien.net/service/board/sold/18286475?combine=true&q=%EC%8B%9C%EC%9B%90%EC%8A%A4%EC%BF%A8&p=0&sort=recency&boardCd=&isBoard=false,,clien,yanadu,community,yanadu,2026-01-18T15:04:43.288739,"시원스쿨 시원펜 + 영어교재 5종 세트 입니다
새상품이고 필요하신분 싸게 가져가셨으면 합니다
전국 택배비는 구매자 부담입니다.
부산 직거래도 가능합니다"
[새상품] 시원스쿨 시원펜 + 영어 진짜 학습지 회화편,https://www.clien.net/service/board/sold/18244677?combine=true&q=%EC%8B%9C%EC%9B%90%EC%8A%A4%EC%BF%A8&p=0&sort=recency&boardCd=&isBoard=false,,clien,yanadu,community,yanadu,2026-01-18T15:04:43.288739,"시원스쿨 시원펜 새상품
영어 진짜 학습지 회화편 교재 같이 드립니다.
필요하신분 싸게 가져가셨으면 합니다.
클리앙 조금 더 할인 붙여서 적용했습니다
직거래 부산
전국택배거래 입니다 ^^"
출산 후 알게된 저출산의 이유,https://www.clien.net/service/board/park/18096446?combine=true&q=%EC%8B%9C%EC%9B%90%EC%8A%A4%EC%BF%A8&p=0&sort=recency&boardCd=&isBoard=false,,clien,yanadu,community,yanadu,2026-01-18T15:04:43.288739,"제목 그대로 입니다.
출산을 하고 나니까. 왜 이렇게 출산율이 낮은지 알게 되었습니다.
저는 작은 중소기업을 다니고 있습니다.예전에 아기가 없을때는
왜 아기를 낳지 않아??혹시 문제있는거 아니야?와이프야??너야??""
같은 이야기를 회의시간 에도 들어야 했습니다.
저는 결혼 전 부터 아이를 원치 않았습니다.그 이유는 예전이나 지금이나 똑같습니다.
제가 살고있는 이 세상을 아이에게 보여주고 싶지 않았어요. 뭔 미친 소리냐 라고 하실지 모르겠지만
그렇게 생각하는 이유가 있지만 여기서는 적지 않겠습니다.
그리고 와이프와 합의하에 임신을 하고 출산을 하는 과정을 거쳐 맞벌이로 육아를 하는 이 모든 과정이 정말 힘드네요.
사정상 양가의 도움을 받을수 없고 둘이 어떻게든 해 나가야하는 상황에 아이가 아파서 쉴려고 하면 회사에서 받아야 하는 눈치 
언제 짤릴지 모르는 불안,이제는 보고 싶지 않은 구직사이트,
부모가 되는게 이렇게 힘든일인가요.
주변에 부모로 살고 있는 사람들이 그렇게 대단해 보이지 않았는데..."
스타플레이어가 작동이 되지 않네요...,https://www.clien.net/service/board/cm_mac/18008013?combine=true&q=%EC%8B%9C%EC%9B%90%EC%8A%A4%EC%BF%A8&p=0&sort=recency&boardCd=&isBoard=false,,clien,yanadu,community,yanadu,2026-01-18T15:04:43.288739,"M1 맥북에어에서는 아무런 문제가 없었는데...
이번에 회사에서 받은 M2 맥북에어에서는 스타플레이어가 제대로 작동을 못하고 계속 다운로드 받아라고 나오네요...-_-
스타플레이어를 사용하는 사이트는 시원스쿨 일본어 사이트입니다...
이곳에 질문을 올리기는 했는데...
왜 이런지 혹시 아시는 분 계시면 알려주세요...T_T
몇 번을 스타플레이어를 지웠다 재설치했다 하네요...T_T"
올해엔 꼭 달성하고 싶네요.,https://www.clien.net/service/board/cm_lang/17906988?combine=true&q=%EC%8B%9C%EC%9B%90%EC%8A%A4%EC%BF%A8&p=0&sort=recency&boardCd=&isBoard=false,,clien,yanadu,community,yanadu,2026-01-18T15:04:43.288739,"그 동안 영어 공부 결제만 하고 복습도 잘 안 하다가 환불하고 갈피를 못 잡고 헤맸었는데요. 되도록 하루 공부 후기를 남겨보려고 합니다. 제 인생 최대의 도전이네요. 그 동안의 행적들을 정리해보자면..

미키 아이엘츠 : 제 기준엔 연습량이 많았어요. 선생님이 메일로 MP3 파일들을 보내주면 그걸 순수 들으면서 들리는 대로 영어로 치는 것을 했었습니다. 그리고 다시 반대로 제가 말하는 것을 녹음해서 메일로 보내기도 했고요. 선생님이 직접 피드백 주시는 영상을 메일로 보내서 좋았는데 벅차서 1달 안되서 환불했던 기억이 있네요. 그냥 저랑 안 맞는 듯 싶었네요. 너무 빡세서 그런 건지..

이알피 어학원 : 여긴 인강으로 들었는데 기초 문법을 배우기 좋습니다. 2권 그래도 봤는데 다시 복습을 안 하네요. 고민 하다가 막히는 문법이 있다 싶으면 사전식으로 찾아서 정리하려고 합니다. 이건 띄엄띄엄 듣긴 했는데 거의 4개월 들은 것 같네요.

edm 아이엘츠 : 여긴 외국인한테 들었는데요 강좌는 kingsielts 를 들었네요. 외국인이 강의해서 알아들을 수 있나..고민해봤는데 다행히 자막을 달아주네요. 나쁘진 않았고 저한테는.. 좀처럼 실력이 안 느는 것 같아서 기초 강좌만 들은 상태입니다. 여긴 기초만..1달 들은 것 같아요.

슈퍼 아이엘츠 : 스피킹을 연습하고 싶어서 등록했어요. 한 달 들어봤는데 뭐라고 할까..확실히 계속 들으면 영어 실력은 늘 것 같더라고요. 정해진 시간에 화상 캠으로 영어를 교육해주시고요. 저한테 맞춤 답안을 작성해주고 연습해줍니다. 그리고 구글 문서로 기록해줘서 핸드폰으로도 공부했던 내용들을 볼 수 있어서 좋았네요. 문제는 제가 너무 복습 안 해서 밀렸고 결국 한 달 듣고 말았네요.

일단 현재 계획은 슈퍼 아이엘츠에서 들었던 문장들을 복습하는 것으로 스피킹 시작하려고 하고요. 나머지 과목들은 시원 스쿨에서 패키지 강좌 결제한 것들을 들을 계획입니다.

정말 여기저기 많이 했네요. 한 가지만 진득하게 해도 벌써 목표 점수 달성했을 것 같은데 저한테 맞는 방법 찾는다고 여기 저기 여행 다니듯이 하는 것 같네요. 16년도부터 설렁 설렁 했는데 이대로 가다 간 정말 못할 것 같네요.  올해엔 전력 질주 해보려고 합니다. 제가 학창 시절에 봤던 토익 시험은 395점입니다. 뭐 거의 영어 못하는 거죠..매일 매일 후기를 쓰면서 각오를 다져보려고 합니다."
영어 문장 2000 듣고만 따라 말하기 (학습 후기),https://www.clien.net/service/board/use/17741641?combine=true&q=%EC%8B%9C%EC%9B%90%EC%8A%A4%EC%BF%A8&p=0&sort=recency&boardCd=&isBoard=false,,clien,yanadu,community,yanadu,2026-01-18T15:04:43.288739,"책 보다는 책을 사면 사용할 수 있는 문장헉습 앱 사용기 위주입니다.
(책에 1년 사용코드 2개가 들어있습니다)

사용 기간은
파일럿 테스트 참여 1개월 정도
출간 후 3~4개월 정도입니다.

영어를 잘하고 싶은 생각은 늘 있었기 때문에
그동안 여러 가지 학습법을 시도해 보았는데 
(돈이 안들거나 적게 드는 방법들..)
꾸준히하는 게 참 어렵더군요. 저는 끈기가 없는 사람이라..ㅜㅜ

그래도 이거는 꽤 오랫동안 사용했고
진도는 400문장 정도 나갔고
영어 실력이 살짝 는 것 같은 느낌적인 느낌도 있어
아직 갈길이 멀지만.. 후기를 남깁니다.

1. 책
앱 사용이 목적이라 책은 거의 보지 않았습니다.
책의 내용이 앱에 거의 들어가 있기도 하구요.

페이지 구성은 
왼쪽에 영어문장, 오른쪽에 해석, 하단에 보충 설명 형식으로
되어 있고, 끝까지 같은 형식입니다.

간간이 문장과 관련된 이미지를 배치해서
지루하지 않게 한 것 같네요.
책에서 한페이지..

2, 문장학습 앱
영어 문장을 듣고 따라 말하는 학습 앱입니다.
저는 저자의 단어학습 앱(심플보카) 사용 경험이 있어 사용법을 쉽게 익혔습니다. 

처음 사용하시면 좀 헤맬 수 있는데
UI가 구식이고 버튼이 많아 기능이 복잡해 보이거든요.
카드학습부터 시험 보기까지 한 사이클만 돌면 금세 적응하시겠지만
요즘 나오는 앱들에 비하면 아쉬운 부분이죠.

핵심 기능은 시험보기(듣고 따라하기) + 반복학습로직 입니다.
시험 보는 화면 캡처해봤어요.

영어문장을 듣고 열심히 따라 하는 중 

내가 말한 문장 평가 (100% 나온걸로 캡처했어요ㅎㅎ) 

각각의 문장은 반복학습 로직에 따라 5번 시험을 보게 됩니다.
이 과정을 거치면 안 들리던 문장도 들리고 따라 말할 수 있게 되는데

이런 효과가 있더군요:
1) 들리는 문장을 비슷하게 따라 하려고 하다 보니 발음이 조금씩 좋아짐
2) 내 입에서 나오는 영어문장을 누군가(기계이지만) 알아들으니 자신감이 생김
3) 기계이지만 누군가 평가를 해주니 살짝 긴장감이 있으며 통과하면 기분 좋음
4) 처음엔 조금만 긴 문장이 나와도 멘붕이었는데 이제는 하다 보면 되겠지 하는 생각

매일매일 열심히 할 때도 있었고, 띄엄띄엄하기도 했는데
코드 만료되기 전 까지는 2000문장 할 수 있을 것 같아요.
그때는 지금보다는 더 나아지지 않을까 하고 기대하고 있습니다.
완료하고 다시 한번 후기를 올릴 수 있었으면 좋겠네요.

책 안 사도 15일 동안 사용해볼 수 있으니 관심 있는 분들은 받아보세요.
인증코드 0000 넣으시면 됩니다.
https://play.google.com/store/apps/details?id=com.woojung.awe_s3

아이폰용 앱은 아직 없습니다.

요약:
책을 사면 문장학습 앱 1년 사용코드 2개가 들어있는데
이 문장학습 앱이 정말 좋아요.

긴 글 읽어주셔서 감사합니다.


추가합니다:
처음 사용하시는 분들은 저자의 소개 영상을 보시는게 좋겠네요."
as well as.... 여러분은 어떻게 발음하시나요?,https://www.clien.net/service/board/cm_japanlive/17698753?combine=true&q=%EC%8B%9C%EC%9B%90%EC%8A%A4%EC%BF%A8&p=0&sort=recency&boardCd=&isBoard=false,,clien,yanadu,community,yanadu,2026-01-18T15:04:43.288739,"제가 영알못이긴한데... ㅎㅎ
발음상으론[ 에즈 웰 에즈... ]로 발음하지 않나요? 보통??
어제 딸래미 영어 문제 읽어주는데,
일본인 마눌님이랑 딸래미가 에즈..가 아니라 아즈.. 로 읽는다고 해서 조금 맨붕이...;;
아즈 웰 아즈.... 아무리 들어도 이상하고, 영어 발음 앱으로 들어봐도 에즈..로 들리는데...
일본영어 이상한 발음문제 아니냐, 원래 에즈..로 읽어야한다...고 주장을 펼쳐보긴했는데, 씨알도 안먹히네요.
영어 선생님도 아즈...로 읽는다는 강력한 주장이....ㅠㅠ
역시 제가 틀린건가요??"
[미개봉] 시원스쿨 시원펜 + 영어교재5종,https://www.clien.net/service/board/sold/17453328?combine=true&q=%EC%8B%9C%EC%9B%90%EC%8A%A4%EC%BF%A8&p=0&sort=recency&boardCd=&isBoard=false,,clien,yanadu,community,yanadu,2026-01-18T15:04:43.288739,"시원스쿨 시원펜 새제품입니다.
시원펜 연동 가능한 영어교재5권 같이
포함해서 판매 합니다.
부산 직거래 가능하고
전국 택배거래 가능합니다
(택배비는 판매자 구매자 반반 부담)"
"유플러스, 구독 서비스 '유독' 정식 출시",https://www.clien.net/service/board/park/17403385?combine=true&q=%EC%8B%9C%EC%9B%90%EC%8A%A4%EC%BF%A8&p=0&sort=recency&boardCd=&isBoard=false,,clien,yanadu,community,yanadu,2026-01-18T15:04:43.288739,"https://m.lguplus.com/pogg/main


오늘부터 가입 가능하긴 합니다만... 정말 혜택이 쓰레기 그 자체네요.
대충 요약해보면 이렇습니다.


처음엔 정가처럼 보여도, 할인이 들어가긴 하는데 정책은 이렇습니다.
* 1개 구독 시 5%, 2개 이상 구독 시 최소 7% 할인
* 다만, 비 인기 서비스는 복수 구독 시 추가 할인 (컨텐츠 쪽 제외)

(예를 들어, 요기요 + GS25 선택 시 38% 할인,
요기요 + CJ외식 기프트카드 선택 시 18% 할인되지만,
넷플릭스 프리미엄 + 유튜브 프리미엄 선택 시 7% 할인에 그칩니다.)

위 홍보 이미지를 보시면 아시겠지만 컨텐츠끼리 조합이라고 해봐야 디즈니+윌라가 끝입니다. 그것도 10%요.
심지어 디즈니나 티빙은 연간 이용권 할인율이 높아서, 그렇게 가입하는 게 이득이죠...
유튜브 프리미엄이나 넷플릭스만 놓고 보면 할인율이 처참해집니다.

많은 분들이 고를 것 같은 컨텐츠 조합은 형식적으로 달아놓은 거고,
실제로는 안 쓸 것 같은 서비스를 골라야 최대 할인이 잡힙니다.
거기에 T우주 대비 이득이라고 할 것도 없네요...-_-;;

이러고 가입자 1천만 명이 목표라고 하니... 앞길이 뻔해보이네요.

* 아래 가격은 전부 정가 표기 기준으로, 2개 이상 선택 시 할인이 됩니다.

@ 컨텐츠 (전부 정가)
- 넷플릭스 (베이식, 스탠다드, 프리미엄)
- 티빙 (베이직, 스탠다드, 프리미엄)
- 유튜브 프리미엄
- 디즈니 플러스
- 윌라
- 시원스쿨
- 딸기콩 오디오북

@ 커피 (둘 다 배송비 별도입니다. 따로 청구된다고 유의사항에 적혀있어요.)
- 일리 커피캡슐 (21T 18,500원 / 캡슐 배송비 3,500원 별도)
- 커피머신 결합팩 (본체 + 21T = 18,500원, 199,000원 상당의 기기 24개월 할부원금 및 연 5.9% 할부이자 포함, 캡슐 배송비 3,500원 별도 )

@ 생활
- 요기요 10% 쿠폰 5장 (최대 2천원, 요기패스 중복 불가) > 월 9,500원 
- CJ 외식 기프트카드(금액 미정) & 쿠폰 3종 > 월 19,000원
- GS25 더팝플러스 한끼+ & 카페25 > 월 6,166원
- 올리브영 기프트카드 1만원 > 정가
- 모두의 할인팩(VOD쿠폰 + 쇼핑할인쿠폰) > 월 11,000원
- 쏘카 50% 할인쿠폰 8종 > 4,800원
- CJ더마켓 기프트카드 7천원 + 무료배송쿠폰 + 장바구니 30% 할인쿠폰 > 월 7,000원"
영어 고수님들 온라인 영어 강좌 추천 좀 부탁드립니다.,https://www.clien.net/service/board/kin/17357685?combine=true&q=%EC%8B%9C%EC%9B%90%EC%8A%A4%EC%BF%A8&p=0&sort=recency&boardCd=&isBoard=false,,clien,yanadu,community,yanadu,2026-01-18T15:04:43.288739,"안녕하세요.

영어가 초딩 수준이라는 조건에서 
문법보다는 생활 회화 쪽으로 괜찮은 온라인 강의 추천 좀 부탁드립니다.
시원스쿨이나 야나두 같은 유료도 괜찮습니다.

요즘 영어 강의 관련 서비스가 많다보니 어떤걸 선택해야 될지 전혀 감이 잡히지 않네요.
고수님들 추천 좀 부탁드립니다."
LG V400 태블릿 판매합니다,https://www.clien.net/service/board/sold/16946489?combine=true&q=%EC%8B%9C%EC%9B%90%EC%8A%A4%EC%BF%A8&p=0&sort=recency&boardCd=&isBoard=false,,clien,yanadu,community,yanadu,2026-01-18T15:04:43.288739,"집에서 영어공부(시원스쿨) 한다고 집사람이 사놓고
건들지도 않아서 초기화 해서
판매합니다
상태 좋습니다
밧데리는 너무 좋습니다
문자 주세요"
밀크티나 엘리하이 같은 태블릿 학습 기기 고민되네요,https://www.clien.net/service/board/park/16871067?combine=true&q=%EC%8B%9C%EC%9B%90%EC%8A%A4%EC%BF%A8&p=0&sort=recency&boardCd=&isBoard=false,,clien,yanadu,community,yanadu,2026-01-18T15:04:43.288739,"초등자녀들(첫째,둘째)이 요새 학교 친구들도 밀크티

같은거 많이 한다고 자기네들도 하고 싶다고 하는데

학원을 하나 더 보낼까 생각했는데 이게 과연 돈 내고 그 가치만큼

학습효과가 있을지 모르겠네요.

일전에 맛보기로 10일간 체험을 시켜주긴 했는데 이게 그냥

태블릿 게임기가 하나 더 늘어난거 같은 기분이라...

약정에도 묶이게 되고 주는 태블릿도 최신기기가 아니라

재고떨이 용이더라구요. 그냥 그돈으로 공기기 태블릿 사서

유튜브 강의자료 같은거 찾아주는게 나을거 같기도 하고...

고민이네요"
야나두와 시원스쿨 중에 어느게 더 나을까요? 영어는 왕초보 입니다.,https://www.clien.net/service/board/kin/16688826?combine=true&q=%EC%8B%9C%EC%9B%90%EC%8A%A4%EC%BF%A8&p=0&sort=recency&boardCd=&isBoard=false,,clien,yanadu,community,yanadu,2026-01-18T15:04:43.288739,"늦게나마 영어공부를 다시 시작하려고 합니다.

기존에 영어 지식이 전무하다보니 완전 처음부터 시작해야 하는데요.

그래서 그나마 아무때나 접근하기가 용이한 야나두나 시원스쿨 중에 하나를 선택해서 해보려고 하는데요.

지난 수십년간 안되던 영어공부가 저것 하나 한다고 개벽의 수준으로 바뀔것이라고 생각하지는않지만

매일 하루 일과표에 고정적으로 넣어놓고, 무조건 매일매일 조금이라도 하려고 합니다.

회사에서 주는 저 두개를 선택한 이유는 회사에서 주는 복지포인트가 저 두개에서 되는 이유가 가장크고,

광고를 가장 많이 접한 이유입니다.(이건 마이너스 요인이려나요?)

명필은 붓을 가라지 않는다고 하지만 명필이 아니기에 조금이라도 더 나은 붓을 찾고 있는 중입니다.

고맙습니다."
일본어 어떻게 하면 늘 수 있을까요?,https://www.clien.net/service/board/kin/16565493?combine=true&q=%EC%8B%9C%EC%9B%90%EC%8A%A4%EC%BF%A8&p=0&sort=recency&boardCd=&isBoard=false,,clien,yanadu,community,yanadu,2026-01-18T15:04:43.288739,"일본어 공부를 한지 대략 1년이 넘었지만, ㅠㅠ
실력은 그대로네요.
회사에서 일본인이 있어, 말을 걸어보려고 해도 소심함때문에 실패의 연속입니다.
시원스쿨 인강을 듣고 있는데, 뭐랄까 거의 끝나가는데 제 노력 부족이겠지요. 
좋은 교재나 좋은 방법 없을까요?"
한국인들 십수년 영어해도 못하는게 진짜 이상해요,https://www.clien.net/service/board/park/16376972?combine=true&q=%EC%8B%9C%EC%9B%90%EC%8A%A4%EC%BF%A8&p=0&sort=recency&boardCd=&isBoard=false,,clien,yanadu,community,yanadu,2026-01-18T15:04:43.288739,"중1떄부터 정규 교육과정으로 일주일에 4시간씩은 필수로 영어를 하잖아요
그럼 자그마치 6년간 일주일 4시간씩. 한달이면 16시간. 일년에 200시간정도네요

성인돼서 시원스쿨이나 야나두 한달만 해도 어느정도 입은 뗸단 말이죠
학창시절에 공부안하는 사람들이 반이라고 쳐도.
나머지 반정도는 그래도 외국인이랑 대화 어느정도 할줄알아야 되잖아요.
일년에 200시간씩 6년을 했는데요...
근데도 시원스쿨 야나두 한달한 사람보다 못하는 이유가 대체 뭘까요? 
공부 안하는것도 아니고 중고딩들 대부분 시험 봐야 되니까 영어공부 열심히 한단 말이죠..
학교 교육이 그렇게나 효과가 없는걸까요..?"
[학원 후기] 동탄 UC어학원,https://www.clien.net/service/board/cm_lang/16241752?combine=true&q=%EC%8B%9C%EC%9B%90%EC%8A%A4%EC%BF%A8&p=0&sort=recency&boardCd=&isBoard=false,,clien,yanadu,community,yanadu,2026-01-18T15:04:43.288739,"추천 대상 : 대형 학원에 다니는 자녀분이 학원에서 Ace가 되길 희망하는 분 (학원을 위한 학원)
                   전투영어는 하는데 시험영어가 안되서 점수가 필요한 분


지난 6주간 개인적으로 토스 성적을 위해서 다녔던 좋은 학원이 있어서 추천 드립니다.
동탄역 상가에 위한 UC 어학원이란 곳인데, 학원의 도움으로 최근 토스에서 원하는 성적을 받았습니다.

회사 해외발령 관련해서 토스 성적이 필요한 저는 처음에 2~3달간 유튜브 등의 강의를 보면서 혼자 공부를 하였습니다.

영어 회화를 잘 하진 않지만, 외국인과 업무를 하면서 기본적인 회화 정도는 할 수 있는 수준이라, 시험 패턴만 이해를 하면 무난히 점수를 획득할 것이라고 판단되었습니다.

하지만 이게 왠걸, 시험을 못봤다고 생각한 건 아니지만 필요한 점수 이상이 나오지 않는 겁니다.
아내와 상의 끝에 전문가의 도움이 필요하겠다고 판단, 학원을 알아보기 시작하였습니다.
제가 학원을 선택하는 기준은 오직 거리입니다. 쉽게 갈수 있는 접근성이 있어야 빠지지 않고 간다고 생각했기 때문에,

강사의 질이나, 학원의 퀄리티 보다는 우선 퇴근 후 쉽게 들릴 수 있는 곳이 중요하다고 생각하기 때문입니다.
그래서 알아본 곳이 UC어학원입니다. 사실 동탄 2신도시에 성인 영어를 하는 곳이 여기밖에 없고, 집과도 가까웠기 때문에 방문 후 상담을 받았습니다.

저의 상황을 이해하신 원장님께서 추천한 커리큐럼은 한달 집중 1:1 강의 였습니다. 비용은 다소 있었으나, 일주일에 2회 방문에 거의 과외처럼 원장님이 직접 교정해주신다길래, 그래 짧고 굵게 한방에 끝나자란 생각에 수업 등록을 하였습니다.

여기서 잠깐, 나중에 알게 되었지만, 원장님의 약력을 소개드리면, 시원스쿨 OPIC 대표강사로 책도 4권 내시고 꽤나 유명하신 분이셨습니다. (유튜브에 시원스쿨 에이미, 송지원 치면 나옵니다.)

처음 저의 상태를 체크한 원장님의 진단은 전투영어로 다져지다 보니 문법, 발음, 듣기가 약하다, 실제 커뮤니케이션이 될 지는 몰라도 시험용으로는 부적절하다라고 판단하시고,

특히 듣기가 안되니, PART4,5를 집중하고 종합 모의테스트를 보자라고 제안하셨고, 정말 엄청 혼나면서 처음 2~3주를 배우기 시작하였습니다. 그리고 일주일에 두 번 방문하지였지만, 매일 숙제를 내주시고, 점검도 해주시면서 집중 케어를 해주셨습니다.

그렇게 3주가 지나니 듣기가 자연스럽게 이루어졌고, 매일 반복되는 숙제를 하면서, 나만의 모범 패턴이 만들어지면서, 말하기에도 자신감이 생겼습니다. 나중에는 단기간에 고쳐지지 않는 발음, PART1이 제일 힘든 상황이 되었습니다.

수업을 2~3번 남긴 상황에서 어느정도 패턴이 만들어지면서, 컨디션 조정을 하면서, 지난주 무사히 시험을 마쳤고, 현재 만족할 만큼 점수를 획득하였습니다. 영어를 정말 싫어해서 잘 안하는데, 현재 영어 어학 수준은 여기 쓴 글을 의미전달할 수준까지 오른 것 같습니다.

너무 감사해서, 제가 주변에 홍보를 해드려야 겠다는 생각에 이렇게 자발적으로 글을 쓰게 되었고, 자세한 강의 내용은 아래 블로그를 참고해서 전화 상담을 하시면 됩니다.

알아보니 성인뿐 아니라 초등 포함 학생용 영어도 비슷하게 강의하는 프로그램도 있어서, 대형 어학원에 맞지 않거나, 개인과외 형식으로 학습이 필요한 학생들한테도 추천 드립니다.

동탄에 전국구 에이스분이 이렇게 학원을 운영하고 계시다고 하니, 지역민으로서도 뿌듯할 뿐입니다.

https://blog.naver.com/ucenglish_vera/222383229673"
