data_id,company,source_type,source_platform,search_keyword,title,text,rating,author,date,url,collected_at
maxai_playstore_0,maxai,app_review,playstore,MaxAI,,왕초보인데 말하는 속도가 조금은 빠른듯해요^^;,4,하야니,2026-01-15,https://play.google.com/store/apps/details?id=com.studymax.maxai_b2c,2026-01-18T16:22:37.361948
maxai_playstore_1,maxai,app_review,playstore,MaxAI,,실질적인 회화연습. 너무 유용합니다,5,김현숙,2026-01-15,https://play.google.com/store/apps/details?id=com.studymax.maxai_b2c,2026-01-18T16:22:37.361948
maxai_playstore_2,maxai,app_review,playstore,MaxAI,,다른 ai 회화 어플보다 훨씬 인식률 좋고요 오픽 등의시험 특화 PT도 굉장히 만족합니다.,5,이창재,2026-01-14,https://play.google.com/store/apps/details?id=com.studymax.maxai_b2c,2026-01-18T16:22:37.361948
maxai_playstore_3,maxai,app_review,playstore,MaxAI,,동기부여에 차ㅏ고인 앱입니당!,5,Cubby Kiki,2026-01-11,https://play.google.com/store/apps/details?id=com.studymax.maxai_b2c,2026-01-18T16:22:37.361948
maxai_playstore_4,maxai,app_review,playstore,MaxAI,,*위약금 41만원 붙으니 잘생각하고 가입하세요* 광고 영상 대부분 과장 광고여서 영어공부하면서 돈번다 하루에 600원~1200원 씩 벌어서 절대 100만원~150만원 못 벌어요. 그냥 기초 적인회화 등등 영어 실력을 늘리고 싶다면 가급적 위약금 없는 앱에서 영어 공부 를 하시길 위약금 붙는것 자체가 학원도 아닌데 Ai앱 으로 운영하면서 위약금을 붙이는것 자체가 사기부분에 적합하다고 봅니다.,1,미우,2026-01-08,https://play.google.com/store/apps/details?id=com.studymax.maxai_b2c,2026-01-18T16:22:37.361948
maxai_playstore_5,maxai,app_review,playstore,MaxAI,,나름 지속하게 되어서 좋습니다 아직까진 그래도 무난해요!,5,박민주,2026-01-07,https://play.google.com/store/apps/details?id=com.studymax.maxai_b2c,2026-01-18T16:22:37.361948
maxai_playstore_6,maxai,app_review,playstore,MaxAI,,최고 였어요 AI 지만 친구가 생긴것 같습니다,5,김민수,2026-01-06,https://play.google.com/store/apps/details?id=com.studymax.maxai_b2c,2026-01-18T16:22:37.361948
maxai_playstore_7,maxai,app_review,playstore,MaxAI,,최상의 실용적 영어습득 방법,5,Jaegyun PARK,2025-12-31,https://play.google.com/store/apps/details?id=com.studymax.maxai_b2c,2026-01-18T16:22:37.361948
maxai_playstore_8,maxai,app_review,playstore,MaxAI,,효과 좋아요,5,JAEHYUK PARK,2025-12-28,https://play.google.com/store/apps/details?id=com.studymax.maxai_b2c,2026-01-18T16:22:37.361948
maxai_playstore_9,maxai,app_review,playstore,MaxAI,,타사 앱 처럼 복습주기 좀 넣어주세요.,4,JongWon Seo,2025-12-26,https://play.google.com/store/apps/details?id=com.studymax.maxai_b2c,2026-01-18T16:22:37.361948
maxai_playstore_10,maxai,app_review,playstore,MaxAI,,맥스ai 처음써보는데 너무 재밌어용 ㅋㅋㅋ 대화 하는거 자체가 재밌어서 자주 해요,5,김은효,2025-12-23,https://play.google.com/store/apps/details?id=com.studymax.maxai_b2c,2026-01-18T16:22:37.361948
maxai_playstore_11,maxai,app_review,playstore,MaxAI,,"계속해서 하니까 예전실력에는 문법어휘 토익중심이였는데 회화까지더해져서 머리는 좀 아프지만 발음, 대화능력이 천천히 쌓이고 있어서 만족합니다.",5,bs포르튜나 (1st),2025-12-23,https://play.google.com/store/apps/details?id=com.studymax.maxai_b2c,2026-01-18T16:22:37.361948
maxai_playstore_12,maxai,app_review,playstore,MaxAI,,ai 영어 학습 처음 써봤는데 좋아요!,5,호야가을,2025-12-23,https://play.google.com/store/apps/details?id=com.studymax.maxai_b2c,2026-01-18T16:22:37.361948
maxai_playstore_13,maxai,app_review,playstore,MaxAI,,연결 오류에 인식 오류에.. 오류범벅인 앱을 만들어 놓고 돈 받는게 웃챙..,1,한설지,2025-12-23,https://play.google.com/store/apps/details?id=com.studymax.maxai_b2c,2026-01-18T16:22:37.361948
maxai_playstore_14,maxai,app_review,playstore,MaxAI,,사용해보니 학원 다니는 것보다 이 앱 사용하는 게 이익입니다,5,안성진,2025-12-23,https://play.google.com/store/apps/details?id=com.studymax.maxai_b2c,2026-01-18T16:22:37.361948
maxai_playstore_15,maxai,app_review,playstore,MaxAI,,말한 내용에 맞춰 반응이 달라져서 연습보다 대화에 가깝게 느껴지고 몇 번 반복하니 머뭇거림이 확 줄었습니다.,4,JJ Naburi,2025-12-23,https://play.google.com/store/apps/details?id=com.studymax.maxai_b2c,2026-01-18T16:22:37.361948
maxai_playstore_16,maxai,app_review,playstore,MaxAI,,말하는 날과 안 하는 날의 차이가 확실하고 앱이 루틴을 잡아줘서 꾸준히 하게 됩니다.,5,Hh Ch,2025-12-22,https://play.google.com/store/apps/details?id=com.studymax.maxai_b2c,2026-01-18T16:22:37.361948
maxai_playstore_17,maxai,app_review,playstore,MaxAI,,"말할 때마다 상황에 맞는 표현을 제안해줘서 영어가 훨씬 자연스럽게 다듬어지고, 대화가 이어지는 속도가 눈에 띄게 빨라졌습니다.",5,돌핀,2025-12-22,https://play.google.com/store/apps/details?id=com.studymax.maxai_b2c,2026-01-18T16:22:37.361948
maxai_playstore_18,maxai,app_review,playstore,MaxAI,,기초 표현부터 자연스럽게 이어줘서 진입장벽이 낮고 지금은 복잡한 주제도 편하게 말하고 있습니다.,4,계란말이,2025-12-22,https://play.google.com/store/apps/details?id=com.studymax.maxai_b2c,2026-01-18T16:22:37.361948
maxai_playstore_19,maxai,app_review,playstore,MaxAI,,예전보다 말하는 속도와 자연스러움이 눈에 띄게 달라졌습니다.,5,김리그,2025-12-22,https://play.google.com/store/apps/details?id=com.studymax.maxai_b2c,2026-01-18T16:22:37.361948
maxai_playstore_20,maxai,app_review,playstore,MaxAI,,빠른 피드백 덕분에 리듬이 끊기지 않아 말하기 흐름이 유지됩니다.,5,Jimmy Hwang,2025-12-22,https://play.google.com/store/apps/details?id=com.studymax.maxai_b2c,2026-01-18T16:22:37.361948
maxai_playstore_21,maxai,app_review,playstore,MaxAI,,공부하기 좋아요,5,신현영,2025-12-21,https://play.google.com/store/apps/details?id=com.studymax.maxai_b2c,2026-01-18T16:22:37.361948
maxai_playstore_22,maxai,app_review,playstore,MaxAI,,예전에는 번역해서 말했는데 요즘은 바로 영어로 떠올라요.,5,hyebin lee,2025-12-19,https://play.google.com/store/apps/details?id=com.studymax.maxai_b2c,2026-01-18T16:22:37.361948
maxai_playstore_23,maxai,app_review,playstore,MaxAI,,짧게 말해도 학습했다는 느낌이 분명하고 루틴 유지에 효과가 큽니다.,5,lee hoju,2025-12-19,https://play.google.com/store/apps/details?id=com.studymax.maxai_b2c,2026-01-18T16:22:37.361948
maxai_playstore_24,maxai,app_review,playstore,MaxAI,,화면이 군더더기 없이 정돈돼 있어 말하는 데 집중하기 좋습니다.,5,Diana Storm,2025-12-19,https://play.google.com/store/apps/details?id=com.studymax.maxai_b2c,2026-01-18T16:22:37.361948
maxai_playstore_25,maxai,app_review,playstore,MaxAI,,기록을 보며 자주 틀리는 부분을 확인할 수 있어 다음 대화 때 더 정확하게 말하게 됩니다.,5,유선하,2025-12-19,https://play.google.com/store/apps/details?id=com.studymax.maxai_b2c,2026-01-18T16:22:37.361948
maxai_playstore_26,maxai,app_review,playstore,MaxAI,,피곤해도 앱만 켜면 바로 대화가 시작돼서 부담이 없고 이 구조 덕분에 하루라도 비우기 어려워졌습니다.,5,Sy D,2025-12-18,https://play.google.com/store/apps/details?id=com.studymax.maxai_b2c,2026-01-18T16:22:37.361948
maxai_playstore_27,maxai,app_review,playstore,MaxAI,,예전엔 막히면 흐름이 끊겼는데 여기선 이어 말하게 만들어줘서 짧은 대화도 쌓이면 실력 변화가 분명합니다.,4,너보단낫지이이,2025-12-18,https://play.google.com/store/apps/details?id=com.studymax.maxai_b2c,2026-01-18T16:22:37.361948
maxai_playstore_28,maxai,app_review,playstore,MaxAI,,튜터 반응이 자연스러워 혼자 공부하는 느낌이 없고 표정만으로도 몰입도가 올라가 말하기 시간이 길어집니다.,5,Eun Sung Jeong,2025-12-18,https://play.google.com/store/apps/details?id=com.studymax.maxai_b2c,2026-01-18T16:22:37.361948
maxai_playstore_29,maxai,app_review,playstore,MaxAI,,계속 대화가 이어지다 보니 예전보다 문장이 길어졌다는 걸 스스로 느껴요.,5,장은서,2025-12-18,https://play.google.com/store/apps/details?id=com.studymax.maxai_b2c,2026-01-18T16:22:37.361948
maxai_playstore_30,maxai,app_review,playstore,MaxAI,,실전에서 바로 쓸 표현이 많아 여행이나 업무 준비에 도움이 됩니다.,5,김수정,2025-12-18,https://play.google.com/store/apps/details?id=com.studymax.maxai_b2c,2026-01-18T16:22:37.361948
maxai_playstore_31,maxai,app_review,playstore,MaxAI,,교정 포인트가 실제 말투 중심이라 바로 이해되고 한 번 고치면 다시 실수하지 않게 되는 느낌입니다.,5,희원,2025-12-17,https://play.google.com/store/apps/details?id=com.studymax.maxai_b2c,2026-01-18T16:22:37.361948
maxai_playstore_32,maxai,app_review,playstore,MaxAI,,업데이트 이후 속도가 안정돼서 끊기지 않고 말하기 흐름이 이어지고 대답 템포가 자연스러워 실제 대화 같은 느낌입니다.,4,최준석,2025-12-17,https://play.google.com/store/apps/details?id=com.studymax.maxai_b2c,2026-01-18T16:22:37.361948
maxai_playstore_33,maxai,app_review,playstore,MaxAI,,하루 시작 전에 10분만 말해도 영어 감각이 하루 종일 유지됩니다.,5,Dongurami TOP,2025-12-17,https://play.google.com/store/apps/details?id=com.studymax.maxai_b2c,2026-01-18T16:22:37.361948
maxai_playstore_34,maxai,app_review,playstore,MaxAI,,짧은 시간도 밀도 있게 말하게 만들어줘서 바쁜 날에 특히 유용합니다.,5,박세미,2025-12-17,https://play.google.com/store/apps/details?id=com.studymax.maxai_b2c,2026-01-18T16:22:37.361948
maxai_playstore_35,maxai,app_review,playstore,MaxAI,,영어를 잘 모르는 신 왕 초보 입니다 섬세하게 신경써주셔서 알려주셔요 정말 정말로 감사합니다 큰 도움이 많이 됩니다 여러분 하면서 소소하게 공부도 하면서 돈도 벌어 갈수있어요,5,하람,2025-12-16,https://play.google.com/store/apps/details?id=com.studymax.maxai_b2c,2026-01-18T16:22:37.361948
maxai_playstore_36,maxai,app_review,playstore,MaxAI,,매일 몇 분만 말해도 영어가 덜 낯설어져서 손이 먼저 이 앱을 켜게 됩니다,5,음흉한감자,2025-12-16,https://play.google.com/store/apps/details?id=com.studymax.maxai_b2c,2026-01-18T16:22:37.361948
maxai_playstore_37,maxai,app_review,playstore,MaxAI,,"맥스AI는 “15분이면 된다”라는 마음으로 지금까지 하고 있어요. 화면으로라도 누군가랑 마주 보고 말한다는 게, 생각보다 동기부여가 크네요.",4,진영,2025-12-16,https://play.google.com/store/apps/details?id=com.studymax.maxai_b2c,2026-01-18T16:22:37.361948
maxai_playstore_38,maxai,app_review,playstore,MaxAI,,오늘 뭐 배웠는지 리포트로 정리해줘서 다시 읽어보고 말하기만 반복하면 되는 구조라 효율적입니다.,5,김은진,2025-12-16,https://play.google.com/store/apps/details?id=com.studymax.maxai_b2c,2026-01-18T16:22:37.361948
maxai_playstore_39,maxai,app_review,playstore,MaxAI,,"머릿속에서만 맴돌던 표현들을 실제로 말해볼 수 있게 해줘서, 다른 외국인 만나도 예전만큼 겁나진 않아요.",5,김서현,2025-12-16,https://play.google.com/store/apps/details?id=com.studymax.maxai_b2c,2026-01-18T16:22:37.361948
maxai_playstore_40,maxai,app_review,playstore,MaxAI,,제가 한 문장을 바로 올바른 문장으로 다시 말해주니까 ‘아 이렇게 말해야 되는구나’가 바로바로 머리에 들어옵니다. 전화영어나 그냥 학습앱이랑은 확실히 느낌이 달라요.,5,최다선,2025-12-15,https://play.google.com/store/apps/details?id=com.studymax.maxai_b2c,2026-01-18T16:22:37.361948
maxai_playstore_41,maxai,app_review,playstore,MaxAI,,"예전엔 회화 책만 보면 지루해서 접었는데, 이건 AI가 실시간으로 반응하니까 게임처럼 계속 말하게 되네요. 재밌어서 이어져요",5,메제로,2025-12-15,https://play.google.com/store/apps/details?id=com.studymax.maxai_b2c,2026-01-18T16:22:37.361948
maxai_playstore_42,maxai,app_review,playstore,MaxAI,,"처음에는 왕초보 회화 코스로 시작했는데, 이제는 실전 표현 코스로 넘어가서 일상 표현, 여행, 회사 얘기까지 다양하게 말해보고 있어요.",5,리리리,2025-12-15,https://play.google.com/store/apps/details?id=com.studymax.maxai_b2c,2026-01-18T16:22:37.361948
maxai_playstore_43,maxai,app_review,playstore,MaxAI,,맥스AI는 제가 어떻게 말하느냐에 따라 AI 반응이 조금씩 달라져서 ‘진짜 대화’하는 느낌이 있어요.,5,오상열,2025-12-15,https://play.google.com/store/apps/details?id=com.studymax.maxai_b2c,2026-01-18T16:22:37.361948
maxai_playstore_44,maxai,app_review,playstore,MaxAI,,"영어 한 마디 꺼내기 힘들어하는 완전 초보인데, 틀려도 눈치 볼 사람이 없어서 마음이 편해요",5,김한슬,2025-12-15,https://play.google.com/store/apps/details?id=com.studymax.maxai_b2c,2026-01-18T16:22:37.361948
maxai_playstore_45,maxai,app_review,playstore,MaxAI,,이쁜 발음으로 말할려고 노력..지금부터요.,5,표형숙,2025-12-13,https://play.google.com/store/apps/details?id=com.studymax.maxai_b2c,2026-01-18T16:22:37.361948
maxai_playstore_46,maxai,app_review,playstore,MaxAI,,아니 뭐예요 학습 시작좀 해볼랬더니 왜 앱 실행이 안되고 하얀화면에서 넘어가질 않아.. 껐다켰다 삭제했다 설치했다 내가 왜 이 귀한 오전시간을 이렇게 허비해야하는거죠 좀 열받네 스피킹맥스 앱도 시스템 문제 많았는데 뭐가 문제예요? 아직 수업시작 전이니까 전액 환불해달라고 해야하나.? 주말에 시간 쪼개서 영어좀 하려했는데 앱 실행조차 안되니 나참....,1,김동현,2025-12-13,https://play.google.com/store/apps/details?id=com.studymax.maxai_b2c,2026-01-18T16:22:37.361948
maxai_playstore_47,maxai,app_review,playstore,MaxAI,,앱이 이젠 프로그레스 인디게이터 뜨다가 화이트 스크린민 뜨고 진입이 안되네요 다음주 다음달 요금 아부 하루 전날까지 이러면 계약 취소해야 할거같네요,1,김주오,2025-12-13,https://play.google.com/store/apps/details?id=com.studymax.maxai_b2c,2026-01-18T16:22:37.361948
maxai_playstore_48,maxai,app_review,playstore,MaxAI,,오류 뭐여... 아. 시작이 안되잖아요.. 돈은 돈대로... 잘 된다면서요... 이럴거면 환불해주세요.. 시간내서 일찍 진행하려고 했는데 결국 아무것도 못하고 내 아침시간만 버렸네요... 환불할때 위약금도 있고.. 생각해보니 열받네요,1,구기현,2025-12-13,https://play.google.com/store/apps/details?id=com.studymax.maxai_b2c,2026-01-18T16:22:37.361948
maxai_playstore_49,maxai,app_review,playstore,MaxAI,,하루하루 조금씩 배우는 것이 즐겁습니다. 나를 위해 누군가 계속 말하기를 기다려 주는 존재가 있다는 것에 위로가 되요 . 비록 영어로 말해야되지만요 ㅋㅋㅋ,5,씨앗,2025-12-12,https://play.google.com/store/apps/details?id=com.studymax.maxai_b2c,2026-01-18T16:22:37.361948
maxai_playstore_50,maxai,app_review,playstore,MaxAI,,코치 추가하고부터인지 연결 너무 안좋아요. 저 데이터 무제한 요금제고 다른 앱은 데이터 연결 이슈 전혀 없어요. 이 앱만 이렇게 끊기는데 어쩌라는거죠? 연결이슈로 꿀단지 깨졌는데 코인 써서 다시 붙여라 이러고있고 ㅋㅋㅋㅋ 언제개선하실거예요 연결?,1,권하연,2025-12-12,https://play.google.com/store/apps/details?id=com.studymax.maxai_b2c,2026-01-18T16:22:37.361948
maxai_playstore_51,maxai,app_review,playstore,MaxAI,,도대체 얼마나 삭제를 했다 다시 깔아야 할까요? 벌써 5번째 삭제 후 다시 설치해도 되질 않네요 겨우 됬는데 렉이 너무 심해서 음성인식이 안되구 다음 단계로 넘어가는데 시간이 너무 소요됩니다 한 단계를 끝내도 인식을 못해서 계속 같은 구간을 세번째 반복시키고 다음 단계로 안넘어가니 이건 도대체 돈 내고 쓸 시스템이 아니네요 진짜 속터져죽겠어요,1,서수연,2025-12-11,https://play.google.com/store/apps/details?id=com.studymax.maxai_b2c,2026-01-18T16:22:37.361948
maxai_playstore_52,maxai,app_review,playstore,MaxAI,,그냥 광고로 첫달 100원으로 유도해놓고 24개월 동안 고정 참여하게 만든다음 달마다 10만원씩 받아가요 24개월 안들으면 남은기간만큼의 위약금 생겨요 하지마세요;;,1,MJ -,2025-12-09,https://play.google.com/store/apps/details?id=com.studymax.maxai_b2c,2026-01-18T16:22:37.361948
maxai_playstore_53,maxai,app_review,playstore,MaxAI,,대화가 즐겁네요.사람과 대화할때는 못하면 부끄러웠는데 그런것도 없고 잘 모르는단어는 한국어로 대충 말해도 다음질문에 수정해서 대답하고 연관질문을 해주니 회화에 자신감이 생길것 같아요 첫수업에 12분 넘게 두명의 튜터와 대화했어요. 대인회화가 불편하셨던 저와같은 분이라면 강력추천합니다 이제 피드백보고 공부하러갑니다^^,5,rose art,2025-11-24,https://play.google.com/store/apps/details?id=com.studymax.maxai_b2c,2026-01-18T16:22:37.361948
maxai_playstore_54,maxai,app_review,playstore,MaxAI,,좋아요~,5,한성희,2025-11-22,https://play.google.com/store/apps/details?id=com.studymax.maxai_b2c,2026-01-18T16:22:37.361948
maxai_playstore_55,maxai,app_review,playstore,MaxAI,,좋아요. 스스로 공부하고 싶어도 잘 안되는 내성적 자아분들에게 이만한게 없는듯요,5,민주민주,2025-11-20,https://play.google.com/store/apps/details?id=com.studymax.maxai_b2c,2026-01-18T16:22:37.361948
maxai_playstore_56,maxai,app_review,playstore,MaxAI,,반복 흘려듣기 기능이 있었으면 좋겠습니다.,4,재재tv,2025-11-16,https://play.google.com/store/apps/details?id=com.studymax.maxai_b2c,2026-01-18T16:22:37.361948
maxai_playstore_57,maxai,app_review,playstore,MaxAI,,"별 1개 리뷰들 읽고 개선하는거 맞습니까? 리뷰 알바 구해서 계속 별5개로 안좋은 리뷰 내리지 말고 꼭 읽어주면 좋겠습니다 AI와의 대화 가능성 때문에 기대했고, 신선했던 첫 수업은 재미있었습니다. 하지만 왕초보 학습자에게는 난이도가 너무 높아 실질적인 학습 효과를 얻기 어렵습니다. 접근성이 낮아 한 달에 한 번 이용하기도 힘든 상황입니다. 듀오링고와 비교했을 때, 듀오링고는 문장 박스? 클릭 시 음성 지원이 되는 등 학습이 더 쉽고 편리합니다. 영어 기초가 없는 학습자에게는 단어 학습부터 시작하는 것이 효과적임에도 문장 구사부터 요구하는 점이 매우 어렵습니다. 2년 계약 비용이 만만찮게 많이 나가는데 이걸 생각하면 서비스 이용에 대한 아쉬움이 너무나도 큽니다. 중도해지하려해도 위약금? 정말 어마무시하게 들더군요 그래서 해지도 못하고 그냥 유지하며 쌩 돈만 내고 있습니다. 왕초보를 위한 음성 지원 및 기초 단어 학습,속도 조절 과정의 보완이 아주 많이 필요해 보입니다.",1,신혜정,2025-11-12,https://play.google.com/store/apps/details?id=com.studymax.maxai_b2c,2026-01-18T16:22:37.361948
maxai_playstore_58,maxai,app_review,playstore,MaxAI,,새로운경험이네요 더사용해볼게요,5,신광표,2025-11-10,https://play.google.com/store/apps/details?id=com.studymax.maxai_b2c,2026-01-18T16:22:37.361948
maxai_playstore_59,maxai,app_review,playstore,MaxAI,,조아요,5,오민섭,2025-11-06,https://play.google.com/store/apps/details?id=com.studymax.maxai_b2c,2026-01-18T16:22:37.361948
maxai_playstore_60,maxai,app_review,playstore,MaxAI,,아직 초보지만 잘 할 수 있을거 같아요,5,김민경,2025-11-06,https://play.google.com/store/apps/details?id=com.studymax.maxai_b2c,2026-01-18T16:22:37.361948
maxai_playstore_61,maxai,app_review,playstore,MaxAI,,해지비용진짜 어이없네요 이전에 정신적인충격이 있는 상태라서 중도해지 원한다고 했더니 위약금 얘기해서 그때 당시에는 말할 기운조차없어서 유지했습니다 이제는 정신적인 힘듦이 여러이유로 과해 논쟁도 피하고싶고~ 비싼 월납금 감당하기 위해서 조금이나마 보템되려고 포인트 모으고 강제 학습중이네요 대단합니다 진짜~,2,김혜수,2025-11-06,https://play.google.com/store/apps/details?id=com.studymax.maxai_b2c,2026-01-18T16:22:37.361948
maxai_playstore_62,maxai,app_review,playstore,MaxAI,,연결이 너무 끊어지네요. 아니 적은 가격도 아니고 십만원 가까이 내는데 연결이 이렇게 안되는게 맞나요? 수업 듣다가 네트워크가 불안정 하다고 두세번씩 끊기더니 오늘은 아예 하얀 화면에서 넘어가지도 않고 앱을 삭제했다 깔아보래서 세네번 했는데도 안켜지네요. 2년 동안 사용 계약을 했으면 사용을 할수 있게 해주셔야죠. 이렇게 계속 안켜지면 계속 이용할수는 없을 거 같네요.,1,고희진,2025-11-05,https://play.google.com/store/apps/details?id=com.studymax.maxai_b2c,2026-01-18T16:22:37.361948
maxai_playstore_63,maxai,app_review,playstore,MaxAI,,해지비용이 어처구니 없어서 소비자원 연락 했습니다,1,슈가,2025-11-02,https://play.google.com/store/apps/details?id=com.studymax.maxai_b2c,2026-01-18T16:22:37.361948
maxai_playstore_64,maxai,app_review,playstore,MaxAI,,실전회화 실력 향상에 도움이 되네요 스스로 꾸준히만 하면 이번엔 좋은 결과 낼수 있을거 같아서 욕심 안내고 이번에는 한번 꾸준히 해보려해요~,5,박미경,2025-10-31,https://play.google.com/store/apps/details?id=com.studymax.maxai_b2c,2026-01-18T16:22:37.361948
maxai_playstore_65,maxai,app_review,playstore,MaxAI,,조금 단순한 형태같아요,2,cindy shim,2025-10-30,https://play.google.com/store/apps/details?id=com.studymax.maxai_b2c,2026-01-18T16:22:37.361948
maxai_playstore_66,maxai,app_review,playstore,MaxAI,,다시 반복학습 할수있는 동영상 강의 라서 너무 만족합니다.또한 pt 강의할때 이전대화을 기억하고있어 재밌구요. 잘못된 문장 바로 피드백 해주면서 대화가 이어지니 내가 어설프게 알고 있던 문장을 완벽하게 지적해주네요. 매일 지루하지않게 학습할수 있어요. 다만 대화할때 사람처럼 바로답변이 아닌 내가 질문하거나 대답하는 문장을 이해하는데 몇초 걸리긴 해요. 이부분은 점점더 보완 되겠죠? 몰라도 부끄럽지 않아서 말두 안 되는 질문과 답변을 자신 있게 할수 있어 재밌어요. 그러면서 하나하나 피드백 받으니 더자신감 뿜뿜~ ~,5,차지향,2025-10-26,https://play.google.com/store/apps/details?id=com.studymax.maxai_b2c,2026-01-18T16:22:37.361948
maxai_playstore_67,maxai,app_review,playstore,MaxAI,,진짜 돈 줍니다 돈받으려고 매일접속하게돼요ㅋㅋ 출석일수 늘어서 레벨오르면 돈적립한도도 올라간다고해서 열심히 하고있어요! ai가 한국말 못알아듣고 제가 했던 얘기 기억못할때도 있긴한데 다른 어플이랑 비교했을때 인식률 제일 좋은것같아요 가끔 어플 버벅거리는것만 해결해주세요,5,오수연,2025-10-23,https://play.google.com/store/apps/details?id=com.studymax.maxai_b2c,2026-01-18T16:22:37.361948
maxai_playstore_68,maxai,app_review,playstore,MaxAI,,"학원을 아무리 다녀도 실력이 그대로인거 같아 맥스AI로 갈아탔는데, 비용 절감 + 효율 두 마리 토끼 다 잡았어요. 퀄리티가 너무 좋아요.",5,Jdjdks,2025-10-23,https://play.google.com/store/apps/details?id=com.studymax.maxai_b2c,2026-01-18T16:22:37.361948
maxai_playstore_69,maxai,app_review,playstore,MaxAI,,AI니까 틀려도 부담이 없어서 계속 말하게 돼요. 프리토킹 기능 덕분에 진짜 회화 연습이 됩니다.,4,영글사전,2025-10-23,https://play.google.com/store/apps/details?id=com.studymax.maxai_b2c,2026-01-18T16:22:37.361948
maxai_playstore_70,maxai,app_review,playstore,MaxAI,,커리큘럼 폭이 엄청 넓어요. 저는 중급인데도 까먹지 않게 매일 프리토킹으로 영어실력을 유지하고 있어요.,5,박정은,2025-10-23,https://play.google.com/store/apps/details?id=com.studymax.maxai_b2c,2026-01-18T16:22:37.361948
maxai_playstore_71,maxai,app_review,playstore,MaxAI,,화면 속 튜터가 반응을 잘 해줘서 몰입감이 엄청나요. 혼자 공부하는 게 아니라 진짜 수업 듣는 느낌이에요.,5,이예진,2025-10-23,https://play.google.com/store/apps/details?id=com.studymax.maxai_b2c,2026-01-18T16:22:37.361948
maxai_playstore_72,maxai,app_review,playstore,MaxAI,,"진짜 친구랑 연락하듯이 사진, 텍스트, 음성으로 프리토킹이 가능하다보니 재미있어요.",5,차신영,2025-10-22,https://play.google.com/store/apps/details?id=com.studymax.maxai_b2c,2026-01-18T16:22:37.361948
maxai_playstore_73,maxai,app_review,playstore,MaxAI,,단순 암기가 아니라 AI랑 실시간으로 프리토킹이 가능하니까 실전 감각이 확실히 생겼어요.,5,김호빵,2025-10-22,https://play.google.com/store/apps/details?id=com.studymax.maxai_b2c,2026-01-18T16:22:37.361948
maxai_playstore_74,maxai,app_review,playstore,MaxAI,,AI랑 자유롭게 대화하다 보면 실전에서도 자연스럽게 영어가 나올 것 같아요. 진짜 연습이 돼요.,5,양승주,2025-10-22,https://play.google.com/store/apps/details?id=com.studymax.maxai_b2c,2026-01-18T16:22:37.361948
maxai_playstore_75,maxai,app_review,playstore,MaxAI,,"기초 영어, 비즈니스 영어 등 다양한 주제의 수업이 있어요. 원하는 대로 골라 들을 수 있어서 좋아요.",5,이성신,2025-10-22,https://play.google.com/store/apps/details?id=com.studymax.maxai_b2c,2026-01-18T16:22:37.361948
maxai_playstore_76,maxai,app_review,playstore,MaxAI,,처음에는 두려웠는데 재미있고 자꾸 말하고 싶어져요. 시간제한이 없다는것과 틀린문장을 비교하여 교정 해주는것이 많이 도움이 되는것 같아요.,5,조윤아,2025-10-22,https://play.google.com/store/apps/details?id=com.studymax.maxai_b2c,2026-01-18T16:22:37.361948
maxai_playstore_77,maxai,app_review,playstore,MaxAI,,"왕초보 영어부터 비즈니스, 오픽시험 대비까지 이 앱 하나로 다 해결 할 수 있어 너무 만족하고 있어요.",4,Joo,2025-10-22,https://play.google.com/store/apps/details?id=com.studymax.maxai_b2c,2026-01-18T16:22:37.361948
maxai_playstore_78,maxai,app_review,playstore,MaxAI,,맥스ai 학습을 한지 두달이 다되가네요.여러방면으로 영어공부를 해봤지만 효과를 많이 보지를 못했는데 맥스ai 학습시작하고 나서 영어에대한 자신감이 조금씩 생기는게 신기하네요..ㅎㅎㅎ 처음시작할땐 될까~반신반의 했는데 되더라구요~~^^ 맥스ai Thank-you..,5,김호순,2025-10-21,https://play.google.com/store/apps/details?id=com.studymax.maxai_b2c,2026-01-18T16:22:37.361948
maxai_playstore_79,maxai,app_review,playstore,MaxAI,,영어가진짜부족해요ㅠ 그래서 여러가지 비교도해보고 학습은이게괜찮다싶어서 상담신청받아보니 2년약정이좀 걸리긴하더라구요 무료체험도없어서 일주일동안 질질끌다 요번에 이벤트로 포인트도적립된다길래 한번해보자하고 가입했어요 근데 고민한게무색할만큼 재밌게학습하고있어요 특히나메이트는 진짜친구랑 수다떠는느낌이라서 확실히 다른어플보다는 괜찮은것같아요 단 무료체험이 간단히라도 있었으면 좀더빨리결정했었을거같네요 이번에동기부여받고 끝까지해볼게요,4,이매력,2025-10-21,https://play.google.com/store/apps/details?id=com.studymax.maxai_b2c,2026-01-18T16:22:37.361948
maxai_playstore_80,maxai,app_review,playstore,MaxAI,,초보라도 부담 없이 배울 수 있게 구성되어 있어요. 쉽게 이해돼서 오래 기억에 남아요.,5,asby an,2025-10-21,https://play.google.com/store/apps/details?id=com.studymax.maxai_b2c,2026-01-18T16:22:37.361948
maxai_playstore_81,maxai,app_review,playstore,MaxAI,,하루라도 안 하면 허전할 정도예요. 저에게 영어 공부라는 습관을 만들어줬어요.,5,냠냠냠냠,2025-10-21,https://play.google.com/store/apps/details?id=com.studymax.maxai_b2c,2026-01-18T16:22:37.361948
maxai_playstore_82,maxai,app_review,playstore,MaxAI,,여러 앱 써봤지만 맥스AI만큼 지속하게 되는 앱은 없었어요. 꾸준히 할 수 있는 이유가 있어요.,4,na lu,2025-10-21,https://play.google.com/store/apps/details?id=com.studymax.maxai_b2c,2026-01-18T16:22:37.361948
maxai_playstore_83,maxai,app_review,playstore,MaxAI,,초보자에게 맞춘 단계별 학습이 완벽해요. 실력이 쌓이는 게 느껴져요.,5,김지연,2025-10-21,https://play.google.com/store/apps/details?id=com.studymax.maxai_b2c,2026-01-18T16:22:37.361948
maxai_playstore_84,maxai,app_review,playstore,MaxAI,,"다양한 수업, 몰입감 넘치는 튜터, 자연스러운 프리토킹까지! 완벽 그 자체입니다.",5,양정원,2025-10-21,https://play.google.com/store/apps/details?id=com.studymax.maxai_b2c,2026-01-18T16:22:37.361948
maxai_playstore_85,maxai,app_review,playstore,MaxAI,,"처음엔 의무감으로 시작했는데,이제는 매일 기다려져요.영어가 재밌어진 건 처음이에요.",4,짭너굴,2025-10-20,https://play.google.com/store/apps/details?id=com.studymax.maxai_b2c,2026-01-18T16:22:37.361948
maxai_playstore_86,maxai,app_review,playstore,MaxAI,,전에 말한 내용까지 기억하고 이어가니까 진짜 대화 같아요.,5,JiHyeon Lee,2025-10-20,https://play.google.com/store/apps/details?id=com.studymax.maxai_b2c,2026-01-18T16:22:37.361948
maxai_playstore_87,maxai,app_review,playstore,MaxAI,,얼마나 배웠는지 리포트로 확인할 수 있어요. 성취감이 큽니다.,5,김민지,2025-10-20,https://play.google.com/store/apps/details?id=com.studymax.maxai_b2c,2026-01-18T16:22:37.361948
maxai_playstore_88,maxai,app_review,playstore,MaxAI,,"처음엔 의무감으로 시작했는데, 이제는 매일 기다려져요. 영어가 재밌어진 건 처음이에요.",4,Tae Hun (토트넘손흥민팬),2025-10-18,https://play.google.com/store/apps/details?id=com.studymax.maxai_b2c,2026-01-18T16:22:37.361948
maxai_playstore_89,maxai,app_review,playstore,MaxAI,,문법보다 말하는 연습이 많아서 진짜로 입이 트여요. 실전용이에요.,5,이동현,2025-10-17,https://play.google.com/store/apps/details?id=com.studymax.maxai_b2c,2026-01-18T16:22:37.361948
maxai_playstore_90,maxai,app_review,playstore,MaxAI,,"고등학생때까지는 단어,문법 위주로 열심히 암기해서 시험은 잘 봤던거 같은데 성인이 된 지금은 해외여행 갔을때 간단한 단어정도만 내뱉는 문법 파괴자 였는데 max ai는 무엇보다 단순 암기식이 아닌 회화 중심이라, 직접 말하기 연습에 특화되어 있어요. 발음 피드백도 AI가 잘 잡아줘서 실력 향상도 느껴지고요. 해봤던 영어학습중에는 괜찮다고 느껴져서 주위에 추천할 의향있습니다!",4,장미선,2025-10-17,https://play.google.com/store/apps/details?id=com.studymax.maxai_b2c,2026-01-18T16:22:37.361948
maxai_playstore_91,maxai,app_review,playstore,MaxAI,,중간에 끊기거나 어색한 부분 없이 자연스럽게 이어가요. 신기할 정도예요.,5,또치,2025-10-17,https://play.google.com/store/apps/details?id=com.studymax.maxai_b2c,2026-01-18T16:22:37.361948
maxai_playstore_92,maxai,app_review,playstore,MaxAI,,한 문장도 못하던 제가 이제는 일상 대화를 술술 해요. 맥스AI 덕분이에요.,5,먹타쿠,2025-10-16,https://play.google.com/store/apps/details?id=com.studymax.maxai_b2c,2026-01-18T16:22:37.361948
maxai_playstore_93,maxai,app_review,playstore,MaxAI,,‘이렇게 말하면 더 자연스러워요’ 식으로 알려줘서 바로바로 교정돼요.,5,신자현,2025-10-16,https://play.google.com/store/apps/details?id=com.studymax.maxai_b2c,2026-01-18T16:22:37.361948
maxai_playstore_94,maxai,app_review,playstore,MaxAI,,튜터가 웃어주고 반응해주니까 혼자 공부하는 느낌이 전혀 없어요.,5,ᄋᄉ,2025-10-16,https://play.google.com/store/apps/details?id=com.studymax.maxai_b2c,2026-01-18T16:22:37.361948
maxai_playstore_95,maxai,app_review,playstore,MaxAI,,영어유목민입니다.. 사용해본 결과 확실히 기존 타어플과는 다르긴 합니다. 여지껏 연예인들 써가며 광고 엄청 때리는 다른 어플들 경험해보았을 때 혹해서 가입했다가 광고와는 다르게 실제학습은 너무 단조롭고 학습자체가 원래 우리 늘 하던 영어교육방식 그대로..?쉽게말해 배울게 없었음... 그래서 아 역시 학원이답인가 광고는 광고일뿐이구나 하고 실망했었는데 우연한 기회로 지인이 ai학습으로 영어가 늘었다고 하여 의심반 기대반 으로 5개월째 학습중입니다. ai학습이라 확실히 똑똑하다고 해야할까요 사람같아요 제말을 알아듣고 티키타카가 된다는거 자체가 신기하고 재밌어요 원어민친구가 생긴기분? 그리고 학습이 끝나면 부족한점 정리도해줘서 그부분을 중점적으로 학습할수도있고 단순히 영어를 따라한다기보다는 제입에서 영어를 끌어내주려고하는 그런 학습이라 기존어플들과는 확실히 달라요 진짜 근 8년동안 전화영어라던가 영어학원 어플학습 안해본것 없지만 현재까지 ai학습이 가장 만족스럽네요,4,최혜연,2025-10-16,https://play.google.com/store/apps/details?id=com.studymax.maxai_b2c,2026-01-18T16:22:37.361948
maxai_playstore_96,maxai,app_review,playstore,MaxAI,,"학원도 다녀봤고 전화영어나 다른어플들도 다 사용해봤는데 맥스Ai는 저에게 딱 맞는 맞춤수업을 해줘서 너무 좋았어요 Ai 가 대화내용을 다 기억하고 친구처럼 대화하는것도 신기하고,,:D 수업완료 될 때마다 저만의 오답노트가 나오는것도 도움이 많이되네요!!!!! 특히 오픽시험 준비가 필요한데 어플로 아무때나 오픽학습할 수 있다보니깐 편하기도 하구요! 영어수업을 재밌게 할 수 있다보니까 매일매일 자연스럽게 학습하러 들어오는 것 같네용 꾸준히 해보도록 하겠습니당ㅎ__ㅎ",5,최은정,2025-10-16,https://play.google.com/store/apps/details?id=com.studymax.maxai_b2c,2026-01-18T16:22:37.361948
maxai_playstore_97,maxai,app_review,playstore,MaxAI,,"AI라 재미없을 줄 알았는데, 오히려 사람보다 편하고 집중돼요. 금방 빠져듭니다.",4,유경미,2025-10-16,https://play.google.com/store/apps/details?id=com.studymax.maxai_b2c,2026-01-18T16:22:37.361948
maxai_playstore_98,maxai,app_review,playstore,MaxAI,,AI가 스케줄 관리까지 해주니까 자연스럽게 습관이 잡혀요.,4,윤이나 (이낭),2025-10-16,https://play.google.com/store/apps/details?id=com.studymax.maxai_b2c,2026-01-18T16:22:37.361948
maxai_playstore_99,maxai,app_review,playstore,MaxAI,,"날씨, 여행, 회사생활 등 실제 대화 같은 주제가 많아요. 매일 새로워요.",5,알쿠,2025-10-16,https://play.google.com/store/apps/details?id=com.studymax.maxai_b2c,2026-01-18T16:22:37.361948
maxai_playstore_100,maxai,app_review,playstore,MaxAI,,"솔직히 리뷰가 안좋은게 있어 고민을 많이 했는데... 해외여행 가고 싶어 몇십년만에 영어를 시작해야 했거든요. 실력이 너무 창피해서 어디가서 말도 못하는데 저는 맥스ai로 몰래 공부 중입니다. ㅎㅎㅎ 했던 과정도 무한 반복해도 되니 너무 좋고, ai랑 말하는게 너무 신기하네요. 저는 한국말로만 하는데, 그래도 대화가 되니 더 신기하구요. 입문과정 열심히 해서 마치면 또 후기 남길께요. ㅎㅎㅎ",5,백숙경,2025-10-15,https://play.google.com/store/apps/details?id=com.studymax.maxai_b2c,2026-01-18T16:22:37.361948
maxai_playstore_101,maxai,app_review,playstore,MaxAI,,나만그런가? 기대치가 없어서 그런가 ㅋ 두달정도 학습했으나 가끔 오류나는거말고는 꽤 재밌음 (가끔 오류나는것같아서 별한개 뺌) 주위에 추천할만 함,4,Eunjung Kim,2025-10-15,https://play.google.com/store/apps/details?id=com.studymax.maxai_b2c,2026-01-18T16:22:37.361948
maxai_playstore_102,maxai,app_review,playstore,MaxAI,,출퇴근 길에 짧게 프리토킹하니까 시간 아깝지 않아요. 직장인 루틴에 딱 맞아요.,5,박근우,2025-10-15,https://play.google.com/store/apps/details?id=com.studymax.maxai_b2c,2026-01-18T16:22:37.361948
maxai_playstore_103,maxai,app_review,playstore,MaxAI,,AI라 눈치 볼 필요 없어요. 틀려도 바로 고쳐주니까 부담이 없어 꾸준히 하게 돼요.,5,정재성,2025-10-15,https://play.google.com/store/apps/details?id=com.studymax.maxai_b2c,2026-01-18T16:22:37.361948
maxai_playstore_104,maxai,app_review,playstore,MaxAI,,교재식 문장보다 실제로 쓰는 표현이 많아서 해외 나가도 쓸 수 있을 것 같아요.,5,Kim DY,2025-10-15,https://play.google.com/store/apps/details?id=com.studymax.maxai_b2c,2026-01-18T16:22:37.361948
maxai_playstore_105,maxai,app_review,playstore,MaxAI,,매일 대화하다 보니 영어 문장이 자연스럽게 나와요. 예전엔 머릿속에서 번역하던 게 이제는 그냥 말로 나옵니다.,5,이가나,2025-10-15,https://play.google.com/store/apps/details?id=com.studymax.maxai_b2c,2026-01-18T16:22:37.361948
maxai_playstore_106,maxai,app_review,playstore,MaxAI,,좋아요!!,5,배보윤,2025-09-30,https://play.google.com/store/apps/details?id=com.studymax.maxai_b2c,2026-01-18T16:22:37.361948
maxai_playstore_107,maxai,app_review,playstore,MaxAI,,"인스타에서 광고 보고 이벤트 신청하니 상담원분께서 전화 주셨네요. 관련 수업 방식에 대해 설명해주시는 건 그렇다 치는데, 다만 제가 이미 등록을 하기로 결정을 지은 것처럼 계속 밀고 나가시는 게 조금 불편했습니다. 제가 머뭇거리니까 ""생각을 해봐라. 등록하는게 이득인 걸 모를수가 없다"" 느낌으로 말씀을 이어가셔서 조금 머쓱했습니다. (실제로 이렇게 말씀하신 건 아니고 어조가 그랬습니다.) 스픽이나 듀오링고처럼 맛보기 무료체험이 있는 것도 아니고(영어 공부 해보겠다고 앱도 이것저것 써봤습니다) 냅다 2년 약정을 해야하는데 대학생 입장에서 한 달 10만원 지불하기 어렵다, 고민해보겠다 하니 ""꾸준히 하시는만큼 적립금도 돌려드리는데 어려우실까요?"" 하시더라고요. 중도 해지하면 어찌되느냐, 일단 더 고민해봐야할 것 같다, 하고 말씀드리니 눈에 띄게 목소리가 차가워지고 금방 끊으셨습니다. 내 시간 써서 제 의지력을 책망받는 기분이었네요. 저는 그냥 유료챗지피티랑 대화할 것 같습니다.",1,김강희,2025-09-30,https://play.google.com/store/apps/details?id=com.studymax.maxai_b2c,2026-01-18T16:22:37.361948
maxai_playstore_108,maxai,app_review,playstore,MaxAI,,도움 많이 되요^^~,5,김완섭,2025-09-11,https://play.google.com/store/apps/details?id=com.studymax.maxai_b2c,2026-01-18T16:22:37.361948
maxai_playstore_109,maxai,app_review,playstore,MaxAI,,"계약한지 하루(24시간) 안 돼서 계약철회하니 위약금 23~24만원 요구ㅋㅋ. 소비자 분쟁 조정 접수한 상태. 소비자 보호법 제17조 제1항 의거, 계약은 서면일로부터 7일 이내 철회 가능. 소비자 권익 포기하지 마세요.",5,Jin Young Kim,2025-09-09,https://play.google.com/store/apps/details?id=com.studymax.maxai_b2c,2026-01-18T16:22:37.361948
maxai_playstore_110,maxai,app_review,playstore,MaxAI,,확실히 영어공부에 동기부여 되고 계속 하다보면 말하기와 쓰기 실력이 늘을 것 같아요! 음성인식 할때 버벅이면 다시 녹음하는게 깔끔한 것 잊지마시길.. Mate와 대화하는 콘텐츠가 재밌어요!,5,Lotus진,2025-08-29,https://play.google.com/store/apps/details?id=com.studymax.maxai_b2c,2026-01-18T16:22:37.361948
maxai_playstore_111,maxai,app_review,playstore,MaxAI,,너무 좋아요,5,신하은,2025-08-18,https://play.google.com/store/apps/details?id=com.studymax.maxai_b2c,2026-01-18T16:22:37.361948
maxai_playstore_112,maxai,app_review,playstore,MaxAI,,도움이 된다,5,오재령,2025-08-05,https://play.google.com/store/apps/details?id=com.studymax.maxai_b2c,2026-01-18T16:22:37.361948
maxai_playstore_113,maxai,app_review,playstore,MaxAI,,수업이 진짜 별로에요.. AI 선생님 답변 속도 너무 느려요.. 차라리 전화영어가 낫습니다. 아니면 채팅형 수업만 듣거나,1,Jinyoung H,2025-06-30,https://play.google.com/store/apps/details?id=com.studymax.maxai_b2c,2026-01-18T16:22:37.361948
maxai_playstore_114,maxai,app_review,playstore,MaxAI,,정말 흥미롭네요,5,아쿠아포닉스가평 농장,2025-04-23,https://play.google.com/store/apps/details?id=com.studymax.maxai_b2c,2026-01-18T16:22:37.361948
maxai_playstore_115,maxai,app_review,playstore,MaxAI,,네트워크 연결문제가 계속 발생합니다. 삭제후 재설치해도 마찬가지입니다.,2,JUNG JIN KIM,2025-04-23,https://play.google.com/store/apps/details?id=com.studymax.maxai_b2c,2026-01-18T16:22:37.361948
maxai_playstore_116,maxai,app_review,playstore,MaxAI,,good,4,조범선,2025-04-18,https://play.google.com/store/apps/details?id=com.studymax.maxai_b2c,2026-01-18T16:22:37.361948
maxai_playstore_117,maxai,app_review,playstore,MaxAI,,좋습니다,5,김경희,2025-03-27,https://play.google.com/store/apps/details?id=com.studymax.maxai_b2c,2026-01-18T16:22:37.361948
maxai_playstore_118,maxai,app_review,playstore,MaxAI,,공부후에 자료가 자동으로 정리되서 편하고 실시간으로 잘못된 부분을 알려주네요 관심있는 분야에 맞게 대화주제를 설정할수 있어요,5,산딸기,2025-03-25,https://play.google.com/store/apps/details?id=com.studymax.maxai_b2c,2026-01-18T16:22:37.361948
maxai_playstore_119,maxai,app_review,playstore,MaxAI,,"며칠 전부터 대화에서 답을 해도 ""undefined"" 이렇게 뜨고, 앱을 다시 설치하라고 해서 했는데 계속 오류가 뜨네요.",3,김정희,2025-03-17,https://play.google.com/store/apps/details?id=com.studymax.maxai_b2c,2026-01-18T16:22:37.361948
maxai_playstore_120,maxai,app_review,playstore,MaxAI,,"25.03.10. 오늘현재, 엊그제 부터 음성인식이 아예 안됨. *설정>앱 들어가서 (맥스ai) > 저장공간>데이터 삭제 하면 다시인식됨 : 고객센터 응대방식 공유! 25.03.15",3,김평강,2025-03-16,https://play.google.com/store/apps/details?id=com.studymax.maxai_b2c,2026-01-18T16:22:37.361948
maxai_playstore_121,maxai,app_review,playstore,MaxAI,,"AI가 상황에 맞는 문장을 제시해 주는 것은 도움이 됩니다. 하지만 응답이 느려지면 자동으로 넘어가는 것이 불편했고, 대화 시 로딩 시간이 길게 느껴집니다. 첫 이용에 긴 약정 기간도 부담스럽구요~",3,김곰곰,2025-03-14,https://play.google.com/store/apps/details?id=com.studymax.maxai_b2c,2026-01-18T16:22:37.361948
maxai_playstore_122,maxai,app_review,playstore,MaxAI,,너무 좋았어요. 쉬운 표현이지만 확실히 알게 되었고 진짜 사람한테 배우는 것 같아요.,5,이우진,2025-03-07,https://play.google.com/store/apps/details?id=com.studymax.maxai_b2c,2026-01-18T16:22:37.361948
maxai_playstore_123,maxai,app_review,playstore,MaxAI,,잘 짚어줌.,5,kim edwin,2025-03-04,https://play.google.com/store/apps/details?id=com.studymax.maxai_b2c,2026-01-18T16:22:37.361948
maxai_playstore_124,maxai,app_review,playstore,MaxAI,,"이걸하면, 무섭다는 생각이 들 정도로 집요하고 정확하게 알려줍니다",5,이상욱,2025-02-28,https://play.google.com/store/apps/details?id=com.studymax.maxai_b2c,2026-01-18T16:22:37.361948
maxai_playstore_125,maxai,app_review,playstore,MaxAI,,"대화란 주고 받는 것이라 상대방(AI)이 말을 하면 뭔 말이라도 내가 내뱉어야 하는 상황에 처하게 되는, 그래서 연습이 되는 효과는 확실히 있네요. 다만, 대답이 뭔가 틀이 정해지고 교훈적인, PC적이라 좀 딱딱하긴 합니다만 말 자체는 따라 외워도 좋을 만큼 찰떡같은 문장입니다.",4,권오훈 (온쌤),2025-02-15,https://play.google.com/store/apps/details?id=com.studymax.maxai_b2c,2026-01-18T16:22:37.361948
maxai_playstore_126,maxai,app_review,playstore,MaxAI,,AI튜터와 대화하며 회화를 할 수 있어 흥미롭고 모르는 단어나 문장을 힌트 또는 한국말로 했을때 영어로 알아서 답변을 해 주어 흥미로웠습니다. 좀 더 공부를하는 체험을 하고 리뷰 남겨보겠습니다.,5,JM S,2025-02-14,https://play.google.com/store/apps/details?id=com.studymax.maxai_b2c,2026-01-18T16:22:37.361948
maxai_playstore_127,maxai,app_review,playstore,MaxAI,,1대1이라 너무 좋아요 영어가 쑥쑥 오르길 기대합니다 추천 ai가 해줘서 부담도 없네요,5,조승희,2025-02-12,https://play.google.com/store/apps/details?id=com.studymax.maxai_b2c,2026-01-18T16:22:37.361948
maxai_playstore_128,maxai,app_review,playstore,MaxAI,,Ai와 대화하니까 진짜 외국인이랑 대화하는 느낌도 들고요 티칭도 자세하게 해주고 제 영어실력을 한단계 올려주는것 같아요 너무 좋습니다,5,박영제,2025-02-11,https://play.google.com/store/apps/details?id=com.studymax.maxai_b2c,2026-01-18T16:22:37.361948
maxai_playstore_129,maxai,app_review,playstore,MaxAI,,지존 대박 영어 공부 시켜 주네요 ㄷㄷㄷㄷㄷㄷㄷㄷㄷㄷㄷㄷㄷㄷㄷㄷㄷㄷㄷㄷㄷㄷㄷ 다운로드 ㄱㄱㄱ,5,A영석,2025-02-10,https://play.google.com/store/apps/details?id=com.studymax.maxai_b2c,2026-01-18T16:22:37.361948
maxai_playstore_130,maxai,app_review,playstore,MaxAI,,정말 재밌어요!! 틀린부분을 바로바로 캐치해서 알려주니 정말 도움이 많이 되는거같아요!!,5,hj h,2025-02-10,https://play.google.com/store/apps/details?id=com.studymax.maxai_b2c,2026-01-18T16:22:37.361948
maxai_playstore_131,maxai,app_review,playstore,MaxAI,,원어민 친구가 옆에서 이야기 하는 것처럼 느껴집니다 내가 원하는 시간에 할수있고 사용하기 편리하네요,5,qaz plm,2025-02-09,https://play.google.com/store/apps/details?id=com.studymax.maxai_b2c,2026-01-18T16:22:37.361948
maxai_playstore_132,maxai,app_review,playstore,MaxAI,,Ai가 가르쳐줘서 더 재미있네요:],5,바보,2025-02-08,https://play.google.com/store/apps/details?id=com.studymax.maxai_b2c,2026-01-18T16:22:37.361948
maxai_playstore_133,maxai,app_review,playstore,MaxAI,,"뭔가 신기하긴 한데 큰 매력을 느끼지는 못하겠어요. 어제의 대화는 기억해주는데 그 이전은 안 되고, 발음 인식도 부정확한 편이며, 말하는 도중에 툭툭 끊어버리는 건 학습 의욕을 나락으로 쳐박아버려요. 항상 물어보는 건 비슷비슷해서 항상 비슷한 대답을 하게 되기도 하고요. 제일 불편한 건 음성 인식 수준이 너무너무 떨어진다는 거예요. 맞는 답을 얘기했는데도 계속 오인식으로 전체 문장을 또 처음부터 말해야 하는 경우도 허다하고, 복수형은 그냥 대놓고 엉터리에 가까운 발음을 해줘야 인식이 제대로 됩니다. 리뷰를 남기면 대부분의 답변이 상당히 개선되었다, 개선된 서비스를 준비중이다라고 하시는데 그럼 미완성된 부족한 서비스를 2년 약정으로 팔아버린 거네요. 새로운 컨텐츠 추가도 물론 중요하지만 영어 학습의 핵심 기술인 음성인식부터 어떻게 좀 해주세요. 열심히 문장 말하고 있는데 시간 지났다고 툭툭 자르는 것도 어떻게 좀 하시고요... 한달이 지났는데 나빠졌으면 나빠졌지 나아진게 없네요",1,최환규,2025-02-01,https://play.google.com/store/apps/details?id=com.studymax.maxai_b2c,2026-01-18T16:22:37.361948
maxai_playstore_134,maxai,app_review,playstore,MaxAI,,실제 선생님이 아닌 AI와 수준에 맞춰 대화할 수 있어서 부담스럽지 않고 편해요 시간과 장소에 구애받지 않고 수업을 들을 수 있어서 영어회화 공부하기 좋아요,5,할말없음,2025-01-29,https://play.google.com/store/apps/details?id=com.studymax.maxai_b2c,2026-01-18T16:22:37.361948
maxai_playstore_135,maxai,app_review,playstore,MaxAI,,"연결 안되는 경우가 잦아요! 앱을 지웠다 다시 설치해야 접속이 되고, 어떤 경우에는 몇번을 지웠다 다시 설치해도 안됩니다. 유료로 사용하는건데 원할 때 학습을 할 수 없어서 너무 불편하네요!!!",2,Eunkyung Kwon,2025-01-14,https://play.google.com/store/apps/details?id=com.studymax.maxai_b2c,2026-01-18T16:22:37.361948
maxai_playstore_136,maxai,app_review,playstore,MaxAI,,음성인식률이 낮고 그외 수업구성은 좋으나 AI 수업하기를 누르면 연결이 끊겨 매일 앱을 식제하고 새로 설치함.,3,최하연,2025-01-13,https://play.google.com/store/apps/details?id=com.studymax.maxai_b2c,2026-01-18T16:22:37.361948
maxai_playstore_137,maxai,app_review,playstore,MaxAI,,수업이 재밌어서 질리지 않고 영어공부할수 있어서 좋아요 ai원어민 선생님이 발음도 좋고 귀에 쏙쏙 들어와요,5,류하민,2025-01-13,https://play.google.com/store/apps/details?id=com.studymax.maxai_b2c,2026-01-18T16:22:37.361948
maxai_playstore_138,maxai,app_review,playstore,MaxAI,,"저 같은 완벽주의자에게는 매우매우 추천합니다. 사실 원어민 혹은 영어를 잘하는 사람에게는 완벽히 말해야 한다는 생각에 말도 제대로 못했지만, ai랑 대화한다고 생각하니 틀려도 상관 없단 마인드로 했습니다. 굳이에요!!",5,박병규,2025-01-11,https://play.google.com/store/apps/details?id=com.studymax.maxai_b2c,2026-01-18T16:22:37.361948
maxai_playstore_139,maxai,app_review,playstore,MaxAI,,편하게 잘되어있어요 남들에게 추천합니다 경쟁력 있는 app입니다.,5,김명호,2025-01-11,https://play.google.com/store/apps/details?id=com.studymax.maxai_b2c,2026-01-18T16:22:37.361948
maxai_playstore_140,maxai,app_review,playstore,MaxAI,,중간에 말 좀 쳐끊지 마라. 말할 시간도 충분히 안주고 말하고 있는데 끊어버리는거 개짜증남,1,성시문,2025-01-06,https://play.google.com/store/apps/details?id=com.studymax.maxai_b2c,2026-01-18T16:22:37.361948
maxai_playstore_141,maxai,app_review,playstore,MaxAI,,"스픽도 해보았는데, 스픽보다 좋은점은 내 대화를 기억하고 정말 대화하듯이 질문해주는게 좋아요. 근데 그외에 모든점이 스픽보다 못합니다. 스픽보다 발음인식 정확도가 떨어집니다. 스픽하면서는 내가 말한 대로 인식이 안돼서 다시말한적이 거의 없는데, 얘는 너무심해요. 비용 솔직히 비싼편인데도요. 그리고 내가 아직 말하고 있는데 마음대로 끊어버리는것도 영어공부에 도움이 되지않습니다. 애초에 영어 발화하는데 시간이 오래걸리고 그런눈치안보려고 ai랑 대화하는건데요. 녹음과 스탑버튼이 있는데, 강제로 스탑시키는것때문에 하고싶은말을 다 못한적이 한두번이 아니예요. 마지막으로 레슨 수준이나 난이도도 매우 부족하고 별로입니다. 아직 서비스가 이정도밖에 되지 않는데, 전화상담만으로 경험해보지못하고 2년약정으로 폐쇄적으로 모집하는거 굉장히 별로네요. 등록해서 이틀사용하고 환불 하는데 13만원가량 위약금냈습니다.",1,JH Ko,2025-01-02,https://play.google.com/store/apps/details?id=com.studymax.maxai_b2c,2026-01-18T16:22:37.361948
maxai_playstore_142,maxai,app_review,playstore,MaxAI,,별로네요. 결제하지 않으면 경험해볼 수 있는게 없어요.,1,김한솔,2024-12-27,https://play.google.com/store/apps/details?id=com.studymax.maxai_b2c,2026-01-18T16:22:37.361948
maxai_playstore_143,maxai,app_review,playstore,MaxAI,,먼저 통신이 잘 끊깁니다. 어플의 완성도가 높지 않아서 그런거 같아요. 그리고 ai인데도 대화하다보면 상당히 빡칩니다. 길게 말하면 지가 끊고 대답하고 문장의 완성도가 미흡하다고 피드백 하는게 한두번이 아니에요. 한정된 시간동안 학습해야되니 그러려니 하려 해도 이게 반복되니까 승질이 나요.. ai랑 내가 뭐하는건지 현타도 오고 ㅋㅋ 단어 인식도 잘 못합니다. Park를 fxxking으로 인식해서 욕하지 말라고 경고하는데 억울했어요.. 그리고 잡다한 인식 오류가 많아서 PT수업 때는 계속 다시하라고 뜹니다. 무한반복이에요 ㅋㅋ 말함-> 인식오류->다시 말함-> 오류 개선을 해서 완벽해진 후 판매해주세요 비용도 비싼편이잖아요,1,이혁수,2024-12-21,https://play.google.com/store/apps/details?id=com.studymax.maxai_b2c,2026-01-18T16:22:37.361948
maxai_playstore_144,maxai,app_review,playstore,MaxAI,,"지연이 약간 있긴 하지만, 선생님이 지치지 않는다는 점이 장점",4,Mingyu Jo,2024-12-20,https://play.google.com/store/apps/details?id=com.studymax.maxai_b2c,2026-01-18T16:22:37.361948
maxai_playstore_145,maxai,app_review,playstore,MaxAI,,앱 오류가 너무 심각해요. 삭제했다가 다시 까는 걸 몇번이나 했는지 모르겠어요. 아마 지금까지 다섯번은 넘게 한 것 같아요.(이 리뷰를 남기는 현재 이 시점에도 두번이나 삭제하고 다시 깔았는데 여전히 오류 나서 접속 안 돼요) 근데 다시 깔아도 네트워크 연결 중 문제가 생겼다면서 같은 문제가 계속 반복되면 삭제 후 다시 설치하라고 뜨네요. 진짜 이렇게 심한 오류 나는 어플 처음이에요. 그닥 저렴한 가격도 아니라고 생각하는데 어플 오류부터 제발 빨리 조치 좀 해주세요. 영어 공부를 하고 싶어도 오류 때문에 포기하고 넘어가기도 하고 오히려 무료로 딸려오는 스피킹맥스 두근톡이 훨씬 나은 것 같아요..요즘 맥스ai는 아깝게 돈만 날리고 있고 두근톡만 열심히 하게 되네요..,3,SSEN LIM,2024-12-14,https://play.google.com/store/apps/details?id=com.studymax.maxai_b2c,2026-01-18T16:22:37.361948
maxai_playstore_146,maxai,app_review,playstore,MaxAI,,잘 못알아듣는것같아 내발음 거지인가벼,3,suha Yoon,2024-12-03,https://play.google.com/store/apps/details?id=com.studymax.maxai_b2c,2026-01-18T16:22:37.361948
maxai_playstore_147,maxai,app_review,playstore,MaxAI,,가입시켜놓고 체험도 안되고 결재부터 하라는건 뭔지..어케 진행되는지 퀄리티는 어떤지도 모르고 월에 수십만원 결재하라고? 주1~2회든 매일이든 그냥 월단위 결재? 기존 전화영어보다도 비싼데 대놓고 결재부터 시킴,2,Jennie Bae,2024-12-01,https://play.google.com/store/apps/details?id=com.studymax.maxai_b2c,2026-01-18T16:22:37.361948
maxai_playstore_148,maxai,app_review,playstore,MaxAI,,독학도해보고 인강 수업도 추천으로 여러군데 해봤지만 그렇다할 성과도없구 나에게안맞는건지 기존다종료후 지인추천으로 맥스AI해봄 일단 적응력 귀에 쏙쏙들어오네요 차츰차츰 진행해보려합니다,5,설희낭자,2024-11-22,https://play.google.com/store/apps/details?id=com.studymax.maxai_b2c,2026-01-18T16:22:37.361948
maxai_playstore_149,maxai,app_review,playstore,MaxAI,,아직 시작단계라서 간단한 단어로만 문장을 말하고 있네요 발음도 좋지 않아 영어 말하기에 자신감이 없었는데 혼자 연습하니 자신감과 발음도 나아지는 느낌이네요 꾸준히 해보고 다음엔 영어로 후기를 남겨볼께요ㅎㅎㅎ,5,노광현,2024-11-22,https://play.google.com/store/apps/details?id=com.studymax.maxai_b2c,2026-01-18T16:22:37.361948
maxai_playstore_150,maxai,app_review,playstore,MaxAI,,저 처음으로 사용하는데 잘 이용하겠습니다,5,정희정,2024-11-21,https://play.google.com/store/apps/details?id=com.studymax.maxai_b2c,2026-01-18T16:22:37.361948
maxai_playstore_151,maxai,app_review,playstore,MaxAI,,Ai낌이전혀들지않는자연스러움매칭을통한수준별 공부를할수있읍니다,5,김봉민,2024-11-21,https://play.google.com/store/apps/details?id=com.studymax.maxai_b2c,2026-01-18T16:22:37.361948
maxai_playstore_152,maxai,app_review,playstore,MaxAI,,일단 ai교육이라 부담이 덜되고 회화능력이 반복학습으로 도 늘어나는 효과가있네요. 신기해서 설치하고 써봤는데 기대이상입니다.,5,Zero,2024-11-21,https://play.google.com/store/apps/details?id=com.studymax.maxai_b2c,2026-01-18T16:22:37.361948
maxai_playstore_153,maxai,app_review,playstore,MaxAI,,영알몬이제게 집에서핸드폰으로 할수있다는거자체가 좋은앱입니다~,5,하루작은,2024-11-21,https://play.google.com/store/apps/details?id=com.studymax.maxai_b2c,2026-01-18T16:22:37.361948
maxai_playstore_154,maxai,app_review,playstore,MaxAI,,영어 배우는게 재미있어요.원어민강사 AI가 과외수업처럼 반복시켜주고 교정을 시켜주니 학습능률이 빨리 오르는거 같아요.추천드립니다.,5,남성혁,2024-11-21,https://play.google.com/store/apps/details?id=com.studymax.maxai_b2c,2026-01-18T16:22:37.361948
maxai_playstore_155,maxai,app_review,playstore,MaxAI,,맥스AI 정말 좋습니다 문법부터 발음까지 걱정없이 배울수가 있습니다 강력하게 추천합니다,5,정근수,2024-11-20,https://play.google.com/store/apps/details?id=com.studymax.maxai_b2c,2026-01-18T16:22:37.361948
maxai_playstore_156,maxai,app_review,playstore,MaxAI,,"영어때문에 인강도 들어보고 어학학원도 많이 다녀봤는데. 별로 실력이 늘지 않았는데, 이 앱은 일대일로 AI코칭을 해 주니 부담도 없고 말하기도 편해요. 안 되면 반복학습으로 도움을 주니 실력이 많이 느는것 같아요.",5,바다꿀잼,2024-11-20,https://play.google.com/store/apps/details?id=com.studymax.maxai_b2c,2026-01-18T16:22:37.361948
maxai_playstore_157,maxai,app_review,playstore,MaxAI,,공부는 역시 꾸준해야하는데.낵스ai가 나를 꾸준하게 만들어주네요.,5,손우철,2024-11-20,https://play.google.com/store/apps/details?id=com.studymax.maxai_b2c,2026-01-18T16:22:37.361948
maxai_playstore_158,maxai,app_review,playstore,MaxAI,,영어 공부를 하려고 했는데 마침 딱 좋은 앱이 있어서 설치했는데 너무 재밌고 효율적이네요,5,무늬,2024-11-20,https://play.google.com/store/apps/details?id=com.studymax.maxai_b2c,2026-01-18T16:22:37.361948
maxai_playstore_159,maxai,app_review,playstore,MaxAI,,와 대박.. 더 자연스럽게 교정해주네요 ㄷㄷ 이제 AI 무서울정도...,5,나은,2024-11-19,https://play.google.com/store/apps/details?id=com.studymax.maxai_b2c,2026-01-18T16:22:37.361948
maxai_playstore_160,maxai,app_review,playstore,MaxAI,,수업 구성이 너무 재미있어요 잘 배우고 갑니다,5,대환조,2024-11-19,https://play.google.com/store/apps/details?id=com.studymax.maxai_b2c,2026-01-18T16:22:37.361948
maxai_playstore_161,maxai,app_review,playstore,MaxAI,,영어울렁증이 있는 저에게 너무 안성맞춤 앱 같아요!실제 원어민 선생님과 대화하는 느낌이라 신선합니다~,5,C S,2024-11-19,https://play.google.com/store/apps/details?id=com.studymax.maxai_b2c,2026-01-18T16:22:37.361948
maxai_playstore_162,maxai,app_review,playstore,MaxAI,,맥스 AI 강추해요. 영어코칭을 일대일 방식으로 AI가 도와주고 반복학습이 정말 도움되네요.,5,이창민,2024-11-19,https://play.google.com/store/apps/details?id=com.studymax.maxai_b2c,2026-01-18T16:22:37.361948
maxai_playstore_163,maxai,app_review,playstore,MaxAI,,실제 원어민 강사보단 AI 와 대화하는거라 틀려도 부담 없고 모바일로 내가 원하는 시간에 언제든 수업을 받을 수 있어서 좋아요.,5,메브メーヴ,2024-11-18,https://play.google.com/store/apps/details?id=com.studymax.maxai_b2c,2026-01-18T16:22:37.361948
maxai_playstore_164,maxai,app_review,playstore,MaxAI,,최고의어플이네요 너무유용한앱이네요.,5,강선민,2024-11-18,https://play.google.com/store/apps/details?id=com.studymax.maxai_b2c,2026-01-18T16:22:37.361948
maxai_playstore_165,maxai,app_review,playstore,MaxAI,,실시간 문장 교정 “메아리 코칭법”및 1:1 밀착케어.원어민MATE기능.초기능화코칭. 인터렉티브코칭등다양한기능과 내용이 효율적이구 참좋네요~^^,5,이충열,2024-11-18,https://play.google.com/store/apps/details?id=com.studymax.maxai_b2c,2026-01-18T16:22:37.361948
maxai_playstore_166,maxai,app_review,playstore,MaxAI,,영어를 진짜 못해서 이번에 알아보다가 이 어플을 우연히 보게 되었는데 되게 좋아요! 공부도 잘 하면서 배우는 중이에요 앞으로도 꾸준히 사용할거예요,5,김서윤,2024-11-18,https://play.google.com/store/apps/details?id=com.studymax.maxai_b2c,2026-01-18T16:22:37.361948
maxai_playstore_167,maxai,app_review,playstore,MaxAI,,재미있는 어플이네요 공부에 도움이 됩니다.,5,마운팅배스,2024-11-18,https://play.google.com/store/apps/details?id=com.studymax.maxai_b2c,2026-01-18T16:22:37.361948
maxai_playstore_168,maxai,app_review,playstore,MaxAI,,영어 공부를 쉽고 편리하게 할 수 있도록 도와주는 유용한 앱입니다.,5,임범균,2024-11-18,https://play.google.com/store/apps/details?id=com.studymax.maxai_b2c,2026-01-18T16:22:37.361948
maxai_playstore_169,maxai,app_review,playstore,MaxAI,,갑자기 이게 모에요. 리뉴얼되고 지금 3번 끊어졌어요. 앱삭제하고 다시 깔아도 안돼요. 간만에 영어 맘잡고 해보려고했더니,1,손재현,2024-11-06,https://play.google.com/store/apps/details?id=com.studymax.maxai_b2c,2026-01-18T16:22:37.361948
maxai_playstore_170,maxai,app_review,playstore,MaxAI,,좋아요~ 도움되었어요,5,앗싸야로,2024-10-27,https://play.google.com/store/apps/details?id=com.studymax.maxai_b2c,2026-01-18T16:22:37.361948
maxai_playstore_171,maxai,app_review,playstore,MaxAI,,"체험수업을 해보니 실재로 선생님과 하는것보다 부담이 덜해서 말하기가 좋았고, 반복해서 하다보니 집중하게 되는 효과가 있어서 계속 공부해보고 싶어집니다.",5,강소영,2024-10-27,https://play.google.com/store/apps/details?id=com.studymax.maxai_b2c,2026-01-18T16:22:37.361948
maxai_playstore_172,maxai,app_review,playstore,MaxAI,,"AI영어 처음 해 봤는데 생각보다 자연스럽고 편하게 할 수 있어서 좋았어요. 잘 못 대답해도 찰떡 같이 잘 알아 듣고 정정도 해주네요. 대화 다 하고 내가한 답변에 대한 피드백과 문법적인 코칭까지 해주는 부분이 있어 좋았어요. 3단계로 학습하는 콘텐츠도 적당한 것 같고, Wrap-up에서는 내가 말한 문장을 토대로 학습하니 수업이 효과적으로 느껴졌어요 ㅎㅎ 학원, 과외는 좀 부담되고,, 그렇다고 책이나 독학으로 하기도 쉽지 않을 것 같을 때 영어 공부 부담 없이 효과적으로 하고 싶을 때 딱인 것 같아요!! 제가 찾던 어플입니다 ㅎㅎㅎ 앞으로 기대되고, 업데이트 많이해주세요~!!",5,TaeGyun Kim,2024-10-27,https://play.google.com/store/apps/details?id=com.studymax.maxai_b2c,2026-01-18T16:22:37.361948
maxai_playstore_173,maxai,app_review,playstore,MaxAI,,체험판 뭐 그런것도 없네여? 뭐 맘에 안들면 환불해 주는거임? 그냥 돈부터 내라?,1,lee jinho,2024-10-23,https://play.google.com/store/apps/details?id=com.studymax.maxai_b2c,2026-01-18T16:22:37.361948
maxai_playstore_174,maxai,app_review,playstore,MaxAI,,"너무 재밌어요! 수업은 AI 원어민 선생님이 진행해 주셔서 발음이나 문법을 잘못 배울 걱정도 없고, 제 단순한 문장들도 고급스럽게 업그레이드 시켜주시고 훨씬 더 자연스럽게 수정해 주셔서 너무 너무 도움이 됐어요. 빨리 AI 선생님보다 영어를 더 잘하게 돼서 원어민 수준이 되고 싶어요! ㅎㅎ",5,Nguyen Ngoc,2024-10-21,https://play.google.com/store/apps/details?id=com.studymax.maxai_b2c,2026-01-18T16:22:37.361948
maxai_playstore_175,maxai,app_review,playstore,MaxAI,,아바타가 움직이면서 말하니까 신기하네요,5,Hyun,2024-10-21,https://play.google.com/store/apps/details?id=com.studymax.maxai_b2c,2026-01-18T16:22:37.361948
maxai_playstore_176,maxai,app_review,playstore,MaxAI,,"수업 시간을 설정해놓았는데 알람도 안 오고 수업도 안 시작해요. 결제 해야되는것 같은데, 왜 수업시간 설정할때 그 시간에 알림이 울린다고 만들어 놓으셨나요? 결제를 해야되는건지 안 해야되는건지 엄청 헷갈렸네요. 뭐가 맞나요?",1,릴리와 줄리Lilly & Jully,2024-10-15,https://play.google.com/store/apps/details?id=com.studymax.maxai_b2c,2026-01-18T16:22:37.361948
maxai_playstore_177,maxai,app_review,playstore,MaxAI,,마지막 통화끝내기전 질문시간있는데 좀길다싶음 지가끊고 답변함 예의 밥말아먹은 ai임 통화중에도 발음이 뭉개지거나 명확한 문장으로 안하면 이상하게 해석하는데 되돌릴수없고 다시 수업받아야함^^ 티켓아까운 사태가 종종발생해서 소소하게 빡침,3,안혜영 (영원90),2024-10-14,https://play.google.com/store/apps/details?id=com.studymax.maxai_b2c,2026-01-18T16:22:37.361948
maxai_playstore_178,maxai,app_review,playstore,MaxAI,,아니 이거 깔아놓고 회원가입부터 란되고 카카오톡도 안되고 게속 나가서 오류가 있다고 뭐라 뜨는데 기대했는데 아쉽네요...,1,정은기,2024-10-08,https://play.google.com/store/apps/details?id=com.studymax.maxai_b2c,2026-01-18T16:22:37.361948
maxai_playstore_179,maxai,app_review,playstore,MaxAI,,설치 진행도 원활치 않다. 삭제했다. 앱 안정화 먼저 신경써야할듯,1,강정규,2024-10-07,https://play.google.com/store/apps/details?id=com.studymax.maxai_b2c,2026-01-18T16:22:37.361948
maxai_playstore_180,maxai,app_review,playstore,MaxAI,,이거설치하고당일날할수없는건가요? 알림이않와요,3,서수정,2024-10-01,https://play.google.com/store/apps/details?id=com.studymax.maxai_b2c,2026-01-18T16:22:37.361948
maxai_playstore_181,maxai,app_review,playstore,MaxAI,,영어 왕초보입니다 무료로도 해보고싶은대 티켓으로 해야하니 아쉽네요 ㅠ,5,뭉이단빙,2024-09-28,https://play.google.com/store/apps/details?id=com.studymax.maxai_b2c,2026-01-18T16:22:37.361948
maxai_playstore_182,maxai,app_review,playstore,MaxAI,,맨날 접속 오류뜨네요. 공부하러 들어갔다가 의욕만 잃어요.,1,이예인,2024-09-01,https://play.google.com/store/apps/details?id=com.studymax.maxai_b2c,2026-01-18T16:22:37.361948
maxai_playstore_183,maxai,app_review,playstore,MaxAI,,"자꾸 끊기더니, 오늘은 아예 수업을 들을수가 없었어요. 핸드폰처럼 2년계약약정이면서 이런식으로 답답해서 어떻게 2년을 듣나요? 사은품도 아직 못받았으니 환불해주세요.",1,구분홍,2024-08-27,https://play.google.com/store/apps/details?id=com.studymax.maxai_b2c,2026-01-18T16:22:37.361948
maxai_playstore_184,maxai,app_review,playstore,MaxAI,,"데이터를 켜도 와이파이를 켜도 레슨을 시작할 수 없다고 안내가 뜹니다,, 정말 공부하고 싶어서 돈 들여 공부하는데 잦은 오류가 아쉽네요. 오류 해결 부탁드립니다.",3,이수정,2024-08-27,https://play.google.com/store/apps/details?id=com.studymax.maxai_b2c,2026-01-18T16:22:37.361948
maxai_playstore_185,maxai,app_review,playstore,MaxAI,,"영어 공부하면서 통신 장애가 빈번하게 발생되어 수업을 한번도 제대로 한적이 없습니다. 그래서 해지를 하려고 했더니 통신장애를 인정하면서 위약금은 면제해준다고 하는데 사은품 인바디는 개봉했다고 341,000원에 구매해야 한다고 하네요.. 통신으로 수업하는건데 통신장애가 잦게 일어나는데 어떻게 수업을 제대로 할 수 있나요? 이건 프로그램 개발이 완전하지 않은 상태에서 소비자들에게 판매를 한 것 입니다. 거기에 대한 책임을 판매자가 가지셔야지 왜 소비자한테 떠넘기십니까? 영어공부 이번에 정말 열심히 하려고 구매했는데 통신장애, 폰 렉걸림, 정신적인 스트레스, 의욕 상실 등 피해가 이만저만이 아니네요.. 근데 어제는 통신장애가 있었고 오늘은 통신장애가 없다고 수업을 다시 하라는 식으로 당당하게 말씀하시는데, 제가 AI인가요? ?",1,Y,2024-08-19,https://play.google.com/store/apps/details?id=com.studymax.maxai_b2c,2026-01-18T16:22:37.361948
maxai_playstore_186,maxai,app_review,playstore,MaxAI,,관리안하시나요? 돈내고 수강하는데 연결이 안되고 다시깔아도 수업안열리는건 이해가안되네요,1,세모쌤,2024-08-18,https://play.google.com/store/apps/details?id=com.studymax.maxai_b2c,2026-01-18T16:22:37.361948
maxai_playstore_187,maxai,app_review,playstore,MaxAI,,"끊김 오류가 너무 잦고, 또 말할 시간을 충분히 주지 않으며, 주수업 주제가 리딩앤 컴프리헨션으로 이루어져있어 아쉽네요.",3,i Ch,2024-07-09,https://play.google.com/store/apps/details?id=com.studymax.maxai_b2c,2026-01-18T16:22:37.361948
maxai_playstore_188,maxai,app_review,playstore,MaxAI,,좋습니다.,5,김세븐,2024-06-21,https://play.google.com/store/apps/details?id=com.studymax.maxai_b2c,2026-01-18T16:22:37.361948
maxai_playstore_189,maxai,app_review,playstore,MaxAI,,다른 AI 앱들도 해봤는데 진짜 선생님과 하는 것 같은 느낌이 들어서 괜찮네요ㅎㅎ 수업이라는 느낌이 딱 들고 다양한 방식으로 영어를 공부해서 좋네요!,5,GWANGHEE LEE,2024-06-21,https://play.google.com/store/apps/details?id=com.studymax.maxai_b2c,2026-01-18T16:22:37.361948
maxai_playstore_190,maxai,app_review,playstore,MaxAI,,그냥 채팅창보고 대화하는게 아니라 아바타랑 대화를 진행해서 현실감 넘치고 진짜 영어 회화가 느는 것 같았어요,5,Sangho Heo,2024-06-11,https://play.google.com/store/apps/details?id=com.studymax.maxai_b2c,2026-01-18T16:22:37.361948
maxai_playstore_191,maxai,app_review,playstore,MaxAI,,너무 잘끊김,1,Subeen Park,2024-06-11,https://play.google.com/store/apps/details?id=com.studymax.maxai_b2c,2026-01-18T16:22:37.361948
maxai_playstore_192,maxai,app_review,playstore,MaxAI,,그래도 여긴 컨텐츠가 좋아서 맨날 AI랑 무슨 말하지 고민할 필요가 없어서 좋은 것 같음,5,Sam Kim,2024-05-30,https://play.google.com/store/apps/details?id=com.studymax.maxai_b2c,2026-01-18T16:22:37.361948
maxai_playstore_193,maxai,app_review,playstore,MaxAI,,업데이트 하니까 알람이 안되요 ㅜㅜ,2,기호,2024-05-30,https://play.google.com/store/apps/details?id=com.studymax.maxai_b2c,2026-01-18T16:22:37.361948
maxai_playstore_194,maxai,app_review,playstore,MaxAI,,화상이나 전화영어보다 훨씬 좋내요. 추천합니다.,5,윤철중,2024-05-03,https://play.google.com/store/apps/details?id=com.studymax.maxai_b2c,2026-01-18T16:22:37.361948
