title,text,rating,author,date,url,company,source_type,source_platform,search_keyword,collected_at
,1/19일까지 강의 자동으로 넘기는 기능 삭제하세요 현재 1/16 강의 자동으로 넘기는 기능 아직 삭제 안하는 중,1,호석,2026-01-16 09:20:54,https://play.google.com/store/apps/details?id=com.siwonschool.siwonschool_android,yanadu,review,playstore,시원스쿨,2026-01-18T14:34:43.273598
,가로모드 지원 좀... 태블릿으로 어플 들어갈 때마다 짜증나서 학습 의욕까지 떨어집니다.,3,YIRANG BAEK,2026-01-15 17:22:51,https://play.google.com/store/apps/details?id=com.siwonschool.siwonschool_android,yanadu,review,playstore,시원스쿨,2026-01-18T14:34:43.273598
,가로지원 안되는거 실화냐 ㅎ,1,Bil Lee (Bil),2026-01-12 16:22:57,https://play.google.com/store/apps/details?id=com.siwonschool.siwonschool_android,yanadu,review,playstore,시원스쿨,2026-01-18T14:34:43.273598
,"배속 조절까지 너무 많은 작동을 요합니다. 건너뛰기는 할 수 없는데 빨리 넘길 수 있는 부분에 너무 많은 시간을 투자하게 됩니다. 화면 터치했을 때, 바로 배속 설정 가능하도록, 화면을 꾹 누르면 2배속 되도록 기능 만들어주셨으면 합니다. 또한 (인강 외)화면 가로 모드가 불가한데, 테블릿으로 강의를 듣다보면 세워서 강의 선택하고 또 눕혀서 강의를 들어야 하다보니 번거로움이 있습니다. 개선 바랍니다.",4,서현,2026-01-10 11:32:57,https://play.google.com/store/apps/details?id=com.siwonschool.siwonschool_android,yanadu,review,playstore,시원스쿨,2026-01-18T14:34:43.273598
,"앱 자체가 사용하는데 어려움은 없으나 강의를 보던중에 일시정지 상태에서 재생바를 옮긴다던지, 5초전으로 간다던지 하면 앱이 고장나버립니다. 반복해서 나타나는데 그럴때마다 앱을 껏다 켜야하는 너무 큰 불편함이 있어요. 수정해주세요.",4,이름없음 (프레시아),2026-01-08 14:39:44,https://play.google.com/store/apps/details?id=com.siwonschool.siwonschool_android,yanadu,review,playstore,시원스쿨,2026-01-18T14:34:43.273598
,앱 실행시 로딩오류 너무 잦음,1,ccc ff,2026-01-02 20:58:34,https://play.google.com/store/apps/details?id=com.siwonschool.siwonschool_android,yanadu,review,playstore,시원스쿨,2026-01-18T14:34:43.273598
,1점도 아까운 쓰레기같은 UI. 리뷰는 다 알바인가요? 본인들도 고객 입장에서 써보면 문제점을 바로 알텐데 왜 개선하지를 않나요? 강의나 교재를 팔았으면 그에 합당한 서비스를 제공하는게 당연한 원칙 아닌가요? 개인적으로 유튜브를 통해 선호하던 강사분 있으셨는데 이후에 졸업을 위해 토익 응시를 해야될 상황이 되더라도 시원스쿨 플렛폼은 다시는 사용하지 않을 것 같네요. 안타깝습니다,1,do ha kim,2025-12-27 14:13:11,https://play.google.com/store/apps/details?id=com.siwonschool.siwonschool_android,yanadu,review,playstore,시원스쿨,2026-01-18T14:34:43.273598
,렉이 너무 잘 걸립니다. 필기하려고 잠깐 정지 버튼 누르면 1분만에 바로 앱 렉 걸리고 꺼집니다. 매번 다시 앱 나갔다 다시 들어와아해서 매우 번거롭습니다,1,이혜령,2025-12-27 14:12:41,https://play.google.com/store/apps/details?id=com.siwonschool.siwonschool_android,yanadu,review,playstore,시원스쿨,2026-01-18T14:34:43.273598
,먹통이 너무잘됨,1,HC Double,2025-12-24 07:45:27,https://play.google.com/store/apps/details?id=com.siwonschool.siwonschool_android,yanadu,review,playstore,시원스쿨,2026-01-18T14:34:43.273598
,제발 태블릿에서 어플 화면 가로모드로 되게 해주세요,3,injeolmeee,2025-12-20 13:10:33,https://play.google.com/store/apps/details?id=com.siwonschool.siwonschool_android,yanadu,review,playstore,시원스쿨,2026-01-18T14:34:43.273598
,삭제후 새로 까니 되네요,5,쫑쓰,2025-12-15 15:26:35,https://play.google.com/store/apps/details?id=com.siwonschool.siwonschool_android,yanadu,review,playstore,시원스쿨,2026-01-18T14:34:43.273598
,별점 처음남기는데 최악입니다... 아니 공부해라고 앱 만든거면서 가로지원 영상볼때 제외하곤 안되는건 괜찮습니다. 근데 앱이 왜이렇게 튕기나요?? 공부하다가 흐름 끊기고 힘드네요 최대한 빠르게 개선 부탁드립니다. 제 태블릿이 잘못된줄 알고 재설치 했는데 걍 이 앱이 문제였네욯ㅎㅎㅎ,1,신수빈,2025-12-13 13:23:03,https://play.google.com/store/apps/details?id=com.siwonschool.siwonschool_android,yanadu,review,playstore,시원스쿨,2026-01-18T14:34:43.273598
,강의 다운로드 받는 방법 좀 바꾸세요. 도대체 이런 UX는 누구 머리에서 나온거에요?,1,msahn (msahn),2025-12-08 09:47:55,https://play.google.com/store/apps/details?id=com.siwonschool.siwonschool_android,yanadu,review,playstore,시원스쿨,2026-01-18T14:34:43.273598
,동영상 현재 위치 조절하는게 너무 아래에 있어요 사용자들 짜증나게 하려고 일부러 위치를 그딴곳에 배치한건가요? 휴대폰으로 볼땨 거의 가장자리라서 개불편합니다,1,JIWON SEO,2025-11-29 16:24:09,https://play.google.com/store/apps/details?id=com.siwonschool.siwonschool_android,yanadu,review,playstore,시원스쿨,2026-01-18T14:34:43.273598
,기능들 작동을 안함 제발 조치좀,1,오하운,2025-11-28 08:31:24,https://play.google.com/store/apps/details?id=com.siwonschool.siwonschool_android,yanadu,review,playstore,시원스쿨,2026-01-18T14:34:43.273598
,처음 리뷰 씁니다. 무한로딩 때문에 환불마렵습니다.,1,김선우,2025-11-27 14:48:44,https://play.google.com/store/apps/details?id=com.siwonschool.siwonschool_android,yanadu,review,playstore,시원스쿨,2026-01-18T14:34:43.273598
,대체 언제 켜지는건가요?,1,유하안,2025-11-20 00:29:16,https://play.google.com/store/apps/details?id=com.siwonschool.siwonschool_android,yanadu,review,playstore,시원스쿨,2026-01-18T14:34:43.273598
,자주 튕김,1,호석,2025-11-14 11:01:43,https://play.google.com/store/apps/details?id=com.siwonschool.siwonschool_android,yanadu,review,playstore,시원스쿨,2026-01-18T14:34:43.273598
,외국에서 여행하면서 공부하려고 신청했는데 강의 다운로드는 가능한데 실행이 안돼요. 오프라인에서 예전엔 잘 됐는데 갑자기 안 되네요,1,김강현,2025-11-13 20:44:51,https://play.google.com/store/apps/details?id=com.siwonschool.siwonschool_android,yanadu,review,playstore,시원스쿨,2026-01-18T14:34:43.273598
,앱에 돈 좀 쓰세요...참 강의료가 얼만데 이걸 아끼냐..,1,do ha kim,2025-11-12 13:09:41,https://play.google.com/store/apps/details?id=com.siwonschool.siwonschool_android,yanadu,review,playstore,시원스쿨,2026-01-18T14:34:43.273598
,패드로 강의 들으려는데 왜 로그인만 하면 어플 먹통되고 실행이 안되나요... 자꾸 프로그램이 응답하지 않는대요ㅋㅋ 강의조차 못듣고있네요,1,귀염뽀쨕,2025-11-09 14:40:04,https://play.google.com/store/apps/details?id=com.siwonschool.siwonschool_android,yanadu,review,playstore,시원스쿨,2026-01-18T14:34:43.273598
,미얀마어 공부에 도움됩니다,5,정진호,2025-11-06 23:50:07,https://play.google.com/store/apps/details?id=com.siwonschool.siwonschool_android,yanadu,review,playstore,시원스쿨,2026-01-18T14:34:43.273598
,앱이 최악입니다 영상 보다가 튕겨서 앱 꺼지고 멀쩡히 공부하다가 끊기니까 정말 별로네요;; 가로모드 지원 안하는것도 그렇고 너무합니다!!!,1,zayden s,2025-11-06 22:30:18,https://play.google.com/store/apps/details?id=com.siwonschool.siwonschool_android,yanadu,review,playstore,시원스쿨,2026-01-18T14:34:43.273598
,최악이네요 촤신폰에 제이터 무제한인데 뚝뚝 끊기고 로딩중은 지멋대로 계속뜨고 장난합니까? 강의 듣는데 짜증만 더럽게 나네요,1,배창섭,2025-11-06 12:53:52,https://play.google.com/store/apps/details?id=com.siwonschool.siwonschool_android,yanadu,review,playstore,시원스쿨,2026-01-18T14:34:43.273598
,아니 어플 깔아서 강의 좀 들으려고 하는데 계속 버퍼링 걸리고 로딩이 제대로 되지도 않고 이게 뭐예요... 돈내고 강의 듣는건데 시간은 시간대로 버리고.. 와이파이 안되나 해서 핫스팟으로 연결해도 안되고 그냥 강의가 원래 그런건지도 모르겠는데 시원스쿨 로고만 끄고 영상 재생 누르면 계속 로딩.. 도대체 로그아웃을 몇번 했는지도 모르겠고 영상 다운받은거 듣는 오프라인 모드도 안되고 가로모드도 안되고 제발 이런 문제점들 좀 개선 해주세요. 영상 좀 보고싶어요 ;;;,1,김지은,2025-11-05 19:04:48,https://play.google.com/store/apps/details?id=com.siwonschool.siwonschool_android,yanadu,review,playstore,시원스쿨,2026-01-18T14:34:43.273598
,아니 좀 어떻게 오프라인상에 다운로드 하는법이 안나왔어요 쓰느라 답답하네 진짜.,1,n non,2025-10-28 22:42:08,https://play.google.com/store/apps/details?id=com.siwonschool.siwonschool_android,yanadu,review,playstore,시원스쿨,2026-01-18T14:34:43.273598
,믿고 보고 듣고 말하는 영어선생님~^^,5,안창숙,2025-10-24 07:28:23,https://play.google.com/store/apps/details?id=com.siwonschool.siwonschool_android,yanadu,review,playstore,시원스쿨,2026-01-18T14:34:43.273598
,여기서 강의듣는거 비추 랙이 너무너무 심함 5분단위 이상의 스킵 자체가 불가능해서 필요한 부분만 다시 보려고 할때마다 앱을 껐다켰다하는 역대급 시간낭비 뻘짓을 해야함,1,suzan lee,2025-10-21 02:18:21,https://play.google.com/store/apps/details?id=com.siwonschool.siwonschool_android,yanadu,review,playstore,시원스쿨,2026-01-18T14:34:43.273598
,강의는 좋은데 어플이 안켜질때가 상당히 자주있음,1,반터,2025-10-19 18:34:12,https://play.google.com/store/apps/details?id=com.siwonschool.siwonschool_android,yanadu,review,playstore,시원스쿨,2026-01-18T14:34:43.273598
,베트남어 배우려고 시작했는데 너무 쉽게 잘 알려주시네요..열심히 배우겠습니다,5,이동혁,2025-10-17 09:39:32,https://play.google.com/store/apps/details?id=com.siwonschool.siwonschool_android,yanadu,review,playstore,시원스쿨,2026-01-18T14:34:43.273598
,"최악. 가로모드 안 되는 거 참고 썼는데, 이제 어플 완전 먹통 되어서 삭제 후 재설치해도 강의 재생 안 되고 웹페이지는 태블릿 지원을 안 함. 시원스쿨은 구멍가게인가?",1,ᄆᄌ,2025-10-14 22:16:32,https://play.google.com/store/apps/details?id=com.siwonschool.siwonschool_android,yanadu,review,playstore,시원스쿨,2026-01-18T14:34:43.273598
,어플이 안열리는데요 갤럭시씁니다. 전엔안이랬습니다. 다시깔아도 잠깐되다 몇번다시들어가면 안되요.,1,Jerry (milktealuv),2025-10-14 17:42:43,https://play.google.com/store/apps/details?id=com.siwonschool.siwonschool_android,yanadu,review,playstore,시원스쿨,2026-01-18T14:34:43.273598
,삼성 폰으로 앱을 열려고 할 때 먹통된 상태에서 5분에서 8분 검은 화면만 나와서 결국엔 앱을 삭제해서 다시 설치해야 함. 수십 번 해 봤지만 나아지지 않음. 담당자와 통화해도 좋아지는게 없음. 그럴 리가 없다는 식으로 대응. 앱 관리 직원이 몇 명이냐는 질운에 어물쩍 거리는 거 보니 관리 직원 따로 없나 봄. 나 같은 리뷰가 많은 거 보니 혼자만의 문제가 아닌 듯 한데 그 부분도 모르쇠로 일관. 사업에 기본 태도가 안 됨.,1,문선영,2025-10-09 16:17:25,https://play.google.com/store/apps/details?id=com.siwonschool.siwonschool_android,yanadu,review,playstore,시원스쿨,2026-01-18T14:34:43.273598
,앱이 안얄랴요 ㅠㅠ 매일 앱 삭제 후 다시 로그인하여 이용하고 있어요 제발 고쳐주세요,1,정보희,2025-10-07 21:11:28,https://play.google.com/store/apps/details?id=com.siwonschool.siwonschool_android,yanadu,review,playstore,시원스쿨,2026-01-18T14:34:43.273598
,시원스쿨프랑스로 열심히 공부하고 있습니다,5,오승환,2025-10-07 13:19:43,https://play.google.com/store/apps/details?id=com.siwonschool.siwonschool_android,yanadu,review,playstore,시원스쿨,2026-01-18T14:34:43.273598
,강의 수강이 아닌 스터디 타이머 사용 시 화면을 계속 켜고 있어야만 반영되는 점 매우 불편. 화면 끄면 기록도 사라짐.,3,김도연,2025-10-03 16:39:17,https://play.google.com/store/apps/details?id=com.siwonschool.siwonschool_android,yanadu,review,playstore,시원스쿨,2026-01-18T14:34:43.273598
,앱 개판임. 리소스 엄청 먹어대고 앱만 켜면 기기가 먹통이 되어버림. 1개월짜리 결재해서 천만 다행이지 비싼거 1년짜리 결재했다가 피볼뻔... 강의가 좋아도 앱이 개차반이라 들을 수가 없음.,1,Homebound퇴근길,2025-10-01 09:23:32,https://play.google.com/store/apps/details?id=com.siwonschool.siwonschool_android,yanadu,review,playstore,시원스쿨,2026-01-18T14:34:43.273598
,실행이 잘 안되어 몇 번 다시 열어야 할때가 있음,3,SY Kim,2025-09-29 18:34:25,https://play.google.com/store/apps/details?id=com.siwonschool.siwonschool_android,yanadu,review,playstore,시원스쿨,2026-01-18T14:34:43.273598
,강의 재생이 원활하지않습니다 앞부분 다시 들으려고 멈췄다가 다시 재생하면 재생이 되지않아서 앱을 다시 실행해야합니다 공부흐름이 확 깨져요 동영상 강의 어플중에 최악이네요,1,소소,2025-09-24 11:39:06,https://play.google.com/store/apps/details?id=com.siwonschool.siwonschool_android,yanadu,review,playstore,시원스쿨,2026-01-18T14:34:43.273598
,책과 같은 예시들이었으면 좋겠습니다 교재와 다른예시들이라 정신이 없어요,4,지호근,2025-09-21 23:14:01,https://play.google.com/store/apps/details?id=com.siwonschool.siwonschool_android,yanadu,review,playstore,시원스쿨,2026-01-18T14:34:43.273598
,좋습니다,5,야디어몰리나,2025-09-21 14:41:00,https://play.google.com/store/apps/details?id=com.siwonschool.siwonschool_android,yanadu,review,playstore,시원스쿨,2026-01-18T14:34:43.273598
,직장인이 공부하기 좋은 최고의 앱 제공해 주네요~~ 하오 하오~~,5,김용환,2025-09-18 12:49:43,https://play.google.com/store/apps/details?id=com.siwonschool.siwonschool_android,yanadu,review,playstore,시원스쿨,2026-01-18T14:34:43.273598
,렉 자주 걸리고 영상 스킵도 한 번을 안 빼먹고 버벅이고 전체적으로 프로그래밍 좀 다시 했으면. 강의영상 보면서 흐름 이렇게 후지게 끊기는 건 처음.,1,문상호,2025-09-14 23:03:49,https://play.google.com/store/apps/details?id=com.siwonschool.siwonschool_android,yanadu,review,playstore,시원스쿨,2026-01-18T14:34:43.273598
,갤탭 쓰고 있는데 강의 10분 정도 들으면 갑자기 렉 걸리면서 먹통이 돼요ㅠ,1,박민재,2025-09-13 21:39:28,https://play.google.com/store/apps/details?id=com.siwonschool.siwonschool_android,yanadu,review,playstore,시원스쿨,2026-01-18T14:34:43.273598
,강의자체는 공부하는데 유용하지만 오류 너무많이떠서 진짜 어플한번쓸때마다 몇번을 껐다켰다 난리를쳐야하는지 모릅니다,1,jisoo noh,2025-09-07 12:11:34,https://play.google.com/store/apps/details?id=com.siwonschool.siwonschool_android,yanadu,review,playstore,시원스쿨,2026-01-18T14:34:43.273598
,괜찮은데 강의 다운로드가 혼자 뚝 끊길 때가 있어서 불편해요,4,김현준,2025-09-06 19:20:33,https://play.google.com/store/apps/details?id=com.siwonschool.siwonschool_android,yanadu,review,playstore,시원스쿨,2026-01-18T14:34:43.273598
,"그냥 앱만 만들어놓고 관리를 하지 않는 느낌 안드로이드 태블릿으로 이용하고 있는데 가로모드도 지원하지 않고, 고객센터에서 알려준 대로 강제 가로모드로 하면 영상 재생에 문제가 있음... 강의 유료로 결제하는 사용자들에게 이건 좀 아니다 싶습니다",1,이종민,2025-09-06 12:45:38,https://play.google.com/store/apps/details?id=com.siwonschool.siwonschool_android,yanadu,review,playstore,시원스쿨,2026-01-18T14:34:43.273598
,태블릿으로 듣고 싶은데 가로 버전은 안되는건가요??ㅠㅠ,2,김선진,2025-09-05 16:42:57,https://play.google.com/store/apps/details?id=com.siwonschool.siwonschool_android,yanadu,review,playstore,시원스쿨,2026-01-18T14:34:43.273598
,다 좋은데 가로모드 지원됐으면 좋겠어요 ㅠ,4,hyunbin jung,2025-09-01 21:20:25,https://play.google.com/store/apps/details?id=com.siwonschool.siwonschool_android,yanadu,review,playstore,시원스쿨,2026-01-18T14:34:43.273598
,다시들을려고 되돌리기 몇번하면 먹통되고 어플 닫았다가 다시 열어서 봅니다. 너무 불편합니다,1,sprit .J,2025-09-01 14:55:13,https://play.google.com/store/apps/details?id=com.siwonschool.siwonschool_android,yanadu,review,playstore,시원스쿨,2026-01-18T14:34:43.273598
,어플이 문제인지 서버가 문제인지 강의듣는데 자꾸 끊겨요,1,서지윤,2025-08-31 23:45:21,https://play.google.com/store/apps/details?id=com.siwonschool.siwonschool_android,yanadu,review,playstore,시원스쿨,2026-01-18T14:34:43.273598
,자막을 설정해도 안 뜨네요 ㅠㅠ,3,최지우,2025-08-31 09:37:00,https://play.google.com/store/apps/details?id=com.siwonschool.siwonschool_android,yanadu,review,playstore,시원스쿨,2026-01-18T14:34:43.273598
,랙잘걸림,1,강경민,2025-08-30 14:31:32,https://play.google.com/store/apps/details?id=com.siwonschool.siwonschool_android,yanadu,review,playstore,시원스쿨,2026-01-18T14:34:43.273598
,"영상 재생 시, 실행 오류가 너무 심해요..",2,임종헌,2025-08-27 11:59:56,https://play.google.com/store/apps/details?id=com.siwonschool.siwonschool_android,yanadu,review,playstore,시원스쿨,2026-01-18T14:34:43.273598
,렉걸림 너무 심함,1,소윤,2025-08-25 20:20:55,https://play.google.com/store/apps/details?id=com.siwonschool.siwonschool_android,yanadu,review,playstore,시원스쿨,2026-01-18T14:34:43.273598
,너무쉽게 가르치시고 학습하기 좋습디다,5,김가령,2025-08-25 06:18:32,https://play.google.com/store/apps/details?id=com.siwonschool.siwonschool_android,yanadu,review,playstore,시원스쿨,2026-01-18T14:34:43.273598
,강의는 상시 프로모션가로 비싸게 팔아먹으면서 태블릿으로 강의 들을라면 버그때문에 강의 수강이 순조롭지 않음 오래 방치 중인 문제인데 도대체 언제쯤 업데이트 되는지,1,돔현,2025-08-19 00:24:33,https://play.google.com/store/apps/details?id=com.siwonschool.siwonschool_android,yanadu,review,playstore,시원스쿨,2026-01-18T14:34:43.273598
,"1. 잘 될땐 잘 되는데, 안될땐 아무리 들어가도 버퍼링 엄청 걸리다가 검정화면 나옴 2. 강의 어플인데 기본적인 태블릿을 위한 가로모드 하나 안되어있음 3. 어플에 부하가 커서 그런지 강의 어플임에도 강의 화질을 많이 낮춰놓음 4. 최적화가 전혀 안되어있는게 눈에 보임.. 해커스one 어플 보면서 비교한번 해보세요.. 강의는 참 좋은데 어플이 너무 기본도 안되어있는게 눈에 띄고 몇번이나 재접속했는데도 30분째 강의 5분을 못들어서 리뷰 남기네요",1,김강민,2025-08-14 21:22:25,https://play.google.com/store/apps/details?id=com.siwonschool.siwonschool_android,yanadu,review,playstore,시원스쿨,2026-01-18T14:34:43.273598
,잘안열려요. 열리면 사용가능한데 안열려요,3,E.S K,2025-08-14 17:48:33,https://play.google.com/store/apps/details?id=com.siwonschool.siwonschool_android,yanadu,review,playstore,시원스쿨,2026-01-18T14:34:43.273598
,사용성이 좋음,5,Dong Kyu Kim,2025-08-13 12:49:37,https://play.google.com/store/apps/details?id=com.siwonschool.siwonschool_android,yanadu,review,playstore,시원스쿨,2026-01-18T14:34:43.273598
,good,5,yeoul lim,2025-08-12 22:17:33,https://play.google.com/store/apps/details?id=com.siwonschool.siwonschool_android,yanadu,review,playstore,시원스쿨,2026-01-18T14:34:43.273598
,잘가르쳐주네요,5,yeoul lim,2025-08-11 15:49:27,https://play.google.com/store/apps/details?id=com.siwonschool.siwonschool_android,yanadu,review,playstore,시원스쿨,2026-01-18T14:34:43.273598
,"태블릿 모드 지원이 안되는 게 너무 불편합니다. 강의는 태블릿으로 수강하는 경우가 많은데 시원스쿨은 태블릿에서 홈페이지를 들어가면 영상이 안나오고, 어플로 들어오면 태블릿 가로모드가 지원이 안되는 게 많이 불편합니다. 태블릿 수강자도 편리하게 지원해주셨으면 합니다.",1,권보은,2025-08-10 11:52:10,https://play.google.com/store/apps/details?id=com.siwonschool.siwonschool_android,yanadu,review,playstore,시원스쿨,2026-01-18T14:34:43.273598
,어플 가로모드 지원안되는거 맞나요? 너무 불편합니다.,1,불주먹햄스터,2025-08-08 12:38:47,https://play.google.com/store/apps/details?id=com.siwonschool.siwonschool_android,yanadu,review,playstore,시원스쿨,2026-01-18T14:34:43.273598
,개 불편함. 가로로 돌아가는 기능이 없네요.,1,柳相赫,2025-08-07 17:09:38,https://play.google.com/store/apps/details?id=com.siwonschool.siwonschool_android,yanadu,review,playstore,시원스쿨,2026-01-18T14:34:43.273598
,빈번히 로그인 안 됨. 화질 선택 불가. 배속 조절 옵션 적음. 가로회전 안 됨. 인강어플 중 가장 불편함.,1,이경수,2025-08-06 11:31:02,https://play.google.com/store/apps/details?id=com.siwonschool.siwonschool_android,yanadu,review,playstore,시원스쿨,2026-01-18T14:34:43.273598
,굿,5,최현정,2025-08-03 22:44:32,https://play.google.com/store/apps/details?id=com.siwonschool.siwonschool_android,yanadu,review,playstore,시원스쿨,2026-01-18T14:34:43.273598
,폴드7에서 제대로 작동이 안되고 멀티뷰로 쓰려고하면 먹통이 되네요,1,아버님,2025-07-27 22:14:36,https://play.google.com/store/apps/details?id=com.siwonschool.siwonschool_android,yanadu,review,playstore,시원스쿨,2026-01-18T14:34:43.273598
,최악의 플레이어ㅡㅡ 시원스쿨컨텐츠는좋아서 매일욕하면서 어쩔수없이들음 성격나빠지는 플레이어,1,Vera LEE,2025-07-21 17:49:31,https://play.google.com/store/apps/details?id=com.siwonschool.siwonschool_android,yanadu,review,playstore,시원스쿨,2026-01-18T14:34:43.273598
,UI가 너무 너무 불편합니다. 최악이네여. 터치가 안먹을 때도 있고 렉과 버벅임도 다소 있으며 팝업창 올라오는 것도 불편하네요. 안정성도 그렇게 좋지 못한 것 같아요. 그리고 영상은 항상 720p로만 봐야하나요? 불편하네요,1,Dione H.,2025-07-21 16:19:51,https://play.google.com/store/apps/details?id=com.siwonschool.siwonschool_android,yanadu,review,playstore,시원스쿨,2026-01-18T14:34:43.273598
,최악 강의 퀄리티를 떠나서 이렇게 의견이 많음에도 태블릿모드 가로모드 지원이 안되다니.. 몇년만에 들어왔는데도 아직도 이러면... 규모도 꽤 큰데 대체 왜... 사용자 편의 생각 좀 제발 좀!!!!!!!!!!!!!!!!!!!!!,1,Subi Jang,2025-07-18 21:45:17,https://play.google.com/store/apps/details?id=com.siwonschool.siwonschool_android,yanadu,review,playstore,시원스쿨,2026-01-18T14:34:43.273598
,터치안됨,1,곰상,2025-07-17 12:37:24,https://play.google.com/store/apps/details?id=com.siwonschool.siwonschool_android,yanadu,review,playstore,시원스쿨,2026-01-18T14:34:43.273598
,엎ㄹ이 잘 안열링때가 있습니다만 강의는 참 잘하세요 분량도 소화하기 쉬워요,4,김효순,2025-07-14 23:23:51,https://play.google.com/store/apps/details?id=com.siwonschool.siwonschool_android,yanadu,review,playstore,시원스쿨,2026-01-18T14:34:43.273598
,한 번에 제대로 열린 적이 없는 것 같음. 시간두고 들어가면 또 새로 들어가는 것 마냥 오류가 남. 제발 개선 좀..,1,최은희,2025-07-13 08:58:01,https://play.google.com/store/apps/details?id=com.siwonschool.siwonschool_android,yanadu,review,playstore,시원스쿨,2026-01-18T14:34:43.273598
,홈이랑 강의목록에 가로모드를 만들고 중간중간에 영상 끊어지는 오류를 해결했으면 좋겠네요,1,황해성,2025-07-12 19:55:50,https://play.google.com/store/apps/details?id=com.siwonschool.siwonschool_android,yanadu,review,playstore,시원스쿨,2026-01-18T14:34:43.273598
,"일본어 공부한다고 설치했는데, 강의 듣기 편합니다.",5,이민섭,2025-07-11 11:05:30,https://play.google.com/store/apps/details?id=com.siwonschool.siwonschool_android,yanadu,review,playstore,시원스쿨,2026-01-18T14:34:43.273598
,재미있어요.,5,김지윤,2025-07-09 17:03:56,https://play.google.com/store/apps/details?id=com.siwonschool.siwonschool_android,yanadu,review,playstore,시원스쿨,2026-01-18T14:34:43.273598
,"조금 불편해요 초넘기기 할때 딜레이가 조금 있는거랑 태블릿(갤럭시탭 기준) 으로 전체화면 하지 않으면 세로모드 고정인게 제일 불편하고 듀얼로 화면 띄우면 강의가 전체화면이 풀려서 수강후기 , 목차 이런 ui가 보이는 채로 봐야 하는게 너무 불편해요 ㅠ 그리고 어플에서 강의만 누르면 강의 홈에서 그 강의 자료만 다운 할 수있게 해주면 좋겠어요 1강 재생하기 / 1강 강의자료 다운 이런식으로ㅠㅠ 이것들만 개선 된다면 goat 라고 생각합니다",1,SEUNG JU CHOI,2025-07-09 16:26:04,https://play.google.com/store/apps/details?id=com.siwonschool.siwonschool_android,yanadu,review,playstore,시원스쿨,2026-01-18T14:34:43.273598
,앱 실행할 때 멈춤 현상이 발생하곤 합니다.. pc에서 실행할때 크롬원격접속이 있다고 강제 종료되네요.. 그게 있다는 것만으로 강제종료하는 건 좀 과한 것 같습니다. 원격접속이 실행될 때 감지해서 종료하는 건 어떨런지요.,3,신영철 (suee),2025-07-08 07:45:42,https://play.google.com/store/apps/details?id=com.siwonschool.siwonschool_android,yanadu,review,playstore,시원스쿨,2026-01-18T14:34:43.273598
,자주 다운되요,2,이순희,2025-07-05 20:53:36,https://play.google.com/store/apps/details?id=com.siwonschool.siwonschool_android,yanadu,review,playstore,시원스쿨,2026-01-18T14:34:43.273598
,남미여행가려고 큰 기대안하고 간단한 회화정도만 배우려고 등록했는데 Yessi선생님이 너무 재밌고 쉽게 가르쳐주셔서 스페인어 끝까지 배워보려구요. Yessi샘 최고예요.,5,HANNI CHA,2025-07-04 06:29:10,https://play.google.com/store/apps/details?id=com.siwonschool.siwonschool_android,yanadu,review,playstore,시원스쿨,2026-01-18T14:34:43.273598
,자주 스크린이 정지된다 어학공부에 불편하다 빠른조치를. 바란다.,3,김송미,2025-07-03 10:35:02,https://play.google.com/store/apps/details?id=com.siwonschool.siwonschool_android,yanadu,review,playstore,시원스쿨,2026-01-18T14:34:43.273598
,학습하기 편리합니다,5,최최,2025-07-01 17:11:43,https://play.google.com/store/apps/details?id=com.siwonschool.siwonschool_android,yanadu,review,playstore,시원스쿨,2026-01-18T14:34:43.273598
,"돈내고 수강하는데 화질, 음질이 유튜브보다 안 좋아요",1,Jiwoo,2025-06-30 18:58:27,https://play.google.com/store/apps/details?id=com.siwonschool.siwonschool_android,yanadu,review,playstore,시원스쿨,2026-01-18T14:34:43.273598
,로딩도 원래 오래 걸리다가 매번 리셋해야 했는데 오늘은 아예 열리지도 않네요 최악의 어플 유료결제한 과정 다 후회되네요 진짜 거지같튼 어플이네요,1,Roger Park,2025-06-29 15:29:53,https://play.google.com/store/apps/details?id=com.siwonschool.siwonschool_android,yanadu,review,playstore,시원스쿨,2026-01-18T14:34:43.273598
,왜케 안열려여? 수강할때마다 짜증이.. 잘 되는거보다 안되는 날이 더 많아여,3,방진아,2025-06-21 11:43:28,https://play.google.com/store/apps/details?id=com.siwonschool.siwonschool_android,yanadu,review,playstore,시원스쿨,2026-01-18T14:34:43.273598
,에러가 너무 많이 떠요,1,이쁜은미,2025-06-14 18:55:33,https://play.google.com/store/apps/details?id=com.siwonschool.siwonschool_android,yanadu,review,playstore,시원스쿨,2026-01-18T14:34:43.273598
,실행이 안되요. 화면이 백지상태임,1,PUL맴이,2025-06-12 12:58:15,https://play.google.com/store/apps/details?id=com.siwonschool.siwonschool_android,yanadu,review,playstore,시원스쿨,2026-01-18T14:34:43.273598
,앱 때문에 기기가 자꾸 먹통이 되네요 매일 이래요 강의자체는 좋은데 어플이 자꾸 이러니 강의 듣기가 너무 힘들어요. 처음부터 이래서 일부분을 환불하고 싶다고 하니까 환불도 안된다고 그러고 1년 수강한거 후회중입니다. 시원스쿨 할 마음 있으면 어플 오류 있다는거 인지하고 시작하세요. 저도 이렇게 문제가 있는 어플을 쓰는지 알았더라면 처음부터 시작도 안했을거에요. 차라리 듀오링고나 다른 업체가 앱 오류도 없고 훨씬 편하게 쓸수 있습니다.,1,김예림,2025-06-12 12:32:06,https://play.google.com/store/apps/details?id=com.siwonschool.siwonschool_android,yanadu,review,playstore,시원스쿨,2026-01-18T14:34:43.273598
,60바라보는 나이에 시작하려니 암담했는데 체계적으로 끌어주니 큰 도움이 됩니다.,5,ChangWan Huh,2025-06-08 08:48:01,https://play.google.com/store/apps/details?id=com.siwonschool.siwonschool_android,yanadu,review,playstore,시원스쿨,2026-01-18T14:34:43.273598
,너무 오류가 많이 나고 멈춰요,1,Minji Song,2025-06-07 21:55:28,https://play.google.com/store/apps/details?id=com.siwonschool.siwonschool_android,yanadu,review,playstore,시원스쿨,2026-01-18T14:34:43.273598
,혹시 중국에서 어플실행 안되는건가요?,3,진호배,2025-06-05 07:34:16,https://play.google.com/store/apps/details?id=com.siwonschool.siwonschool_android,yanadu,review,playstore,시원스쿨,2026-01-18T14:34:43.273598
,작년 출시 모델인 갤럭시탭 9인데 삼선 메뉴 버튼 누른 페이지에 뜨는 모든 아이콘이 터치에 반응을 안해서 내강의실에 들어갈 수가 없습니다.,1,이혜영,2025-06-04 23:21:34,https://play.google.com/store/apps/details?id=com.siwonschool.siwonschool_android,yanadu,review,playstore,시원스쿨,2026-01-18T14:34:43.273598
,하 공부할맛 떨어질만큼의 낮은 어플리케이션 수준,1,MINUK JE,2025-05-29 22:18:44,https://play.google.com/store/apps/details?id=com.siwonschool.siwonschool_android,yanadu,review,playstore,시원스쿨,2026-01-18T14:34:43.273598
,불편,1,KangKi깡기,2025-05-27 12:43:01,https://play.google.com/store/apps/details?id=com.siwonschool.siwonschool_android,yanadu,review,playstore,시원스쿨,2026-01-18T14:34:43.273598
,영어가 재미있어져요,5,김인경,2025-05-21 21:39:50,https://play.google.com/store/apps/details?id=com.siwonschool.siwonschool_android,yanadu,review,playstore,시원스쿨,2026-01-18T14:34:43.273598
,앱이 진짜 최악,1,정세인,2025-05-15 22:28:07,https://play.google.com/store/apps/details?id=com.siwonschool.siwonschool_android,yanadu,review,playstore,시원스쿨,2026-01-18T14:34:43.273598
,강의 퍙가 설문조사 컴퓨터버전에서 그만 올려요 한2번까지는 참겠던데 뭐하는건지 진짜.,1,김상훈,2025-05-14 08:13:58,https://play.google.com/store/apps/details?id=com.siwonschool.siwonschool_android,yanadu,review,playstore,시원스쿨,2026-01-18T14:34:43.273598
,기존 앱대비 무언가 버벅임. 튕기는 일도 많고.,2,BC Oh,2025-05-13 12:57:27,https://play.google.com/store/apps/details?id=com.siwonschool.siwonschool_android,yanadu,review,playstore,시원스쿨,2026-01-18T14:34:43.273598
,돈값못함,1,ᄀᄀᄀᄀ,2025-05-12 05:33:38,https://play.google.com/store/apps/details?id=com.siwonschool.siwonschool_android,yanadu,review,playstore,시원스쿨,2026-01-18T14:34:43.273598
,다운로드 불안정 실행도 불안정,1,정재윤,2025-05-04 18:40:45,https://play.google.com/store/apps/details?id=com.siwonschool.siwonschool_android,yanadu,review,playstore,시원스쿨,2026-01-18T14:34:43.273598
,백그라운드로 재생하는데 폰 전체를 먹통으로 만듦,1,남기용,2025-04-29 08:14:09,https://play.google.com/store/apps/details?id=com.siwonschool.siwonschool_android,yanadu,review,playstore,시원스쿨,2026-01-18T14:34:43.273598
,열심히 해볼게요.,5,박슈남매TV,2025-04-29 03:15:36,https://play.google.com/store/apps/details?id=com.siwonschool.siwonschool_android,yanadu,review,playstore,시원스쿨,2026-01-18T14:34:43.273598
,좋아요,5,박현철,2025-04-28 06:36:50,https://play.google.com/store/apps/details?id=com.siwonschool.siwonschool_android,yanadu,review,playstore,시원스쿨,2026-01-18T14:34:43.273598
,다음강의로 넘어갈때 오류가 자주 나서 어플을 껐다 켜야해요,3,정유진,2025-04-22 04:43:19,https://play.google.com/store/apps/details?id=com.siwonschool.siwonschool_android,yanadu,review,playstore,시원스쿨,2026-01-18T14:34:43.273598
,커리큘럼이 좋아요~~,5,주원일,2025-04-18 21:18:46,https://play.google.com/store/apps/details?id=com.siwonschool.siwonschool_android,yanadu,review,playstore,시원스쿨,2026-01-18T14:34:43.273598
,아 갑자기 소리안나오는 버그는 뭐에요 좀;; 계속그러내,1,로위,2025-04-10 22:26:20,https://play.google.com/store/apps/details?id=com.siwonschool.siwonschool_android,yanadu,review,playstore,시원스쿨,2026-01-18T14:34:43.273598
,자주 잘 안돼요. 업글 좀 해야겠어요,3,Tío_Choi,2025-04-08 08:14:57,https://play.google.com/store/apps/details?id=com.siwonschool.siwonschool_android,yanadu,review,playstore,시원스쿨,2026-01-18T14:34:43.273598
,컨셉이 좋네요. 나쁘진 않으나 숨겨진 기능들이 있음. 알면 편하고 모르면 불편. 데이터 문제로 보관함에 다운받아논 파일은 주기적으로 사라짐..;;,4,Tororo,2025-04-07 12:28:10,https://play.google.com/store/apps/details?id=com.siwonschool.siwonschool_android,yanadu,review,playstore,시원스쿨,2026-01-18T14:34:43.273598
,가끔씩 freeze 되는 때가 있어요. 그거 빼곤 사용하기 괜찮습니다. 어차피 강의의 수준 때문에 시원스쿨 이용하는 거니까요.,4,Jinjoo Ryu,2025-04-06 19:01:05,https://play.google.com/store/apps/details?id=com.siwonschool.siwonschool_android,yanadu,review,playstore,시원스쿨,2026-01-18T14:34:43.273598
,서버 렉 관리 좀 해주이소..,3,b j,2025-04-04 14:53:45,https://play.google.com/store/apps/details?id=com.siwonschool.siwonschool_android,yanadu,review,playstore,시원스쿨,2026-01-18T14:34:43.273598
,들어가기가 힘들어요. 클릭 후 멈춘 화면만 멍하니 바라봅니다. 수없이 시도해야 겨우 들어갈까 말까해요.,3,펭J의GP知己,2025-04-04 12:25:40,https://play.google.com/store/apps/details?id=com.siwonschool.siwonschool_android,yanadu,review,playstore,시원스쿨,2026-01-18T14:34:43.273598
,갤럭시탭에서 왜 가로모드 지원 안되나요?,1,JH K,2025-04-02 14:16:06,https://play.google.com/store/apps/details?id=com.siwonschool.siwonschool_android,yanadu,review,playstore,시원스쿨,2026-01-18T14:34:43.273598
,오류가 너무 많아요,2,박은영,2025-03-31 09:56:20,https://play.google.com/store/apps/details?id=com.siwonschool.siwonschool_android,yanadu,review,playstore,시원스쿨,2026-01-18T14:34:43.273598
,컨텐츠는 좋은데 자동재생중 계속 다운되요. ㅡㅡ 시원스쿨플러스 생긴후 나타난증상 여러스마트기기 써봤는데 동일하게 중간에 다운 되요. 아쉽습니다.,1,minjae kim,2025-03-30 03:54:43,https://play.google.com/store/apps/details?id=com.siwonschool.siwonschool_android,yanadu,review,playstore,시원스쿨,2026-01-18T14:34:43.273598
,우리말어순과생각에맞춰이해하기쉬고응용하기쉽게아주좋습니다^^,5,이동영,2025-03-29 07:22:35,https://play.google.com/store/apps/details?id=com.siwonschool.siwonschool_android,yanadu,review,playstore,시원스쿨,2026-01-18T14:34:43.273598
,"진짜 귀찮아서 댓글같은거 안다는데 어플 오류 너무심해요. 동영상 중지한채로 화면 잠깐끄면 작동안되고, 건너뛰려고 넘기면 오류나고요. 언어 학습어플은 아니지만 에듀윌은 전혀 그런 것 없이 어플 실행이 가능합니다. 에듀윌 어플로 자격증 공부하다가 시원스쿨 어플 쓰니까 너무 답답하네요.",1,B D,2025-03-28 13:11:23,https://play.google.com/store/apps/details?id=com.siwonschool.siwonschool_android,yanadu,review,playstore,시원스쿨,2026-01-18T14:34:43.273598
,먹통이 될때가 있어요ㅜㅜ일단 지우고 다시 깔아봅니다ㅡ,4,안미란,2025-03-26 08:11:46,https://play.google.com/store/apps/details?id=com.siwonschool.siwonschool_android,yanadu,review,playstore,시원스쿨,2026-01-18T14:34:43.273598
,"앱실행오류 다수 , 태블릿 이용시 방향전환X",3,김현우,2025-03-22 17:27:15,https://play.google.com/store/apps/details?id=com.siwonschool.siwonschool_android,yanadu,review,playstore,시원스쿨,2026-01-18T14:34:43.273598
,어플이 안열려요....,1,DY J,2025-03-21 02:22:36,https://play.google.com/store/apps/details?id=com.siwonschool.siwonschool_android,yanadu,review,playstore,시원스쿨,2026-01-18T14:34:43.273598
,좋아요,5,이윤희,2025-03-20 01:14:09,https://play.google.com/store/apps/details?id=com.siwonschool.siwonschool_android,yanadu,review,playstore,시원스쿨,2026-01-18T14:34:43.273598
,렉이왤케먹어요,1,메리니,2025-03-19 13:11:02,https://play.google.com/store/apps/details?id=com.siwonschool.siwonschool_android,yanadu,review,playstore,시원스쿨,2026-01-18T14:34:43.273598
,가로모드를 지원하지 않는게 너무 불편합니다.,1,김성문,2025-03-17 16:14:22,https://play.google.com/store/apps/details?id=com.siwonschool.siwonschool_android,yanadu,review,playstore,시원스쿨,2026-01-18T14:34:43.273598
,광고허용알람 거절했는데 계속뜨네요,1,토라,2025-03-14 06:44:04,https://play.google.com/store/apps/details?id=com.siwonschool.siwonschool_android,yanadu,review,playstore,시원스쿨,2026-01-18T14:34:43.273598
,전체화면이 안되는 인강앱은 뭐임...?,2,통영불주먹 핫뜨거뜨거,2025-03-11 14:42:10,https://play.google.com/store/apps/details?id=com.siwonschool.siwonschool_android,yanadu,review,playstore,시원스쿨,2026-01-18T14:34:43.273598
,가로회전이 안됨,1,불꽃강청운,2025-03-10 16:40:58,https://play.google.com/store/apps/details?id=com.siwonschool.siwonschool_android,yanadu,review,playstore,시원스쿨,2026-01-18T14:34:43.273598
,좋습니다~!,5,이동규,2025-03-09 19:40:48,https://play.google.com/store/apps/details?id=com.siwonschool.siwonschool_android,yanadu,review,playstore,시원스쿨,2026-01-18T14:34:43.273598
,방금 전에 깔았는데 화면 회전도 안되고 계속 먹통인데다 태블릿이 멈춰 버럽니다. 앱을 이딴식으로 만들어서 놓고 쓰라고 하는 것도 이해가 안되고 시원스쿨 홈에서 강의를 들으려 해도 태블릿에 최적화도 되지 않아 엉망진창이네요. 괜히 강의 신청 한거 같군요.,1,황훈,2025-03-09 14:02:36,https://play.google.com/store/apps/details?id=com.siwonschool.siwonschool_android,yanadu,review,playstore,시원스쿨,2026-01-18T14:34:43.273598
,굳,4,인자강,2025-03-05 21:15:47,https://play.google.com/store/apps/details?id=com.siwonschool.siwonschool_android,yanadu,review,playstore,시원스쿨,2026-01-18T14:34:43.273598
,다운로드가 자꾸 99%에서 멈춤,1,김김김김김,2025-03-05 00:07:41,https://play.google.com/store/apps/details?id=com.siwonschool.siwonschool_android,yanadu,review,playstore,시원스쿨,2026-01-18T14:34:43.273598
,갤탭s7로 강의듣는데 전체화면이 아니라 왼쪽구석에 조그만 화면으로 영상이 나와요,1,어수현,2025-03-02 12:19:12,https://play.google.com/store/apps/details?id=com.siwonschool.siwonschool_android,yanadu,review,playstore,시원스쿨,2026-01-18T14:34:43.273598
,Tap s8 사용중입니다 다른 리뷰들 읽어봤는데 작년 10월에 화면회전안된다는 리뷰가 4개월이 지난 지금도 변한게 없네요...,2,김진우,2025-03-01 22:30:39,https://play.google.com/store/apps/details?id=com.siwonschool.siwonschool_android,yanadu,review,playstore,시원스쿨,2026-01-18T14:34:43.273598
,1.갤탭에서 강의 외에 가로모드 안되는점 2.알고 있는 내용 강의라 2배속으로 들었더니 50프로 들은처리 되고 수강 안한 걸로 표시돼서 공부할맛 진짜 안나요 3. 오디오 싱크가 너무 잘 안 맞아요 ㅠ 그외엔 유아이도 깔끔하고 편리합니다,3,김성이,2025-02-27 23:24:20,https://play.google.com/store/apps/details?id=com.siwonschool.siwonschool_android,yanadu,review,playstore,시원스쿨,2026-01-18T14:34:43.273598
,기존 시원스쿨 앱 없어서 이거 사용하는데 문제가 좀 있네요 처음 들어갈때마다 튕기고 동영상 앞으로 눌르면 느리거나 튕기고 선생님 말소리랑 입도 안 맞아요 리뷰 보니까 이런지 좀 된것 같은데 너무 방치하시는 거 아닌가요?ㅠ,1,쩡12,2025-02-24 19:04:36,https://play.google.com/store/apps/details?id=com.siwonschool.siwonschool_android,yanadu,review,playstore,시원스쿨,2026-01-18T14:34:43.273598
,너무 좋아요,5,An ByoungGeun,2025-02-22 16:59:18,https://play.google.com/store/apps/details?id=com.siwonschool.siwonschool_android,yanadu,review,playstore,시원스쿨,2026-01-18T14:34:43.273598
,모바일로 쓸 수 있어서 좋긴한데 강의하나에 한번꼴로 앱이 갑자기 꺼지면서 오류뜸,1,정선우,2025-02-22 14:56:50,https://play.google.com/store/apps/details?id=com.siwonschool.siwonschool_android,yanadu,review,playstore,시원스쿨,2026-01-18T14:34:43.273598
,자동회전이 안되는 이유가 먼가? 너무 불편하다.,2,파시시,2025-02-18 11:32:57,https://play.google.com/store/apps/details?id=com.siwonschool.siwonschool_android,yanadu,review,playstore,시원스쿨,2026-01-18T14:34:43.273598
,"가지고 있는 모든 안드로이드 기기에서 렉이 걸리며 아예 볼 수 없는 영상도 있음 S24+, TAB S9 FE+ 리뷰를 보니 예전부터 있었던 현상인데 아직도 고치지 않은 것 같음 고객센터에 수차례 문의했지만 방법이 없다는 말만 돌아옴... 상담원분들이 불쌍할 지경 기술 팀에서 제대로 된 테스트를 해보는지 의심스러움 기기 자체 메모리의 여유는 충분한데 앱이 렉이 걸리며 먹통이 됨 기기초기화, 앱 재설치, 기기 재등록 등등 할 수 있는 모든 방법을 동원했지만 개선되지 않음",1,Kanghyun Moon (Saeschi),2025-02-13 20:11:49,https://play.google.com/store/apps/details?id=com.siwonschool.siwonschool_android,yanadu,review,playstore,시원스쿨,2026-01-18T14:34:43.273598
,사용해본 인강 전용 어플중 제일 최악입니다. 어플 때문에 타 인강으로 갈아탈까 고민될 정도. 초반에는 2점 줬었는데 사용할수록 1점도 아까워서 별점을 수정했습니다. 제발 직접 사용해보고 개선좀 하세요.,1,양이고,2025-02-11 01:22:20,https://play.google.com/store/apps/details?id=com.siwonschool.siwonschool_android,yanadu,review,playstore,시원스쿨,2026-01-18T14:34:43.273598
,편리하게 잘 구성된 앱입니다.,5,산방애월수,2025-02-10 17:31:28,https://play.google.com/store/apps/details?id=com.siwonschool.siwonschool_android,yanadu,review,playstore,시원스쿨,2026-01-18T14:34:43.273598
,강의 재생시 영상 10초 전으로 이동시키면 앱이 먹통됩니다,1,정다우리,2025-02-10 14:53:30,https://play.google.com/store/apps/details?id=com.siwonschool.siwonschool_android,yanadu,review,playstore,시원스쿨,2026-01-18T14:34:43.273598
,다운되는 경우가 종종 발생합니다,3,Google 사용자,2025-02-07 19:33:04,https://play.google.com/store/apps/details?id=com.siwonschool.siwonschool_android,yanadu,review,playstore,시원스쿨,2026-01-18T14:34:43.273598
,자꾸 실행이 멈춥니다,1,luke park,2025-02-06 10:02:27,https://play.google.com/store/apps/details?id=com.siwonschool.siwonschool_android,yanadu,review,playstore,시원스쿨,2026-01-18T14:34:43.273598
,오전부터 계속 들어가보고 있는데 접속이 안돼요. 명절이라고 관리 안하시나요..,1,YM lee (영돌),2025-01-25 14:15:29,https://play.google.com/store/apps/details?id=com.siwonschool.siwonschool_android,yanadu,review,playstore,시원스쿨,2026-01-18T14:34:43.273598
,중단,1,홍진서,2025-01-25 13:29:29,https://play.google.com/store/apps/details?id=com.siwonschool.siwonschool_android,yanadu,review,playstore,시원스쿨,2026-01-18T14:34:43.273598
,저녁이후 집에있는 모든 모바일기기로 접속시도중인데 안되는중.. 추가> 다음날인데 아직안되는중.. 설마설연휴끝날때까지 이러려나,1,박세라티,2025-01-25 13:29:21,https://play.google.com/store/apps/details?id=com.siwonschool.siwonschool_android,yanadu,review,playstore,시원스쿨,2026-01-18T14:34:43.273598
,어플실행이 안되서 삭제 후 재다운로드도 했지만 안되요. 연휴때 열심히 공부해보려했는데 고객센터는 휴무라 연락도 안되네요,1,Zoo Lucky,2025-01-25 12:43:56,https://play.google.com/store/apps/details?id=com.siwonschool.siwonschool_android,yanadu,review,playstore,시원스쿨,2026-01-18T14:34:43.273598
,앱 키면 무한로딩 걸려요.. 강제 중지도 권한설정도 인터넷 연결 와이파이 재설치 등등 다 해봤는데 안됩니다.,1,Leo Lee,2025-01-25 10:45:22,https://play.google.com/store/apps/details?id=com.siwonschool.siwonschool_android,yanadu,review,playstore,시원스쿨,2026-01-18T14:34:43.273598
,어느날부터 무한로딩에 앱닫기로 나와서 앱제거하고 다시깔았는데도 그러네요 이거 왜그런걸까요?,3,100취미,2025-01-25 10:43:57,https://play.google.com/store/apps/details?id=com.siwonschool.siwonschool_android,yanadu,review,playstore,시원스쿨,2026-01-18T14:34:43.273598
,갤럭시 탭 s9 사용자입니다. 리뷰를 아예 안남기는 사람인데 진짜 리뷰 처음 남겨요ㅠㅠ 영어하면 시원스쿨이라 결제한건데 앱이 너무 별로에요.. 가로로 화면전환이 안되는 이유가 뭔가요...? 너무 불편합니다 ㅠㅠ 빨리 개선해주세요 !!! 🔥🔥🔥🔥🔥,1,아정,2025-01-22 17:13:54,https://play.google.com/store/apps/details?id=com.siwonschool.siwonschool_android,yanadu,review,playstore,시원스쿨,2026-01-18T14:34:43.273598
,진짜 앱 과리 안하나.. 한번에 로그인 되는 경우도 없고 강의 듣다가 팅겨나가고.. 시원스쿨은 돈내고 강의듣는사람 농락하는건지,1,JY K,2025-01-19 16:37:59,https://play.google.com/store/apps/details?id=com.siwonschool.siwonschool_android,yanadu,review,playstore,시원스쿨,2026-01-18T14:34:43.273598
,가로모드가 안돼서 불편하네요,1,임학주,2025-01-19 15:09:07,https://play.google.com/store/apps/details?id=com.siwonschool.siwonschool_android,yanadu,review,playstore,시원스쿨,2026-01-18T14:34:43.273598
,앱업데이트할때 이상한거 하지말고 오류나 고쳐라...뭔 30분 듣는데 4번 오류 미친거아니냐고....하....진짜 짜증나 내가 내 돈 내고 공부하겠다는데 진짜 짜증나네,1,김하연,2025-01-17 23:31:54,https://play.google.com/store/apps/details?id=com.siwonschool.siwonschool_android,yanadu,review,playstore,시원스쿨,2026-01-18T14:34:43.273598
,전체 화면을 보면 화면이 한 방향만 되는 건가요? 전에는 폰 방향을 바꾸면 그 방향대로 화면이 변경이 되었는데.. 변경이 되지 않으니 매우 불편하니.. 빨리 고쳐주세요~ 전에는 변경이 되었는데..,1,안진호,2025-01-17 15:57:28,https://play.google.com/store/apps/details?id=com.siwonschool.siwonschool_android,yanadu,review,playstore,시원스쿨,2026-01-18T14:34:43.273598
,앱이 자꾸 먹통이 됩니다. 고쳐주세요.,2,Taeyoung S,2025-01-17 06:10:43,https://play.google.com/store/apps/details?id=com.siwonschool.siwonschool_android,yanadu,review,playstore,시원스쿨,2026-01-18T14:34:43.273598
,앱 깔끔하게 잘 만들었네요,5,Galgor56 K,2025-01-06 00:21:07,https://play.google.com/store/apps/details?id=com.siwonschool.siwonschool_android,yanadu,review,playstore,시원스쿨,2026-01-18T14:34:43.273598
,잘 이용하고 있습니다.^^ 그런데 화면 키웠을 때 한쪽 방향으로만 이용이 가능해서 불편합니다. 양쪽 모두 이용할 수 있게 수정 부탁드리겠습니다!,5,채문원,2025-01-05 06:50:53,https://play.google.com/store/apps/details?id=com.siwonschool.siwonschool_android,yanadu,review,playstore,시원스쿨,2026-01-18T14:34:43.273598
,개발자좀 바꾸셈 ㅋㅋ 외주 돌려도 이거보단 낫겠다 앱이 계속 튕기는데 개발자 최저시급으로 씀??,1,유동규,2025-01-04 17:47:16,https://play.google.com/store/apps/details?id=com.siwonschool.siwonschool_android,yanadu,review,playstore,시원스쿨,2026-01-18T14:34:43.273598
,앱을 통해 열심히 공부하고 있는 학생입니다. 중간에 벽돌되서 앱이 닫히는 건 램이 큰 기기를 사용하니 어느정도 해결되었네요. 이거땜에 태블릿 네종류랑 폰 세종류 써봤는데 8g이하는 오류가 잘나고 12g이상되니 좀 덜 나네요. 그리고 sd카드에 다운 받는건 포기하는게 정신건강에 좋아요....ㅋㅋ 그리고 다운 받은 파일들 중에 오류난 파일이 지워지지가 않는게 제일 큰 어려움입니다. 오류 안 나게 하려고 하나씩 받아도 오류는 생기네요. 오류가 생기면 지워지지도 않고 플레이 자체가 안됩니다.... 이거 제발 좀 고쳐주세요.... 이러면 앱 지우고 다시 까는 수밖에 없는데 다시 또 다운 받으려면 짜증납니다.... 무료회원도 아니고 돈내고 듣는 사람들입니다. 앱 후기들 보면 오래 전부터 있던 증상들인거 같은데 복잡하게 만들지 마시고 기본에 충실한 앱이 되었으면 하는 바램입니다....,2,Yamu Yami,2025-01-04 10:18:34,https://play.google.com/store/apps/details?id=com.siwonschool.siwonschool_android,yanadu,review,playstore,시원스쿨,2026-01-18T14:34:43.273598
,로그인 후 오류로 접속불가합니다 25년 1월 1일에도 로그인 안되네 뭐하는거임?,1,메이나,2025-01-02 00:25:18,https://play.google.com/store/apps/details?id=com.siwonschool.siwonschool_android,yanadu,review,playstore,시원스쿨,2026-01-18T14:34:43.273598
,"너무나 힘들게 경험했던 플러스앱이라 지금도 여전히,,,,",3,김송미,2024-12-28 12:25:14,https://play.google.com/store/apps/details?id=com.siwonschool.siwonschool_android,yanadu,review,playstore,시원스쿨,2026-01-18T14:34:43.273598
,진짜.. 심한 말 나올정도로 불편합니다 자꾸 태블릿이 멈춥니다.. 아니 탭이 그 순간 랙걸려서 운영되지 않고 가로모드 지원하지 않으신가요? 모바일 전용인지 모르겠습니다,1,TE TE,2024-12-22 21:24:58,https://play.google.com/store/apps/details?id=com.siwonschool.siwonschool_android,yanadu,review,playstore,시원스쿨,2026-01-18T14:34:43.273598
,강의는좋지만. 최악의. 어플환경,1,Vera LEE,2024-12-19 15:19:11,https://play.google.com/store/apps/details?id=com.siwonschool.siwonschool_android,yanadu,review,playstore,시원스쿨,2026-01-18T14:34:43.273598
,good!,5,정운기,2024-12-18 09:47:07,https://play.google.com/store/apps/details?id=com.siwonschool.siwonschool_android,yanadu,review,playstore,시원스쿨,2026-01-18T14:34:43.273598
,실행 중에 오류가 너무 많이 납니다....ㅠㅠ,2,Yamu Yami,2024-12-14 11:33:28,https://play.google.com/store/apps/details?id=com.siwonschool.siwonschool_android,yanadu,review,playstore,시원스쿨,2026-01-18T14:34:43.273598
,에러가 많음,1,박태호,2024-12-13 15:44:51,https://play.google.com/store/apps/details?id=com.siwonschool.siwonschool_android,yanadu,review,playstore,시원스쿨,2026-01-18T14:34:43.273598
,처음 앱 실행할때 아이콘 뜨면서 무한로딩 걸릴때가 많아요. 그래서 앱 강제종료 후 다시 킵니다. 이것말곤 인터페이스나 디자인이나 퀄리티나 데이터나 완전 대만족입니다! 감사합니다,5,럽유셀,2024-12-09 23:02:39,https://play.google.com/store/apps/details?id=com.siwonschool.siwonschool_android,yanadu,review,playstore,시원스쿨,2026-01-18T14:34:43.273598
,"왜 태블릿에서는 자꾸 자동으로 꺼지나요?? 10분도 못듣고 계속 꺼짐,, 앱이라고 할 가치가 없긴 합니다.",1,skyblue skyblue,2024-12-08 13:17:02,https://play.google.com/store/apps/details?id=com.siwonschool.siwonschool_android,yanadu,review,playstore,시원스쿨,2026-01-18T14:34:43.273598
,메인화면 가로버전 필요합니다 세로 가로 왔다갔다 하는 거 보는 입장에서 굉장히 불편합니다,2,윤형권,2024-12-08 11:37:09,https://play.google.com/store/apps/details?id=com.siwonschool.siwonschool_android,yanadu,review,playstore,시원스쿨,2026-01-18T14:34:43.273598
,모바일바탕화면에 설치한앱이 열리지않아요 Play스토어가서 매번 열기해야되니 굉장히 번거롭네요. 그거라도 한번에 열리면 감사하네요.에휴,1,루나,2024-12-08 10:22:31,https://play.google.com/store/apps/details?id=com.siwonschool.siwonschool_android,yanadu,review,playstore,시원스쿨,2026-01-18T14:34:43.273598
,"내가 꽁짜로 수업듣는것도 아니고 최악의 어플을 만드셨네요. 기존 어플은 사용도 못하게 해놓고!!! 최악인 점 1. 앱 기동시 무한로딩, 멈춤 2. 앱 무한로딩 시 폰도 같이 버벅거림 3. 기존 앱보다 편의, 가독성 떨어짐 4. 영상 시청 시 진행단계 판단 어려움 갑자기 0프로에서 47프로 점프 5. 버그 개선될까? 매번 업뎃해도 여전한 무한로딩ㅋㅋ 수강료 받으셔서 최악의 앱개발로 수강생 불편과 돈 날리신거 축하드립니다. 앱검증은 안하셨나봐요? 원래 리뷰 잘 안남기는데, 수강을 아직 백일도 넘게 해야하기에 시간아까워도 남겨요.",1,jaeyun jung,2024-12-07 12:37:01,https://play.google.com/store/apps/details?id=com.siwonschool.siwonschool_android,yanadu,review,playstore,시원스쿨,2026-01-18T14:34:43.273598
,일본어 공부하기 좋은 앱,5,한미애,2024-12-07 06:48:55,https://play.google.com/store/apps/details?id=com.siwonschool.siwonschool_android,yanadu,review,playstore,시원스쿨,2026-01-18T14:34:43.273598
,백그라운드 재생시 지속적으로 멈추는 현상이 생기네요 이용이 불편해요,3,wj Joo,2024-12-05 12:11:17,https://play.google.com/store/apps/details?id=com.siwonschool.siwonschool_android,yanadu,review,playstore,시원스쿨,2026-01-18T14:34:43.273598
,다시 깔아도 열리지도 않고 바뀌기 전 앱이 좋았는데 어쩌라는 것인지?,1,마음동동,2024-12-04 19:17:10,https://play.google.com/store/apps/details?id=com.siwonschool.siwonschool_android,yanadu,review,playstore,시원스쿨,2026-01-18T14:34:43.273598
,버퍼링도 심하고 강의화면도 갑자기 까만색으로 바뀝니다. 기계문제인줄 알고 다른기기로 들어도 똑같아요,1,제리,2024-12-03 13:54:43,https://play.google.com/store/apps/details?id=com.siwonschool.siwonschool_android,yanadu,review,playstore,시원스쿨,2026-01-18T14:34:43.273598
,무료도 아니고 유료인데 어플이 너무 사용하기 불편함,1,신규식,2024-12-02 21:07:45,https://play.google.com/store/apps/details?id=com.siwonschool.siwonschool_android,yanadu,review,playstore,시원스쿨,2026-01-18T14:34:43.273598
,백그라운드 끊기고 프리징거려요,1,김대성,2024-12-02 19:55:50,https://play.google.com/store/apps/details?id=com.siwonschool.siwonschool_android,yanadu,review,playstore,시원스쿨,2026-01-18T14:34:43.273598
,자꾸 로딩중이고 응답없음으로 중단되고 재대로 강의를 들을 수가 없어요,1,노지현,2024-12-02 06:59:42,https://play.google.com/store/apps/details?id=com.siwonschool.siwonschool_android,yanadu,review,playstore,시원스쿨,2026-01-18T14:34:43.273598
,갤텝 전체화면이 안되죠....?,2,정준령,2024-11-28 16:30:21,https://play.google.com/store/apps/details?id=com.siwonschool.siwonschool_android,yanadu,review,playstore,시원스쿨,2026-01-18T14:34:43.273598
,한번씩 렉 걸림과 화면이 안뜰때 있는데 개선해주세요,4,성다혜,2024-11-27 09:49:38,https://play.google.com/store/apps/details?id=com.siwonschool.siwonschool_android,yanadu,review,playstore,시원스쿨,2026-01-18T14:34:43.273598
,굿,5,두머수,2024-11-27 08:35:03,https://play.google.com/store/apps/details?id=com.siwonschool.siwonschool_android,yanadu,review,playstore,시원스쿨,2026-01-18T14:34:43.273598
,옛날 보다 아주못합니다.,1,jang ha Seo,2024-11-26 07:39:39,https://play.google.com/store/apps/details?id=com.siwonschool.siwonschool_android,yanadu,review,playstore,시원스쿨,2026-01-18T14:34:43.273598
,너무너무 불안정하고 사용시 오류많음 온라인 어학업체가 앱이 이리 불안정하면 어떻게 수업을 듣나 ㅠㅠ,1,YOUN SEO KI,2024-11-24 19:12:20,https://play.google.com/store/apps/details?id=com.siwonschool.siwonschool_android,yanadu,review,playstore,시원스쿨,2026-01-18T14:34:43.273598
,사용중에 갑자기 멈추거나 다음강의로 멋대로 넘어갑니다. 또한 재생 일시정지 등의 실행시에도 버벅거려서 강의 영상 시청에 매우 방해가 됩니다. 2024.11.09 현재 다시 사용해보니 처음보다 더욱 최악이네요. fps게임 오래하시거나 아예 에임 좋은 사람 아니면 일시정지 재생 앞으로가기 뒤로가기 하려면 몇번을 터치를 눌러야 하며 데이터 상황 최상임에도 불구하고 로딩이 몇초씩이나 걸리는게 맞는건가 싶습니다. 2024.11.24 현재는 기존에 없던 싱크 불일치도 일어납니다.,1,윤도영,2024-11-24 13:58:15,https://play.google.com/store/apps/details?id=com.siwonschool.siwonschool_android,yanadu,review,playstore,시원스쿨,2026-01-18T14:34:43.273598
,어플실행시 무한로딩상태가 너무 잦아요,2,Minjae Kang (Kang Moosik),2024-11-23 07:51:42,https://play.google.com/store/apps/details?id=com.siwonschool.siwonschool_android,yanadu,review,playstore,시원스쿨,2026-01-18T14:34:43.273598
,"기존 시원스쿨 앱에는 없던 문제가 넘 많음. 갤럭시 폴드에서 가로모드 시 영상 반대방향으로 안 되고, 전체화면 시 그냥 세로로만 늘어나서 화면을 꽉 채움. 강의 80% 진행 시 개같은 팝업 뜨면서 강제로 멈춰버림. 로딩도 느리고, 이 앱 써서 공부하기가 싫을 정도로 짜증남.",1,박찬규,2024-11-22 22:01:04,https://play.google.com/store/apps/details?id=com.siwonschool.siwonschool_android,yanadu,review,playstore,시원스쿨,2026-01-18T14:34:43.273598
,good,3,Seung Hun Lee,2024-11-20 12:03:26,https://play.google.com/store/apps/details?id=com.siwonschool.siwonschool_android,yanadu,review,playstore,시원스쿨,2026-01-18T14:34:43.273598
,"해외에사 사용중인데, 앱이 이전과 다르게.너무 버벅대고 멈춰있네요. 인터넷환경이 차이인건비 모르겠네요.",2,by kim,2024-11-16 21:41:45,https://play.google.com/store/apps/details?id=com.siwonschool.siwonschool_android,yanadu,review,playstore,시원스쿨,2026-01-18T14:34:43.273598
,강제 종료 자주 도ㅐ요,5,강미경,2024-11-15 09:06:35,https://play.google.com/store/apps/details?id=com.siwonschool.siwonschool_android,yanadu,review,playstore,시원스쿨,2026-01-18T14:34:43.273598
,"너무 느리고 버벅거리고, 화면과 음성 속도가 안맞기도 하고, 잠깐 멈췄다가 다시 재생하면 화면이 블랙으로 바뀌고 음성만 나와요 중간중간 앱 오류나서 종료했다가 다시 사용해야 합니다",2,유혜진,2024-11-11 20:33:47,https://play.google.com/store/apps/details?id=com.siwonschool.siwonschool_android,yanadu,review,playstore,시원스쿨,2026-01-18T14:34:43.273598
,학습플래너를 웹페이지로는 확인가능한데 앱에서는 볼 수가 없네요. 웹보단 앱에서 더 많이 공부하는데 앱에서 학습관리와 목표관리가 돼야되는거 아닌가요? 플래너대로 진행되는지 알 수 가 없어요,1,오헤라,2024-11-10 15:49:21,https://play.google.com/store/apps/details?id=com.siwonschool.siwonschool_android,yanadu,review,playstore,시원스쿨,2026-01-18T14:34:43.273598
,제발 가로모드,1,강주훈,2024-11-09 19:36:17,https://play.google.com/store/apps/details?id=com.siwonschool.siwonschool_android,yanadu,review,playstore,시원스쿨,2026-01-18T14:34:43.273598
,"기존에 사용하던 어플도 그랬지만 이 어플이 훨씬 더 터치감이 둔하고 느리며 뒤로가기를 눌러도 같은 장면이 반복되는 경우가 많습니다. 어플을 잠시 내렸다가 다시 켜서 재생을 누르면 검은 화면에서 목소리만 2초 정도 나오고 녹색 화면으로 5초 정도 목소리만 나오는 오류가 있습니다. 또한 기존 어플에서는 제공되지 않던 백그라운드 재생을 도입하였는지 모르겠지만, 한 강의를 듣고 어플을 종료하지 않고 내리거나 화면을 끄면 다음 강의가 이어져 나오는 바람에 다시 켜서 일일이 종료를 해야하는 번거로움이 생겼습니다.",2,윤도영,2024-11-09 15:08:06,https://play.google.com/store/apps/details?id=com.siwonschool.siwonschool_android,yanadu,review,playstore,시원스쿨,2026-01-18T14:34:43.273598
,별 하나도 아깝습니다 시원스쿨 추천하지 않습니다 ! 학습환경이 엉망이에요 고객센타에 불편신고해도 이상이 없다고만 합니다 이렇게 많은 사람들이 불편하다고 하는데도? 개선의지 제로인듯,1,김야옹,2024-11-04 23:01:53,https://play.google.com/store/apps/details?id=com.siwonschool.siwonschool_android,yanadu,review,playstore,시원스쿨,2026-01-18T14:34:43.273598
,탭으로 듣는사람 어떡하라고 UI를 이따구로 해놓냐 전체화면 나오지도않네,1,Jeongyeop Lee,2024-11-03 19:31:58,https://play.google.com/store/apps/details?id=com.siwonschool.siwonschool_android,yanadu,review,playstore,시원스쿨,2026-01-18T14:34:43.273598
,"앱 작동이 정말 정상적이지 않네요. 갤럭시탭에서 사용하는데, 이상한 구성에다가 이렇게 되어야 할 것 같은 기능들도 생각대로 움직이지 않습니다. 제대로 만들어줬으면 좋겠네요",1,BEOM JOONG KIM,2024-11-02 18:43:37,https://play.google.com/store/apps/details?id=com.siwonschool.siwonschool_android,yanadu,review,playstore,시원스쿨,2026-01-18T14:34:43.273598
,아이패드에서는 사용이 안되나요? 설치가 안돼요,1,이재,2024-11-02 17:53:14,https://play.google.com/store/apps/details?id=com.siwonschool.siwonschool_android,yanadu,review,playstore,시원스쿨,2026-01-18T14:34:43.273598
,최악..... 다운로드시 중지되고 더이상 진행도 안되고 중지된 회차 뿐만아니라 모든 재생이 안됨. 이래놓고 돈받는게 사기지..... 직장인들 출퇴근시 모바일로 보는데 이게 도대체 뭐하는짓이냐... 다시 이전앱 갖다놔라,1,zzangdis,2024-11-01 11:24:43,https://play.google.com/store/apps/details?id=com.siwonschool.siwonschool_android,yanadu,review,playstore,시원스쿨,2026-01-18T14:34:43.273598
,어플 실행이 안 돼요,1,이느,2024-11-01 00:21:16,https://play.google.com/store/apps/details?id=com.siwonschool.siwonschool_android,yanadu,review,playstore,시원스쿨,2026-01-18T14:34:43.273598
,"와이파이 풀로터져도 네트워크 연결이 안된다는데 돈 내고 듣는강의인데 입구컷시켜버리시면 어쩌자는건지,,,",1,ck lee,2024-11-01 00:16:56,https://play.google.com/store/apps/details?id=com.siwonschool.siwonschool_android,yanadu,review,playstore,시원스쿨,2026-01-18T14:34:43.273598
