platform,rating,title,text,author,date,version
App Store,3,노쇼에 대한 조치가 너무 부족합니디,서로 약속을 잡은 것인데 튜터 측에서 노쇼를 해버리고 수업권만 띡 쥐어주면 제가 연습하고 기다린 시간은 무엇이 되는 건가요ㅠㅠ,아보카도떡볶이,2026-01-11,9.5.1
App Store,3,아이패드 화면 불편/어플 버벅거림,아이패드로 진행시 앱화면이 작아지거나 이래서 불편하고 모바일도 튜터 스케줄 알람 떠서 누르면 앱 화면 하얗게 되면서 먹통 최근들어 어플 자체에서 버벅거림 심해짐,moogg,2026-01-09,9.5.1
App Store,5,아이패드 최적화,"링글 4개월 째 잘 사용하고 있습니다. 특히 1대1 상담 빠르게 대응해주셔서 좋아요. 예복습할 때 아이패드를 사용하곤하는데, 아이패드 landscape UI도 최적화해주시면 좋겠네요",왈..,2026-01-04,9.5.0
App Store,1,앱 개선 좀 하세요,앱이 너무 무겁고 오류가 잦아요. 무엇보다 수업준비한 내용이 날아갈 때가 많아서 너무 짜증나요. 앱으로 수업 준비도 하고 진행도 하는데 앱이 이 모양이라 공부할 맛이 안나요,룰루벨,2025-12-22,9.4.10
App Store,5,접근이 안돼요,"왠지 지금 next.js 서버 털리셔서 채굴당하고 계실 것 같은느낌인데, npm audit --fix 하셔야할듯",랜덤닉이름,2025-12-22,9.4.10
App Store,3,아이패드 앱 개발 안되나요,"아이패드 활용이 안되는게 넘넘 아쉽네요. 세로모드로 보여지고, 튜터 노트 보기도 어렵구요 ㅠㅠ",zzbora,2025-12-10,9.4.10
App Store,5,훌륭한 영어공부어플,3년이상 쓰고 있지만 넘 만족하고 좋습니다.,팡세77,2025-11-21,9.4.10
App Store,1,광고문자인데 공지인 것 처럼 문자보냄,"앞단에 광고 표시, 후면에 수신거부번호라도 붙어있으면 합법적으로 광고인가보다는 생각이라도 들었을텐데 편법으로 공지인것처럼 광고문자를 보내니 어플 자체에 대한 비호감이 생김",1!1!1!1!1!1111,2025-11-21,9.4.10
App Store,1,앱만 잘만들면 괜찮은 서비스,"제곧내입니다.. 앱 버그가 너무 많아요 앱개발팀에 QA하는 분이 없나요.. 없으면 외주로 줘서라도 하셔야할듯요. 서비스는 좋은데 앱이 못받춰주네요. 아이패드에서 가로로 줌미팅하는것도 안되고,, 질문은 몇번씩을 눌러야 넘어가는건지. 잠깐 다른 앱으로 넘어갔다가 돌아오면 그대로 뻑나버려요. 결국은 앱을 껐다 켜야되는데 몇번씩 끄는질 모르겠어요",901진우짱,2025-10-27,9.4.0
App Store,1,모바일 앱 버벅거림이 너무 심합니다,"링글 서비스 자체는 3년이상 사용중인데 대중교통 이동 중이나 시간이 날 때 모바일로 수업준비를 하려고 하면 어려움이 너무 많습니다. 모바일에서 수업 준비 시 버튼 탭이 잘 되지 않는 문제나, 푸시메시지를 눌러 들어갔을 때 딥링크 연결이 잘 안되서 결국 앱을 재시작해야 하는 문제, 1:1 수업의 예정된 수업을 불러오는 데 로딩이 너무 오래걸리는 문제는 앱 업데이트를 해도 버그가 개선되지 않아 남깁니다. AI 전화 등 신규 기능 개발도 좋지만 기본적인 필수 기능들에 대한 개선이 없으면 만족도가 떨어질 수밖에 없는 것 같습니다.",가보쟈고,2025-10-25,9.4.0
App Store,2,"최악의 ux, 최악의 최적화",너무너무 느리고 버벅거립니다 제가 써본 앱 중에 제일 구려요... 너무 느리고 앱이 너무 구려서 들어가기가 싫어요.,문어입니다,2025-10-04,9.3.0
App Store,5,제발 앱 개선좀,해외살고있는데 앱 진짜 너무 불안정해요. 휴대폰 셋팅이 영어로 바뀌어서 그런지 로그인도 안됨ㅋㅋ아 스트레스,삼성동거북목,2025-09-16,9.2.2
App Store,3,앱 개선 좀 제발,비싼 돈 주고 사용하는데 앱 상태가 오류도 자주나고 개선이 없음 AI 영어 전화는 AI가 안 받음 ㅋㅋㅋㅋ 수업 질문 선택 버튼 맨날 안 눌림 링글 알림 떠서 들어가면 앱 먹통임 백그라운드에서 삭제했다가 다시 들어가야함 개선이 정말 필요합니다..;;,@@2527,2025-08-06,9.2.0
App Store,1,별로,상담사에따라 수업 해지 시 위약금이 있댔다가 없댔다가 말도 맘대로고 신뢰가 안가네요.,zxczxczxvzv,2025-07-07,9.1.8
App Store,1,어플이 안 열려요,"아이폰 유저입니다. 업데이트 최신버전으로 다 되어있구요.
내일 수업 준비하려는데 몇분째 ‘Ringle’ 글자만 뜨고 어플이 켜지지 않습니다. 컴퓨터로만 수업 준비할 수 있는 건가요…",asbdidsoxk,2025-07-07,9.1.8
App Store,1,앱 완성도 떨어져요,"앱이 반웅속도 너무 느리고 계속 끊어지거나 오류가 많습니다. 
회사 계정이라 그냥 참고 쓰지만 빠른개선 되면 좋겠네요.",Mh0070,2025-06-24,9.1.5
App Store,4,링글,진짜 링글 좋아요!!! 근데 아이패드로 수업할때 세로로 보여져서 좀 불편하네요.. 가로로는 지원 안되나요ㅠ,니카모모,2025-06-08,9.1.5
App Store,3,AI calling,"AI 전화 포함 패키지를 구매했는데, 바로 전화하기를 누르면 체험수업을 진행 후 추가결제가 된다고 나옵니다 문의는 어디로 할 수 있는건가요",Harry4191,2025-06-03,9.1.3
App Store,2,로그인안됨,카톡으로 눌렀더니 이미 가입된 번호라 뜨고 네이버도 안되고 개명해서 그런지 어떤 방법으로도 로그인이 안됨 문의하라는데 로그인 화면에 문의하는 창도 없고 어쩌란거임,이거진짜빨리고쳐봐요좀,2025-05-20,8.3.5
App Store,4,앱 안정성 개선 요청,"안녕하세요. 링글 애용자 입니다. 제공되는 기능에 전체적으로 만족합니다. 다만 모바일 앱 안정성에 문제가 많아요
. 앱 백그라운드 실행 이후 재진입시 하얀 화면 만 나오고 무반응 
. 백그라운드 이후 지난 수업 듣기 시 싱크 안맞는 문제 , 구간 제어 안되는 문제
. 백그라운드 이후 404 메시지 문제 등

앱 개선 되면 더욱 나은 서비스가 될 것 같네요. 응원합니다",donkeysama,2025-05-13,8.3.5
App Store,2,모바일 영어 교육 서비스 중 앱 편의성 최하,"1:1 수업 등 중요한 영역에 내용 자체가 로딩되지 않아서 앱 지우고 다시 다운로드 받기만 3-4번입니다

링글 서비스 자체는 좋다고 생각하지만, 요즘 나오는 모바일 영어 교육 서비스랑 비교했을 때, 가격까지 고려한다면 앱 편의성은 최하점이라고 생각합니다",reviewalllllll,2025-05-10,8.3.5
App Store,4,아이패드 버전이 필요해요!,"수업 컨텐츠는 너무너무 만족하고있지만 아이패드로 수업을 듣기는 너무 불편해요ㅠㅠ 물론 컴퓨터로 수업을 듣는게 훨씬 간편한건 맞지만,, 아이패드로 인사이트를 읽거나 수업 준비를 하는데 화면이너무 작게 나와서 늘 불편했습니다.. 꼭 아이패드 버전을 만들어주세요..!! 그리고 인사이트를 읽을때 단어장기능 혹은 사전기능이 있었으면 좋겠어요! 모르는 단어를 찾아보고 저장해두면 훨씬 학습이 편하고 좋을것같습니다!",dhiwndnfhejejs,2025-03-10,8.2.6
App Store,4,메일... 빈도 수 좀 줄여주세요,"앱이랑 기능(문장 피드백), 타겟 충족이 넘 좋다고 생각해요ㅠ 근데 별개로 메일 특히 지금은 알람 껐지만 ........ 너무 많이 와요",noonoooupdate,2025-02-12,8.2.6
App Store,4,유용하게 쓰고 있습니다. 다만 몇가지 개선 부탁드립니다.,"오랜기간동안 링글로 영어공부 하고 있는 유저입니다. 살면서 만나기 힘든 튜터들을 만나 얘기할 수 있어서 참 좋은 것 같아요. 다만 몇가지만 개선해주시면 더 좋을 것 같습니다 !!
- 아이패드로 어플 사용하기가 조금 불편한 것 같아요. 가로모드 지원 부탁 드립니다 ! 
- 컴퓨터에서도 AI튜터 이용 가능하면 더 잘 쓸 수 있을 것 같아요",UJNYILCATX,2025-02-07,8.2.6
App Store,5,아이패드용 앱은 언제 나오나요?,링글 너무 잘쓰고 있습니다 감사합니다! 다만 아이패드용 앱이 없는 점이 너무 아쉽습니다 ㅠ 혹시 언제쯤 개발될까요?,아느므,2025-01-13,8.2.6
App Store,2,들어올 때마다 업데이트하라고,"앱 푸시 알림 떠서 들어갈 때도 그렇고 그냥 앱 열었을 때도 그렇고
몇주째 업데이트하라는 팝업이 계속 떠서 불편해요
앱 최신앱이고 업데이트도 다 되어있습니다",삑삑망고,2024-12-18,8.2.6
App Store,3,서비스는 좋지만 앱/웹 기능 개선이 필요합니다.,"저는 6개월째 링글을 잘 이용하고 있는 mba 준비생입니다.

링글이 다 좋은데 앱/웹 환경에서 작동이 이상한 부분들이 있어요. 분명히 개선이 필요해 보입니다.

1. 모바일에서, 제 눈에 보이는 메뉴를 클릭하면 그 근방에 있는 메뉴로 연결됩니다. 재정렬하라고 로딩 시간을 기다려도 마찬가지예요. 

2. 모바일에서, 어떤 페이지로 들어가면 뒤로 돌아가기, 홈으로 가기 같은 링크가 전혀 없습니다. 그냥 껐다 재접속 해야해요.

3. 웹에서, 어떤 페이지에서 스크롤이 안 내려갑니다. 웨비나 소개 페이지였고, 저는 맥북 유저예요.",lillybrown-,2024-11-08,8.2.5
App Store,1,오류 좀 개선해주세요,Ai튜터로 바뀐 이후로 단어 인식이 전혀 안되고 오류만 떠서 학습 진행을 할 수가 없어요… 벌써 일주일도 넘은것 같은데 빨리 개선좀…,Fudnr,2024-10-30,8.2.5
App Store,1,Ai 튜터,Ai 튜터로 업글되고 나서 프로그램 사용하면 단어를 인식하지 못했다고 나옵니다. 언능 개선 부탁드려요,ㅏㅡ으트ㅜㅇㅇ,2024-10-21,8.2.5
App Store,2,수업 예약 안 되는 버그 픽스,"수업예약이 안 됩니다
시간대까비 누르는 건 되는데
그 이후로 넘어가질 않습니다
빨리 수업 예약하고싶은데 안 돼서 너무 답답하네요
빨리 고쳐주세요!!!!
웹도 마찬가지입니다",소오오오오오오오옹,2024-09-08,8.2.0
App Store,1,지금 렉 장난 아님,빨리 시정해주세여 앱 구동이 안돼요,운양동인기쟁이,2024-09-01,8.1.48
App Store,5,맞춤형 난이도 대박입니당,"인터뷰 대비로 단기로 결제했는데요, 제 니즈에 딱 맞는 튜터를 찾을 수 있는게 최대 장점입니다.
다른 언어도 링글같은 어플이 있다면 배우기 너무 수월할 것 같은데 언어 확장 계획은 없으신가요? 같은 비즈니스 모델로 다른 언어로 확장하는 것도 대박날 것 같아요! 링글팀 응원합니다",흰나비개쩔00,2024-07-05,8.1.41
App Store,1,쿠폰,5만원짜리 쿠폰을 어느 플랜을 구매하든 쓸 수 있는 것처럼 지급하지 않으셨으면 좋겠습니다. 신나서 이용권 구매하러 갔다가 짜게 식습니다.,둔타벅스,2024-06-24,8.1.39
App Store,5,수업준비 모드에서 듣기 할 때,"스크롤이라고 해야될까요? 듣고 있는 부분을 다시 듣거나 앞뒤로 옮기고 싶은데 전혀 작동을 안해요.
화면 나갔다가 다시 들어도 이어듣기 안되고 1초부터 시작인데, 뒤로도 못가니까답답하네요
5초뒤 버튼 이런게 있긴한데 전혀 먹통이에요",hpw해줘요,2024-06-21,8.1.39
App Store,4,알람 눌러도 글로 안 넘어가요 (또…),"이렇게 된지 좀 됐는데.. 개선이 안 되고 있어서 남깁니다. 아이폰 홈, 링글 어플 내 알람 게시판 다 아티클 본 글로 안 넘어가네요

추가: 한번 오류 수정되었다가 또 오류나네요… 뭔가 엉키신듯….",likoo617,2024-06-04,8.1.36
App Store,2,"계속 사용할지는 잘,,,,","수업은 영어 실력 향상에 도움이 되는 것 같긴 한데, 갑작스럽게 인터넷 연결이 안 되거나 하는 등의 이유로 수업에서 나가진 이후에 인터넷 연결 문제를 해결하고 나서 다시 들어갔는데 수업 시간이 끝난 이후라 튜터랑 소통을 할 수 없었던 적이 있었는데, 그 때 튜터랑 소통할 방법이 없어서 아쉬웠던 적이 있었습니다. 그리고 가장 좀 그랬던 점은 별점 5점 안주고 4점만 줘도 굉장히 싫어하고 튜터가 학생에게 보복성?으로 기분 나쁜 코멘트를 남긴다는 점,,,,,,,,돈 내고 수업 들으러 와서 기분 나빠지는 경험을 해서 2달권 끊어놓긴 했는데 계속 사용할지 고민되네요",Ssongg___,2024-05-28,8.1.36
App Store,1,현재 웹화면이 원활하지 않은데 왜이러죠?,어제부터 로그인만하면 화면이 공백으로 넘어가지 않아요 ㅜ 다른 웹 익스플로러로 연결해봐도 같은 상황입니디.... 모바일로 수업듣기 힘든데 빨리 조치해주세요,ghtyasqw,2024-05-15,8.1.36
App Store,1,기본적인 튜터 훈련 좀..,튜터 다섯명 중 두명의 표정이나 말투가 너무 불친절합니다,구둥우우욷,2024-05-12,8.1.36
App Store,3,모바일로 학습시 활용에 제한이 있음,"Pc 보다는 모바일로 학습을 하는데 작은 화면에서는 학습화면이 잘립니다

그리고 예약 후 교재를 바로 선택하고 싶지 않은데 홈화면으로 갈 수가 없어 앱을 종료해야 합니다.",도대체가능한별명이뭐야,2024-05-11,8.1.36
App Store,4,영어공부하는데 최고 입니다.,다만 학습 앱 인데 아이패드용 앱도 개발이 되면 좋겠습니다.(가로로 두고 학습하는데 쉽게 이용하고 싶습니다.),순두부양,2024-05-07,8.1.33
App Store,1,무슨 업데이트를 이렇게 계속하나요?,한번 켜면 무한 업데이트로 자꾸 꺼졌다 재부팅돼서 사용이 거의 불가능합니다,sil049589002,2024-04-11,8.1.28
App Store,5,굉장히 훌륭한 서비스,굿,TAC from the KOREA,2024-02-28,8.1.23
App Store,5,Victoria 님 최고!,Victoria 님과 오늘 처음 수업이었는데 프리젠테이션 준비에서 큰 도움받았습니다. 역시 하버드생은 다른 건지 문맥도 긴 설명없이 다 알아듣고 조언 인상 깊었어요. 감사합니다.,Stella vision,2024-02-27,8.1.23
App Store,1,문자 광고 공지,문자에 공지라고 써놓고 내용은 광고인데 수신거부 링크도 없고 노이즈 심하네요. 이메일에 문자에 카톡에.. 적당히 좀 하세요. 링글 잠시 쉬고 있는데 다신 안하고 싶을 정도네요.,Mmmmmmang,2024-01-31,8.1.15
App Store,1,제발 업데이트 몰아서 해주세요,"접속할 때마다 업데이트 요청이 뜨는 걸로 괴롭기는 이 앱이 처음입니다.  새로운 기능이 생기는 것도 좋지만 업데이트 알람이 더 적게 오는 게 더 낫습니다. 이건 스팸 메일 수준의 짜증남이에요. (고생하시는 개발자님께 죄송합니다, 사용자의 의견으로만 말씀드려요)",노모어어노잉,2024-01-11,8.1.11
App Store,5,아이패드,아이패드 최적화 앱은 제공할 계획 없나요?,헐래밍,2023-12-12,8.1.2
App Store,5,좋은 서비스,조금 비싸긴 하지만 확실히 좋은 서비스임. 복습 부분이 특히 좋음,Ryan.jhlee,2023-10-07,8.0.16
App Store,1,사용 시 아직 불안정한게 있어요,"매번 접속시마다 크고 작은 업데이트가 있는데 여전히 일부 기능은 사용이 원활하지 않습니다. 특히 복습은 앱에서 수업 목록이 나왔다 사라졌다 하여 개선 부탁 드립니다. 태블릿용도 있다면 더 잘 활용할 것 같아요.

09.2023추가
여전히 아이패드용 앱은 출신전인가요?",Aassddf34,2023-09-06,8.0.13
App Store,5,링글 최고,"어디서나 공부할 수 있도록 해주는 링글앱 잘 사용하고 있습니다. 
다만 다른 분들이 많이 적으셨듯 아이패드용 앱을 사용할 수 있다면, 더 편하게 영어 수업 예복습을 할 수 있을 것 같아요. 개선 부탁드려요!
화이팅!!",슈퍼소냥이,2023-08-19,8.0.11
App Store,5,아이패드용 어플,너무 좋아요!! 아이패드용으로 호환되면 너무 좋을 것 같아요,다운받고시퍼어,2023-07-27,8.0.4
App Store,5,언제나 발전하는 링글👍,"1년 정도 링글에서 수업 듣고 있는데요, 매우 만족하며 듣고 있습니다. 1년 동안 교재, 웨비나, 수업듣는 방식, 진단  등 학습을 위한 시스템이 지속적으로 발전하더라고요. 그리고 그 발전의 방향이 단순히 상술이 아니라 정말 학습자들의 실력 향상을 위한 방향으로 가고 있는 것 같아요. 언제나 애쓰시는 링글팀의 진정성이 느껴져서 사용자 입장에서도 더 열심히 듣게 됩니다. 고민하고 계신 분들이 있으시다면 자신있게 추천합니다. 한 가지 아쉬운 점이 있다면 아이패드 전용앱도 나오면 좋겠어요😅",쿸ㅋ쿠,2023-07-06,8.0.4
App Store,2,맨날 업데이트,"아니.. 무슨 업데이트를 이렇게 자주 하나요?
그리고 자꾸 멈춤니다. 너무 불편해요.
수업의 질은 아직까지 만족합니다. 앱만 좀 어떻게 안되나요",plsmakeituserfriendly,2023-05-23,7.18.3
App Store,4,아이패드 지원,"전반적으로 잘 갖춰져있는 앱이라고 생각해요 원하는 경로 찾기도 수월하구요.  
다만 제가 이 링글 사용한지 일년반? 넘었는데
아직도 아이패드 지원이 안되네요. 
패드로 영어공부 하는 분들 많을텐데요..
2년전 리뷰에도 패드지원 빠른 시일내에 지원하겠다고 하시곤 아무런 진행상황 없는 걸까요...
패드 지원 되면 정말 좋을 것 같아요. ㅠㅠ",왜글이안올라가나,2023-05-23,7.18.3
App Store,1,아이패드 최적화,"아이패드 최적화 시켜주세요
요즘 태블릿으로 공부하는게 많이 보편화됐는데 아직 태블릿 버전을 지원하지 않아 불편합니다",Janeee26,2023-05-19,7.18.0
App Store,1,링글이라는 시스템에 대한 회의,"영어 공부하고 싶은 대상이 아니라
이미 영어를 잘하는 사람들을 위한 시스템",오아sis,2023-05-16,7.18.0
App Store,5,복습 탭 누르면,"수업 예약하는 창이 떠요 오늘 하루종일 그러네요
안들어가짐",Jihye Yang,2023-03-25,7.16.5
App Store,1,이거 아이폰 호환 안되는 수준인게요?,"매번 뭐 누르면 로딩 중이고 튜터 예약하려고 클릭하면 처음에는 아무 반응없고 다시 누르면 톱니바퀴만 무한으로 돌아갑니다
참고로 제 폰은 아이폰14입니다",아로이라요,2023-03-09,7.15.30
App Store,1,수업평가시 앱 팅김,"수업평가 하려고 하면 어플이 계속 팅김 현상이
발생해서 뭘 할수가 없네요",⚡️🤮⚡️,2023-03-06,7.15.30
App Store,2,접속오류,어플에 들어가면 흰색화면만 나오고 아무 것도 실행을 할 수가 없습니다. 삭제 후 재설치해도 문제가 해결되지 않아서 그냥 컴퓨터로 링글사이트 접속해서 수업 예약해야해요...,ㅋ류융,2023-03-01,7.15.30
App Store,4,아이패드에서 이용하기에는 편하지 않아요ㅠ,"모바일 앱 정말 잘 쓰고 있는데요~
요즘 공부할 때는 아이패드를 주로 쓰는데
예습하거나 할 때 텍스트가 크게 나온채 고정이라
오히려 화면 자체는 아이패드가 폰보다 큼에도 불구하고
한 화면에서 읽을 수 있는 문장은 훨씬 적네요...

이 부분 개선 좀 부탁드려요..!",츄어츄어,2023-01-21,7.15.30
App Store,3,아이패드용,아이패드용도 나왔으면 해요,chinchinla,2023-01-14,7.15.30
App Store,3,탭 에서 공부하기가 불편해요,"탭에서 깔아도 폰과같이 작은 화면으로 나와 불편해요, 스플릿 뷰도 지원되고. Pc화면 처럼 나오면 좋을것 같아요",토끼고양이야옹,2023-01-09,7.15.25
App Store,3,업데이트 그만 좀…,"아니 서비스는 넘 좋은데… 무슨 앱 켤때마다 업데이트인가요… 배포할거는 스케줄링을 좀 해서… 정기적으로 하시지… 무슨 업데이트할게 이리 많나요… ? 앱 킬때마다 업데이트 기다려야해서 짜증납니다 ㅠㅠ 켤때 업데이트 한번, 앱켜져서 버튼 누르면 필수 업데이트 시작한다고 또 한번…  후우…",tuddii222,2023-01-05,7.15.25
App Store,5,"예복습, 콘텐츠 열람을 앱으로 할수 있어 좋아요!","저는 수업은 PC에서 많이 하는데, 예습복습이나 출퇴근길에 콘텐츠 읽거나 듣는것은 앱으로 많이 합니다. 틈날 때마다 할 수 있어서 좋아요. 바이트사이즈 피드백이라는 복습 앱푸시 서비스 베타 테스트에도 참여하고 있는데, 내가 수업에서 배운 표현을 읽고 듣고 쓰고 말하고 할 수 있어서 좋은 것 같습니다. 정규 릴리즈할 때는 더 발전해있길 바랍니다.",트러블슛니디드,2023-01-05,7.15.25
App Store,5,지금까지 써본 영어회화 서비스 중 최고입니다!!!,"평생 영어공부를 해오면서 오만가지 서비스와 공부방법을 시도해보았습니다. 그러나 다 만족스럽지 못하였고 오래 지속하지 못했습니다. 링글은 다릅니다! 세계 최고 대학 튜터들과 직접 교류하고 대화할 수 있다는게 신기하기도 하고, 수준 높은 교정과 영어를 연습할 수 있어서 너무 좋습니다!!",Dongju_v,2023-01-05,7.15.25
App Store,5,인생 튜터를..,"인생 튜터를 만난 것 같아요. 좀 고급스러운 단어를 알려주시고, 문장 구조도 새롭게 잡아줘서 좋았어요",ByeByeBay,2023-01-05,7.15.25
App Store,5,이만한 영어 서비스 없습니다.,컨텐트 퀄리티와 튜터 퀄리티가 타 서비스 대비 압도적이라고 느낍니다. 잘 사용하고 있습니다.,Chris240249,2023-01-05,7.15.25
App Store,2,1월 이후 대용량 데이터를 소진하는 에러 현상 확인요청,칼럼 플레이할 때 갑자기 앱이 강제 종료되며 폰 발열이 되고 데이터 20기가가 한번에 소진 되는 에러 현상이 잇었습니다. 현 버전 문제인듯한데 빠른 조치바랍니다.,쿠밍23,2023-01-03,7.15.25
App Store,4,아이패드 어플,"아이패드 어플이 아직도 없다는것에 놀랐습니다.
왜냐하면 지금까지 laptop으로 수업을 했었거든요!
이 점은 타 어플에 비해 떨어지는 점 입니다.",없다. 그런거,2022-12-19,7.15.15
App Store,5,2017년부터 잘 쓰고 있습니다,"링글 서비스 통해서 mba 유학 준비부터 장학금 까지 모두 성공한 케이스에요. 유학 기간 중에도 링글 투터랑 에세이 과제 도움 받고 해외 취업을 위한 인터뷰 레쥬메 작성까지 도움 받았어요. 단순한 번역이 아닌 맥락에 맞는 원어민 표현으로 배우고 쓸수 있는건 유학원 통틀어 링글 만한 곳이 없다고 자신합니다! 졸업 후에 목적이 사라지니까 자연스럽게 안쓰게 되다가, 최근에 외국계 회사 다니면서 다시 시작했어요. 그사이에 링글도 많이 진화했지만 여전히 고급 영어를 배우는 핵심은 그대로네요. 링글 진심으로 응원합니다!",윰마쓰,2022-12-14,7.15.15
App Store,5,생각보다 더 탄탄한 공부가 되네요,"링글의 학습 뎁스는 기대보다 꽤 깊습니다
교재도 엄청 많고 교재마다 예습 질문도 잘 짜여있구요 
복습 자료도 꽤 입체적이고 구체적입니다

처음엔 온라인 영어수업인데
예습-학습-복습까지 해야할 게 좀 많네 싶었거든요
근데 복습까지 마치는 루틴을 한번 돌아보니
제대로 공부한 느낌이 들어서 좋았어요

사실 오프라인이든 온라인이든 영어공부는 이렇게 하는 게 맞는 걸텐데 온라인 수업이라고 스스로 좀 라이트하게 생각했던 것 같아요

이후로도 계속 꾸준히 써볼 의향이 있습니다",변혜인,2022-12-13,7.15.15
App Store,5,출퇴근할때 편하게 보고 있어요,앱 안에 컨텐츠랑 자료들을 무료로 볼 수 있어서 이용에 부담 없어 좋습니다,환불해주세요 슈퍼차이니즈,2022-12-11,7.15.10
App Store,5,링글,"링글 어플로 퀄리티 좋은 콘텐츠들 확인할 수 있어서 출퇴근때 짬짬히 공부하기 좋음 
내가 만난 튜터들도 다 좋아서 계속 이걸로 공부할 예정 
프로모션때 결제하면 괜춘!!",yoonelisa,2022-12-08,7.15.10
App Store,5,좋아요,빠르고 보기 편해서 좋아용!,wlals3864,2022-12-07,7.15.10
App Store,5,내 영어 장벽을 허물어주는 플랫폼,"링글 없었으면 영어공부 혼자 삽질했을 생각하니 아득합니다. 튜터나 교재 퀄리티도 좋은데, 일단 유저 개선사항이 진짜 빨리 반영되는 것 같아요 ㅠ 토종 한국인으로서 외국으로 나가는 꿈을 꿀 수 있게 해줘서 넘 좋습니다",liamyoum,2022-12-07,7.15.10
App Store,5,너무 쓰기 좋음,"수업할 때 PC를 이용하지만, 출퇴근 길에 링글 앱을 이용해 수업예약/예습/북습/수업변경까지 쉽게 처리할 수 있어서 너무 좋습니다! 수업 아람도 꾸준히 푸시메세지를 해줘서 너무 든든한 서비스!!",좋운 것만 추천,2022-12-06,7.15.10
App Store,1,기획자 없습니까??,"뭔 앱이 들어갈때마다 업데이트를 합니까???
빡쳐서 링글 끊을려고 합니다",몬시터,2022-12-02,7.15.10
App Store,2,업데이트좀 그만해주세요,업데이트가 너무 잦아요 제발 좀 모아서 한번에 해주면 안되나요? 앱 들어갈때마다 1분넘게기다리는게 기본이네요,Dkswldug,2022-11-19,7.15.10
App Store,5,링글 뭐임?,"제가 진찌 이런 리뷰 안남기는데 링글은 영어회화에 있어서 혁신적입니다. 이게 한국에서 만들어진건가요?? 그렇다면 매우 자랑스러울 것 같습니다. 진짜 이앱은 미쳤고 너무 체계적이고 진짜 미쳤읍니다…….,,,.. 다만 단점은 좀 비싸다는거? 긍데 비싼값을 합니다.!! 이 리뷰보는 여러분들 당장 링.글 하세요🥹🥹🥹",jangni1031,2022-11-19,7.15.10
App Store,3,어플 접속이 안되고 계속 업데이트만 반복돼요,"어플 접속이 안되고 계속 업데이트만 반복돼요.
어플을 지웠다가 새로 다시 깔아도 마찬가지입니다.",Jeongmish,2022-11-15,7.15.4
App Store,1,어플은 대체...,"정말 만족하면서 링글 이용중입니다. 그런데 어플은 좀 어떻게 잘 안될까요? 매번 들어갈때마다 업데이트 한다고 로딩걸리고, 제대로 실행 안되는 경우도 너무 많고요. 어플 정상화 좀 제발 부탁드립니다",링글러,2022-11-09,7.15.4
App Store,3,업데이트 너무 많이해요,하루에도 몇 번씩 업데이트 하네요.. 앱 들어갈때마다 업데이트가 돼요,국민화나게만드네,2022-10-07,7.14.1
App Store,3,업데이트로 인한 불편,요즘 앱 접속 전 업데이트가 너무 오래 걸려서 불편합니다,ddwkim,2022-09-24,7.13.1
App Store,5,넘 잘 쓰고 있어요,"링글 초대코드로 가입하면 5만 포인트 줘서 좋아요~!
초대코드: 0753cd",casien,2022-08-30,7.10.0
App Store,5,링글 어플 덕분에,"도서관에서도 수업 후 복습도 하고 체계적으로 제 상태를 확인할 수 있어서 너무 좋습니다 어플이 정말 쾌적합니다
그런데 아이패드를 이용하는 사람으로서 부탁드리자면 링글 어플은 분할 화면을 사용할 수 없습니다. 보통 영어 공부할 때 노트 어플이나 네이버 사전 등을 같이 활용하는데 분할 화면을 사용할 수 없으면 다소 불편합니다
또 테블릿 PC 사이즈에 맞지 않아 사용이 다소 불편합니다 가로보기로 보려고 해도 세로보기만 가능하다든지 핸드폰 사용자에겐 별 문제 아닐 수 있지만 테블릿 사용자는 다소 불편하네요
다음 업데이트 때는 반영되면 좋겠습니다. 좋은 프로그램 만들어주셔서 감사합니다.",윌리 닐리 링글,2022-08-30,7.10.0
App Store,4,다 좋은데 한가지 아쉬운 점,너무 잘쓰고 있어요! 근데 아이패드로 앱 켰을 때 split view가 안돼서 좀 불편하네요~~ 이 점만 고쳐진다면 아이패드로 수강하고 복습할 때 엄청 편할 것 같습니다! 감사합니다!!,노드스트롬,2022-08-10,7.9.1
App Store,5,서비스는 너무 좋으나 안 켜집니다,"링글 너무너무 좋습니다
그런데 서비스가 느리고 불안정합니더",와플수학재밌어,2022-07-24,7.7.0
App Store,2,앱이 안들어가져요,시작 화면에서 흰 화면만 뜹니다,꾸꾸루룽룽,2022-07-19,7.7.0
App Store,2,알림 설정 > 수업 스케줄 변경 알림,수업 스케줄 변경 알림만 들어가면 앱이 튕겨요 제가 찜한 선생님들 수업 스케줄이 변경될 때마다 제가 알림을 받아야 할까요..? 이거 알림 끄고 싶은데 저기만 들어가면 앱이 튕겨요 조치 바랍니다,깜깜2222,2022-07-15,7.7.0
App Store,5,자료를 보면 돈이 나가나요?,"굉장히 좋은 질의 자료가 많더라고요! 그런데 이런 자료들을 튜터와 수업을 하지 않는다면 못보는건가요? 돈을 내지 않고는 자료를 못 보는건지 궁금하네요,,",에렘씨,2022-06-09,7.6.4
App Store,5,항상 잘 쓰고 있습니다.,다만 아이폰 단축어나 특정 시간에 알람처럼 교재를 플레이할 수 있는 기능이 있으면 너무 좋을 것 같아서 의견 남겨봅니다.,미야아ㅏㅇ아ㅏ앙,2022-05-15,7.6.2
App Store,5,아이패드 앱 화면공유기능,업데이트 부탁드립니다!,새킴,2022-05-13,7.6.2
App Store,2,화상 수업 말고 다른 부분들은 많이 부족해보인다,화상수업도 원하는 튜터가 시간을 안 여는 경우가 많다!,미도라가와,2022-02-18,7.5.0
App Store,5,잘 사용하고 있습니다,링글 앱 잘 사용하고 있습니다~,RickADhabi,2022-02-08,7.5.0
App Store,4,아이패드 전용 앱 언제 나올까요?,"아이패드에서 볼때 가로 버전으로 화면이 안 나오니 공부 예습 복습 하는데 불편합니다. ㅡㅡ;
빨리 도와주세요.",아름드리3705,2021-11-20,7.1.2
App Store,4,아이패드 사용자입니다,앱이 이번 업데이트 이후로 계속 안 들어가져요ㅠㅠ 그리고 아이패드 버전도 만들어주시면 좋겠어요,링글좋아요,2021-10-08,7.1.0
App Store,4,회원탈퇴,회원 탈퇴하려면 어떻게 해야 되나요,fxx sxx,2021-09-20,7.0.5
App Store,4,다크모드,"지원되면 더 좋을 것 같아요!! 😭
어플이 편리하구 좋습니당 ㅎㅎㅎ",진서현,2021-09-09,7.0.5
App Store,2,링글 후기,"원래 PC로만 수업을 수강하는데 후기를 남길 곳이 없어 
어플을 다운받아서 이렇게 후기 남깁니다
3개월 가량 사용했는데 등록된 튜터는 많으나 
실제로 예약 가능한 튜터는 예약이 어렵거나 
새벽시간이 예약하기가 쉽지 않습니다
또한, 고객센터도 채팅으로만 받기 때문에 답변을 
받는데 시간이 너무 오래 걸립니다
저렴한 가격이 아닌데 구매한 금액에 비해 운영 서비스가 미흡한것 같습니다….",yooms0103,2021-09-01,7.0.5
App Store,5,잘쓰고있습니다,"1년째 링글 사용 중입니다
살면서 이만큼 유용한 앱이 있나 싶어요
가로모드 지원만 좀 되면 좋겠습니다 ㅎㅎ",날라뇽,2021-07-11,6.6.0
App Store,4,아이패드 버젼,"링글 잘 사용하고 있어요
다만 아이패드에서 수업 구동 안되는거 너무 불편해요
아이패드 버젼 개발 부탁해요",좋은앱편해요,2021-07-10,6.6.0
App Store,4,장소 제약없이 예습 및 예약하기 편하게 잘 만든 앱입니다,다만 한가지 아쉬운점은 강의 녹음을 다시 들을 때 휴대폰 발열이 꽤 높아지는것인데 손이 따뜻해질 정도입니다. 유튜브로 영상볼때에도 이정도는 아닌 것 같은데 최적화가 필요 해 보입니다. 추측으로는 녹음파일과 스크립트의 재생 싱크를 맞추는 과정에 많은 계산이 있지 않을까 합니다. 의견 검토해주시고 앱이 더 나아지길 바라겠습니다.,ShuffleDev,2021-06-16,6.5.3
App Store,1,대중교통 이용할때 쓰고싶은데,복습화면에서 계속 꺼지고 리셋됩니다 개선좀..,ㅂ닙진,2021-06-04,6.5.0
App Store,1,업데이트 했는데 계속 업데이트하라고 떠요,업데이트 다 했는데 맨날 들어갈 때마다 업데이트 알림이 떠서 진짜 짜증나고 번거로워요 ㅠㅜ 이것 좀 얼른 고쳐주세요!!,Zooey L,2021-05-31,6.5.0
App Store,1,업데이트 했는데 계속하라고 하고,툭하면 꺼지고 업데이트 누르면 초기 화면으로 돌아가고 왜그러는건가요? Ios도 최신버전인데 허구헌날 접속만 하면 업데이트 팝업 뜨고 홈화면으로 돌아가고 평가도 안먹혀서 피드백 안될때도 많고 제발 돈값좀 했으면 좋겠어요.,따릉2348382,2021-05-23,6.5.0
App Store,4,링글 핵심은 전공자랑 대화할 수 있다는 거,"지금 내 나이대에 영어 배우는 목적은 오로지 하나..

내 전공 분야에 대해서 표현하고 싶다는 것임

링글은 이 목적을 이룰 수 있게 해주는 유일 무일한 영어교육 서비스임",iOS engineers,2021-04-23,6.2.2
App Store,3,잘쓰고있긴한데 오류 수정 좀 제발..,"오류가 잊을만 하면 자꾸 생겨서 스트레스 받네요
영어 공부하기 좋고 도움이 많이 되고는 있지만 오류 문제 바로바로 케어 부탁드려요",Good to creativity,2021-04-13,6.2.0
App Store,3,프로그램은 좋은데 앱자체는..,프로그램은 좋은데 앱 자체가 매끄럽게 돌아가진 않음. 수업 예약하다가 가끔 뻑남.,이료일죠하,2021-04-04,6.2.0
App Store,5,너무 좋습니다,UX도 깔끔하고 튜터분들도 다들 좋으세요. 추천합니다.,skdjcicklwnws,2021-04-03,6.2.0
App Store,5,링글 안하는 사람 바보,"영어 공부라는게 미드 보면서 느는게 전혀 아닌데, 막상 공부하려고 하니 힘들어서 공부를 못 하고 있었음 
근데 확실히 링글에서 아이비리그 튜터들이랑 만나면서 수업하고 앱 확인하면서 웨비나랑 링글 교재 읽으니까 영어가 쑥쑥 늘었음 
원래 영어에 자신감이 없었는데 링글 하면서 영어에 자신감이 생김 
원래 리뷰 잘 안남기는데 응원하고 싶어서 남김",song:))))))))),2021-03-24,6.1.6
App Store,5,용이하게 잘 쓰고 있어여!,출근할때 지하철에서도 많이 사용하는데 너무 편해요 진짜 아침에 준비해서 밤에 회화 하면 하루 알차서 기분좋음,행복한창문,2021-03-16,6.1.4
App Store,5,개선 빠른 링글 최고🙌🏻,링글을 만나 누구보다 재밌게 영어공부 하는 중입니다. 사소한 의견도 바로 반영해주셔서 만족스럽습니다. 영어로 꿈을 이루는 그날 까지,별것도아냐,2021-03-15,6.1.4
App Store,5,아이패드 가로모드,"가로모드 기능이 속히 추가되어야 합니다. 
또한 아이패드로 수업을 들을 때에 편리하고 유용한 기능을 추가해주세요",똥랑스,2021-03-07,6.1.2
App Store,5,진짜 튜터 일정 업뎃 하고 들어가면 업뎃 안되어있다구요,ㅡㅡ 진짜 답답,Nounomi,2021-02-18,6.0.2
App Store,4,좋은데 아이패드 버전 만들어주세요,아이패드로 듣고 싶은데 모바일 버전만 가능해서 불편합니다. 아이패드에도 적용되는 버전 만들어주세요,코카카바냐냐냐냐냐,2021-01-29,6.0.2
App Store,1,앱이 제대로 동작을 안해요 중간중간 멈치고...,"앱에 제대로 투자를 해주세요.
복습,예습 하기가 어려워요.....",조단1997,2021-01-12,6.0.1
App Store,1,진짜 아이패드용 앱 개발해주세요,앱이있다고해서 다운받았는데 이건 그냥 모바일버전 웹페이지 바로가기네요.... 없느니만 못합니다....,옛날제리,2021-01-02,6.0.1
App Store,1,업데이트,"업데이트 하고 나서 너무 별로에요 한 개도 나아진게 없어서 도대체 왜 업데이트 하신건지 모르겠네요... 튜터 리뷰도 어디서 보는지 모르겠고, 이전 버전에서는 24시간 수업 신청 전에 튜터 이름 클릭하면 리뷰 볼 수 있었는데 지금은 안보이고 튜터 검색도 어디서 하는지 모르겠어요!",congsoy,2021-01-01,6.0.1
App Store,5,서비스 매우 좋은데 앱은 조금 불편합니다,"그래도 서비스에 대한 애정으로 5점 드릴게용

Intermediate high ~ advanced low 정도의 레벨을 가지고 영어 배우는 사람입니다. 학원에 가면 어드밴스드는 잘 안 열리고, 인터미디엇은 레벨 차이가 심해서 과외를 찾아보던 중 괜찮은 대체제 같아서 시작하게 되었어요. 지금 60회 이상 수강한 나름 헤비유저라고 생각했는데 100회 넘기신 분도 많더라고요.. 겸손해집니다...

한국에서는 독보적인 서비스라고 생각하고, 영어 때문에 고생도 많이하고 걱정도 많았는데 링글 시작하고서 영어가 제일 재미있어졌어요. 새로운 사람과 대화하는 것도 즐겁고 교재를 통해 이것저것 깊게 배우는 것도 재미있습니다. 영문법부터 배우는 영어 질리신 분들께 너무너무 추천하고 일단 정착하는 순간부터 만족도가 수직 상승하리라고 장담합니다.

다만 컨텐츠가 많다보니 정착에서 조금 허들이 높고ㅠㅠ 수업 준비도 빡세게 해야해서 바쁜 분들은 이용하기 어려워하시더라고요.. 저도 여러번 영업했는데 일단 10번 이상 사용해야 정착할 수 있는것 같아서 그 부분에 대한 고민이 필요해보입니다. 또한 매번 수강신청처럼 되는 수업 예약도 허들이고, 초반 유저는 인기 튜터를 만나기 어려운 것도 단점이에요.

그리고 앱이 너무나도 아쉬운데 정말 많이 튕깁니다ㅠㅠ 특히 튜터 스케쥴 알림이 떠서 들어올 때 안정성이 매우 낮은데 그 이유를 모르겠어요.. 저는 조금 기다렸다가 예약을 시작하는데 그러면 좀 괜찮습니다. 그리고 녹음 기능도 좀 불안정한 것 같아요. 벌써 세번이나 연달아 녹음이 안 됐습니다ㅠㅠ 링글 솔직히 한번 듣고 끝내기엔 수업 너무 충실한데 아쉬워용... 링글 블로그도 굉장히 알차고, 링글 자체에도 컨텐츠가 많은데 활용하기가 어려운 것 같아서 그 부분도 연결해주면 좋겠습니다...!

진짜 애정을 갖고 사용하는 서비스라 길게 적어봤습니다... 영어 때문에 고생하시는 분들 다들 화이팅하시고... 링글 팀 분들도 늘 감사하다는 말씀을 전하며 저는 추천 코드 남기고 갑니다... 번창하세용

추천코드 = de856a",tellmewhatisnottaken,2020-11-27,5.2.8
App Store,1,올해 초까지만 해도 좋은 교육 프로그램이었음. 이제는 아님.,"코로나19전 링글 서비스 평가

양질의 강사진 (아직 실력 좋으신 분들 많이 남아 있지만, 이땐 더 많았음)

적절한 가격 (100만원 이상 제품 구매 시. 지금과 다르게 2시간 전 긴급취소 수업 듣기 그리 어렵지 않아 가성비 나쁘지 않았음)

하지만 코로나19 이후

사용자는 급증하는데 강사 풀 감소. 수업 듣기 어려워짐

(인기 강사 수업 구하기는대학 수강신청급으로 바뀜)

긴급취소수업 듣기 어려워지니 강사 풀을 보강하는게 아니라 긴급취소수업 듣기 어렵다고 하셔서 수업을 없애드렸읍니다^^ 시전.

내년에 크레딧 구매할 의향 없음. ㅂㅂ",11뉴비,2020-11-05,5.2.8
App Store,1,아이패드 전용 앱 개발 요청,"진정한 아이패드 전용 앱을 개발해주세요.
지금은 웹 뷰를 단순히 띄우는 형태로 개발되어 있어서 사용성이 정말 떨어지네요. 대표적으로 가로 모드가 지원되지 않는 이유도 그런 거겠죠? 굳이 앱을 설치하지 않고, 브라우저로 접속하는 게 훨씬 나을 정도에요. 이럴 거면 아이패드 앱을 릴리지 안 하는 게 더 나을 것 같네요.",또또둥둥이,2020-09-12,5.2.3
App Store,1,엉망임,앱이나 잘 만드시고 홍보를 하세요.,최악인정,2020-08-15,5.2.3
App Store,1,별한개도 아까움. 체험수업 예약 기능이 계속 로딩만,"마케팅 광고비 엄청 쓰던데..
앱이 엉망인건 안고치나봄
고객센터(카톡 및 인앱 상담) 답변 없음 8/6, 8/11일
체험 수업도 안하고 그냥 gg 해버림.
아 인스타 광고 정말 믿지 말아야지 하면서도 다운로드 했는데 정말 이렇게 신물나는 서비스는 처음. 
대표 얼굴 박아놓고 광고하면서 앱 오류가 며칠씩 방치되고 고객센터는 답변없고 정말 이렇게 서비스
할거면 뭐하러 하나 싶음. 아 정말 이렇게 하지 맙시다.!!!! 휴!",ㄱㅅㄹㄹㄹ,2020-08-11,5.2.2
App Store,1,수업이 2시간 전인데 갑자기 앱이 안되네요,수업 직전에 갑자기 앱이 맛이가서 안열려요 돈날렸어요,Inu3355,2020-07-10,5.2.1
App Store,3,갑자기 안 열려요,"잘 쓰고 있었는데, 갑자기 안열려요.
앱을 키면 화면이 열리다가 바로 꺼져요. 화면이 사라져요 ㅠㅠ
아이폰을 껐다켰는데도 안되네요.
버그일까요?
모바일로도 듣는데 해결 좀 부탁드려요",초코누나502,2020-07-10,5.2.1
App Store,1,체험 예약에서 멈춰요,회원가입 후 공지부터 뜨고 체험 예약을 해도 앱이 먹 통 입니다,나도몰랐던멤버쉽가입,2020-07-09,5.2.1
App Store,3,아이폰6+,오류 너무많이나요..,아로ㅓ라,2020-06-27,5.2.1
App Store,1,불편,아이패드로 보기엔 너무작고 세로로만 지원됨,즨우,2020-06-25,5.2.1
App Store,1,앱 크래시되는 이슈는 제발 좀 해결해주세요,"답안 작성하고 있는데 자동 저장도 안 되고 앱이 죽어서 내용 날아갈 때가 많아요, 예습이나 복습 중에 갑자기 리프레시 되면서 메인으로 이동해버리기도 하고요. 너무 불편하고 안정성도 떨어져서 앱 사용 안 하게 됩니다......... 앱 업데이트 좀 해주세요. 온라인 서비스인데.. 이럴 때마다 서비스 사용하기 싫어져요.",포중,2020-06-24,5.2.1
App Store,2,"컨텐츠는 평범, 앱은 너무 불안정","영어 교육 앱 중에서 불안정성, 버그 등등이 제일 안좋음. 유료서비스 그것도 꽤 고가에 포지셔닝 되어 있는데 자꾸만 유저 인내심을 시험함...",rumble88,2020-06-05,5.2.1
App Store,1,수강신청 불편해요,"앱 업데이트 기대했는데 ㅠㅠㅠㅠ 이게 뭔가요 ㅠㅠㅠㅠ
수강신청 페이지 직관적이지 않고 복잡하네요 ㅠㅠㅠㅠㅠㅠㅠ",튜튜튜123,2020-05-25,5.2.0
App Store,3,가로앱,가로앱 안되서 아이패드에서 쓰기 너무 불편해요 ㅠㅠ,jossss27353,2020-03-31,5.0.6
App Store,1,코로나 바이러스로 장사 영업하는 사기업체,돈만 빼먹고 안되는 강의 비싸게 받아쳐먹는 업체,ssammaa,2020-03-12,5.0.0
App Store,1,비추입니다,앱이 버벅거리고 수강 신청 시스템이 너무 불편한데 일정기간이 지나면 구매한 크레딧이 소멸되는 유효기간까지 있어요. 전반적으로 서비스 품질이 굉장히 낮아요. 정말 비추입니다.,이시국에저품질혈세스타트업노!,2020-03-01,4.9.9
App Store,1,업데이트 오류,업데이트를 완료했는데도 홈 화면에는 또 다시 업뎃 알림이...앱을 종료했다 다시 실행해도 업데이트 알림만 뜨고 도무지 수강신청을 할 수가 없네요.,Christy201203,2019-11-03,4.6.9
App Store,5,아이폰6+유저입니다,잘 쓰고있습니다.그런데 앱사용 도중에 자주 앱이 꺼집니다. 오류 수정이 있었으면 좋겠습니다!,enenmin,2019-10-03,4.6.4
App Store,5,수업질과 어플의 깔끔함,"어플 전체적인 디자인과 버벅임 없는 깔끔함이 너무 좋네요, 1대 1로 수업을 한다는게 너무 좋습니다.
링글 화이팅",곽대위,2019-07-04,4.2.2
App Store,1,업데이트하고나니 구글 로그인 버튼이 안눌려요,"업데이트를 했는데 로그인이 풀렸습니다.
(하지만 push 알람은 오고있네요)
구글로그인버튼이 아예 안눌려서 로그인을 못하고..

예전부터 느끼지만 앱이 너무 불안정한거같아요.
더불어 아이패드 가로모드 대응은 언제되나요?

내일 수업인데 그전에 수정이 될까요..?",챤챳,2019-05-30,4.0.1
App Store,5,업데이트 하고 구글 로그인이 안되요,구글 로그인 클릭이 안되요,pjm1121,2019-05-29,4.0.1
App Store,4,가로앱 기능 추가 부탁드려요,"다른건 다 좋은데 가로앱 기능이 안되서 아이패드로 불편하네요
그리고 추후에는 앱에서도 선생님과 수업중에 노트테이킹하는거 동시에 볼수 있었으면 합니다
지금은 아이패드로 수업하면서 컴퓨터 화면으로 보고 있어서 조금 불편해요
이런점을 제외하고는 다 만족스럽습니다:) 하이팅",정재리,2019-01-08,3.2
App Store,5,오래 기다렸습니다.,"모바일 웹으로 수강신청하며 앱이 없는 게 늘 아쉬웠는데, 드디어 나와서 정말 반갑습니다 :) 감사합니다!",yoonkhong,2017-02-13,1.0
App Store,5,유용합니다,오디오 듣는데 앱을 꺼도 재생이 되네요! 아직 수업은 안듣지만 자주 앱 들어가면서 링글과 친해져볼게요 ㅎㅎ,오시마123,2017-02-08,1.0
App Store,5,드디어,"아이폰 앱 나왔네요 
수업 예약하고 다른 외부 일정이 생기는 경우가 생겨서 불안했는데 다행입니다",유저 포 지메일,2017-02-08,1.0
