title,url,search_keyword,company,source_type,source_platform,content,collected_at
해커스토익 왕기초 인강으로 공부 시작한 초보 후기 (+ 선생님 추천!),https://blog.naver.com/giveapeck/224056236726,해커스토익,hackers,blog,naver_blog,,2026-01-18T14:18:28.662609
"해커스어학원 강남 토익 강의로 940점 달성! (수강신청, 자습실 후기)",https://blog.naver.com/hackershistory/224131962638,해커스토익,hackers,blog,naver_blog,,2026-01-18T14:18:28.860303
해커스 토익학원 온라인 실시간 라이브 강의 수강 후기,https://blog.naver.com/rocketman717/224099254415,해커스토익,hackers,blog,naver_blog,,2026-01-18T14:18:28.931883
"해커스 종로 토익학원 현강 후기, 815점 달성 성공!",https://blog.naver.com/hackerstalk11/224097113085,해커스토익,hackers,blog,naver_blog,,2026-01-18T14:18:28.998424
"토익 파트3 잘하는 법, 문제 푸는 핵심 꿀팁 총정리
블로그1시간 전",https://blog.naver.com/hacademia/224147618362,해커스토익,hackers,blog,naver_blog,,2026-01-18T14:18:29.096450
"OPIC IH 등급 받은 후기! 오픽 준비 이렇게 했어요.
블로그1일 전",https://blog.naver.com/hacademia/224145928204,해커스토익,hackers,blog,naver_blog,,2026-01-18T14:18:29.107936
"대구 동성로 토익학원 노베도 600점 훌쩍 넘긴 기초반 후기
블로그2일 전",https://blog.naver.com/hacademia/224144821956,해커스토익,hackers,blog,naver_blog,,2026-01-18T14:18:29.119444
"토익스피킹 vs 오픽 비교! 차이점 한눈에 보기
블로그5일 전",https://blog.naver.com/hacademia/224140716399,해커스토익,hackers,blog,naver_blog,,2026-01-18T14:18:29.141286
"토익공부법 2026년 새해 목표 달성하려면 어떻게 해야 할까?
블로그1주 전",https://blog.naver.com/hacademia/224139282447,해커스토익,hackers,blog,naver_blog,,2026-01-18T14:18:29.209892
"2026년 토익스피킹 시험일정 및 접수기간부터 AL 후기까지
블로그1주 전",https://blog.naver.com/hacademia/224138092581,해커스토익,hackers,blog,naver_blog,,2026-01-18T14:18:29.220423
@chaewoomda,https://blog.naver.com/extraordinaryoung,해커스토익,hackers,blog,naver_blog,,2026-01-18T14:18:29.460343
해커스라이브로 토익 한 달 공부하면 얼마나 달라질까? 한 달 실천 후기,https://blog.naver.com/extraordinaryoung/224093008225,해커스토익,hackers,blog,naver_blog,,2026-01-18T14:18:29.487613
[해블리 12기] 토익 독학 공부법 해커스 토익 인강 후기,https://blog.naver.com/been878/224098104191,해커스토익,hackers,blog,naver_blog,,2026-01-18T14:18:29.554231
기본 영어회화 인강 하루 10분 학습 해커스톡 후기 (+ 새해 할인),https://blog.naver.com/hackersjapan/224139329263,해커스 영어,hackers,blog,naver_blog,,2026-01-18T14:18:46.356609
[1 주차] 내돈내산 해커스토익 영어 노베이스 도전기,https://blog.naver.com/slowbite/224069798476,해커스 영어,hackers,blog,naver_blog,,2026-01-18T14:18:46.499657
[0 주차] 내돈내산 해커스토익 영어 노베이스 도전기,https://blog.naver.com/slowbite/224061550999,해커스 영어,hackers,blog,naver_blog,,2026-01-18T14:18:46.530825
[해커스톡후기]7개월차. 공부가 잘 안되면 기존거 반복해서 들으면 머리에 잘 들어와요.,https://blog.naver.com/maragua/224104873146,해커스 영어,hackers,blog,naver_blog,,2026-01-18T14:18:46.580613
"영어 공부 시작하는 법? 해커스톡 영어회화 새해 한정 할인 기회 잡자!
공지블로그2주 전",https://blog.naver.com/hackerstalk11/224134927981,해커스 영어,hackers,blog,naver_blog,,2026-01-18T14:18:46.878318
"영어회화공부혼자하기 과정! 왕초보도 독학 성공한 비결
블로그1시간 전",https://blog.naver.com/hackerstalk11/224148791646,해커스 영어,hackers,blog,naver_blog,,2026-01-18T14:18:46.888277
"[TOEIC] 토익 시험 준비 과정, 라이브 강의로 825점 달성한 후기
블로그21시간 전",https://blog.naver.com/hackerstalk11/224146333766,해커스 영어,hackers,blog,naver_blog,,2026-01-18T14:18:46.898252
"hsk 5급 독학 공부 후 250점 이상 시험 합격한 후기
블로그23시간 전",https://blog.naver.com/hackerstalk11/224147481656,해커스 영어,hackers,blog,naver_blog,,2026-01-18T14:18:46.908048
"직장인영어회화학원 강남으로 퇴근 후 수업 다닌 후기
블로그1일 전",https://blog.naver.com/hackerstalk11/224147496930,해커스 영어,hackers,blog,naver_blog,,2026-01-18T14:18:46.922596
"기초 중국어 회화 책 추천! 입문자 맞춤 교재 후기
블로그2일 전",https://blog.naver.com/hackerstalk11/224147377567,해커스 영어,hackers,blog,naver_blog,,2026-01-18T14:18:46.937174
"성인 영어회화 독학 성공 노하우, 하루 10분으로 가능해요
블로그2일 전",https://blog.naver.com/hackerstalk11/224147491214,해커스 영어,hackers,blog,naver_blog,,2026-01-18T14:18:46.969825
"토익스피킹인강 수강 후기 토스 IH 수준 단번에 취득한 비법 공유해요!
블로그2일 전",https://blog.naver.com/hackerstalk11/224147789231,해커스 영어,hackers,blog,naver_blog,,2026-01-18T14:18:46.980960
토익 노베이스 서면 파고다어학원 더쎈토익 700+ 1개월 완성반 3.4주차 수업후기(동아대 추천)✨️,https://blog.naver.com/qwerty6254/224129632539,파고다토익,hackers,blog,naver_blog,,2026-01-18T14:19:03.516239
구한량서영의 현실결혼,https://blog.naver.com/dlwntjs0613,파고다토익,hackers,blog,naver_blog,,2026-01-18T14:19:03.658075
강남토익학원 강남파고다에서 토익점수 만들기 도전! 솔직후기 담아봅니다,https://blog.naver.com/dlwntjs0613/224119076066,파고다토익,hackers,blog,naver_blog,,2026-01-18T14:19:03.689344
[파고다어학원 강남] 토익 단기완성 후기｜강남토익학원 강남파고다 첫단추 수강기,https://blog.naver.com/happyjudy_/224112357369,파고다토익,hackers,blog,naver_blog,,2026-01-18T14:19:03.756015
첫단추토익 500~600+ 목표 1개월 완성반 점수보장반 주4일 후기｜강남토익학원·강남파고다,https://blog.naver.com/happyjudy_/224129507446,파고다토익,hackers,blog,naver_blog,,2026-01-18T14:19:03.786168
zzo_ong님의 블로그,https://blog.naver.com/zzo_ong,파고다토익,hackers,blog,naver_blog,,2026-01-18T14:19:03.958701
파고다환급반- 토익인강추천,https://blog.naver.com/zzo_ong/224122645610,파고다토익,hackers,blog,naver_blog,,2026-01-18T14:19:03.986079
"토익 진리 켈리정
blog.naver.com›mjjg524",https://blog.naver.com/mjjg524/223283397898,파고다토익,hackers,blog,naver_blog,,2026-01-18T14:19:04.392418
"동글이
blog.naver.com›real_circle_",https://blog.naver.com/real_circle_/222092554099,파고다토익,hackers,blog,naver_blog,,2026-01-18T14:19:04.517897
토익인강추천_파고다환급반을 추천할 수 밖에 없는 이유!!,https://blog.naver.com/mint_lee_/224103663375,파고다토익,hackers,blog,naver_blog,,2026-01-18T14:19:04.707102
